2026-01-05 12:41:29,653 - INFO - Starting collection script
2026-01-05 12:41:39,198 - INFO - Total stocks found: 4233
2026-01-05 12:41:39,384 - INFO - Downloading 0126Z0 (삼성에피스홀딩스)...
2026-01-05 12:41:39,463 - INFO - Downloading 064400 (LG씨엔에스)...
2026-01-05 12:41:39,469 - INFO - Downloading 0043B0 (TIGER 머니마켓액티브)...
2026-01-05 12:41:39,510 - WARNING - Empty data for 064400
2026-01-05 12:41:39,510 - INFO - Downloading 031210 (서울보증보험)...
2026-01-05 12:41:39,546 - WARNING - Empty data for 031210
2026-01-05 12:41:39,546 - INFO - Downloading 439260 (대한조선)...
2026-01-05 12:41:39,584 - WARNING - Empty data for 439260
2026-01-05 12:41:39,584 - INFO - Downloading 0117L0 (KODEX 26-12 금융채(AA-이상)액티브)...
2026-01-05 12:41:39,741 - ERROR - Error downloading 0126Z0: 404 Client Error: Not Found for url: https://query2.finance.yahoo.com/v8/finance/chart/0126Z0?period1=-32400&period2=1735570800&interval=1d&includeAdjustedClose=true
2026-01-05 12:41:39,741 - INFO - Downloading 483650 (달바글로벌)...
2026-01-05 12:41:39,762 - ERROR - Error downloading 0043B0: 404 Client Error: Not Found for url: https://query2.finance.yahoo.com/v8/finance/chart/0043B0?period1=-32400&period2=1735570800&interval=1d&includeAdjustedClose=true
2026-01-05 12:41:39,763 - INFO - Downloading 0139F0 (TIGER 12월자동연장금융채(AA-이상)액티브)...
2026-01-05 12:41:39,779 - WARNING - Empty data for 483650
2026-01-05 12:41:39,780 - INFO - Downloading 305540 (TIGER 2차전지테마)...
2026-01-05 12:41:39,863 - ERROR - Error downloading 0117L0: 404 Client Error: Not Found for url: https://query2.finance.yahoo.com/v8/finance/chart/0117L0?period1=-32400&period2=1735570800&interval=1d&includeAdjustedClose=true
2026-01-05 12:41:39,872 - INFO - Downloading 0072R0 (TIGER KRX금현물)...
2026-01-05 12:41:39,877 - INFO - Success 305540
2026-01-05 12:41:39,877 - INFO - Downloading 012630 (HDC)...
2026-01-05 12:41:39,951 - INFO - Success 012630
2026-01-05 12:41:39,951 - INFO - Downloading 181710 (NHN)...
2026-01-05 12:41:40,029 - INFO - Success 181710
2026-01-05 12:41:40,029 - INFO - Downloading 003530 (한화투자증권)...
2026-01-05 12:41:40,095 - ERROR - Error downloading 0139F0: 404 Client Error: Not Found for url: https://query2.finance.yahoo.com/v8/finance/chart/0139F0?period1=-32400&period2=1735570800&interval=1d&includeAdjustedClose=true
2026-01-05 12:41:40,095 - INFO - Downloading 436140 (SOL 종합채권(AA-이상)액티브)...
2026-01-05 12:41:40,108 - INFO - Success 003530
2026-01-05 12:41:40,108 - INFO - Downloading 075580 (세진중공업)...
2026-01-05 12:41:40,149 - INFO - Success 436140
2026-01-05 12:41:40,149 - INFO - Downloading 479080 (1Q 머니마켓액티브)...
2026-01-05 12:41:40,153 - ERROR - Error downloading 0072R0: 404 Client Error: Not Found for url: https://query2.finance.yahoo.com/v8/finance/chart/0072R0?period1=-32400&period2=1735570800&interval=1d&includeAdjustedClose=true
2026-01-05 12:41:40,153 - INFO - Downloading 0061Z0 (RISE 단기특수은행채액티브)...
2026-01-05 12:41:40,176 - INFO - Success 075580
2026-01-05 12:41:40,176 - INFO - Downloading 760009 (키움 CD금리투자 ETN)...
2026-01-05 12:41:40,195 - INFO - Success 479080
2026-01-05 12:41:40,195 - INFO - Downloading 030190 (NICE평가정보)...
2026-01-05 12:41:40,227 - INFO - Success 760009
2026-01-05 12:41:40,227 - INFO - Downloading 494670 (TIGER 조선TOP10)...
2026-01-05 12:41:40,274 - INFO - Success 494670
2026-01-05 12:41:40,274 - INFO - Downloading 469830 (SOL 초단기채권액티브)...
2026-01-05 12:41:40,275 - INFO - Success 030190
2026-01-05 12:41:40,275 - INFO - Downloading 006650 (대한유화)...
2026-01-05 12:41:40,319 - INFO - Success 469830
2026-01-05 12:41:40,319 - INFO - Downloading 114090 (GKL)...
2026-01-05 12:41:40,356 - INFO - Success 006650
2026-01-05 12:41:40,356 - INFO - Downloading 064960 (SNT모티브)...
2026-01-05 12:41:40,404 - INFO - Success 114090
2026-01-05 12:41:40,404 - INFO - Downloading 317450 (명인제약)...
2026-01-05 12:41:40,430 - INFO - Success 064960
2026-01-05 12:41:40,430 - INFO - Downloading 195870 (해성디에스)...
2026-01-05 12:41:40,445 - WARNING - Empty data for 317450
2026-01-05 12:41:40,445 - INFO - Downloading 481060 (KODEX 미국30년국채타겟커버드콜(합성 H))...
2026-01-05 12:41:40,457 - ERROR - Error downloading 0061Z0: 404 Client Error: Not Found for url: https://query2.finance.yahoo.com/v8/finance/chart/0061Z0?period1=-32400&period2=1735570800&interval=1d&includeAdjustedClose=true
2026-01-05 12:41:40,457 - INFO - Downloading 395270 (HANARO Fn K-반도체)...
2026-01-05 12:41:40,491 - INFO - Success 481060
2026-01-05 12:41:40,491 - INFO - Downloading 395160 (KODEX AI반도체)...
2026-01-05 12:41:40,506 - INFO - Success 195870
2026-01-05 12:41:40,506 - INFO - Downloading 005690 (파미셀)...
2026-01-05 12:41:40,512 - INFO - Success 395270
2026-01-05 12:41:40,512 - INFO - Downloading 497570 (TIGER 미국필라델피아AI반도체나스닥)...
2026-01-05 12:41:40,555 - INFO - Success 497570
2026-01-05 12:41:40,555 - INFO - Downloading 000670 (영풍)...
2026-01-05 12:41:40,557 - INFO - Success 395160
2026-01-05 12:41:40,557 - INFO - Downloading 004490 (세방전지)...
2026-01-05 12:41:40,581 - INFO - Success 005690
2026-01-05 12:41:40,581 - INFO - Downloading 036530 (SNT홀딩스)...
2026-01-05 12:41:40,640 - INFO - Success 004490
2026-01-05 12:41:40,640 - INFO - Downloading 281820 (케이씨텍)...
2026-01-05 12:41:40,641 - INFO - Success 000670
2026-01-05 12:41:40,641 - INFO - Downloading 458760 (TIGER 미국배당다우존스타겟커버드콜2호)...
2026-01-05 12:41:40,659 - INFO - Success 036530
2026-01-05 12:41:40,659 - INFO - Downloading 093370 (후성)...
2026-01-05 12:41:40,681 - INFO - Success 458760
2026-01-05 12:41:40,681 - INFO - Downloading 066575 (LG전자우)...
2026-01-05 12:41:40,707 - INFO - Success 281820
2026-01-05 12:41:40,707 - INFO - Downloading 003240 (태광산업)...
2026-01-05 12:41:40,739 - INFO - Success 093370
2026-01-05 12:41:40,739 - INFO - Downloading 499790 (GS피앤엘)...
2026-01-05 12:41:40,760 - INFO - Success 066575
2026-01-05 12:41:40,760 - INFO - Downloading 108320 (LX세미콘)...
2026-01-05 12:41:40,786 - INFO - Success 499790
2026-01-05 12:41:40,786 - INFO - Downloading 009450 (경동나비엔)...
2026-01-05 12:41:40,788 - INFO - Success 003240
2026-01-05 12:41:40,788 - INFO - Downloading 356540 (ACE 종합채권(AA-이상)액티브)...
2026-01-05 12:41:40,842 - INFO - Success 108320
2026-01-05 12:41:40,842 - INFO - Downloading 298050 (HS효성첨단소재)...
2026-01-05 12:41:40,854 - INFO - Success 356540
2026-01-05 12:41:40,854 - INFO - Downloading 003850 (보령)...
2026-01-05 12:41:40,868 - INFO - Success 009450
2026-01-05 12:41:40,868 - INFO - Downloading 950210 (프레스티지바이오파마)...
2026-01-05 12:41:40,913 - INFO - Success 298050
2026-01-05 12:41:40,913 - INFO - Downloading 446770 (ACE 글로벌반도체TOP4 Plus)...
2026-01-05 12:41:40,926 - INFO - Success 950210
2026-01-05 12:41:40,926 - INFO - Downloading 248070 (솔루엠)...
2026-01-05 12:41:40,935 - INFO - Success 003850
2026-01-05 12:41:40,935 - INFO - Downloading 458250 (TIGER 미국30년국채스트립액티브(합성 H))...
2026-01-05 12:41:40,969 - INFO - Success 446770
2026-01-05 12:41:40,969 - INFO - Downloading 114800 (KODEX 인버스)...
2026-01-05 12:41:40,987 - INFO - Success 248070
2026-01-05 12:41:40,988 - INFO - Downloading 071055 (한국금융지주우)...
2026-01-05 12:41:40,992 - INFO - Success 458250
2026-01-05 12:41:40,992 - INFO - Downloading 100840 (SNT에너지)...
2026-01-05 12:41:41,044 - INFO - Success 114800
2026-01-05 12:41:41,044 - INFO - Downloading 550082 (N2 KIS CD금리투자 ETN)...
2026-01-05 12:41:41,075 - INFO - Success 071055
2026-01-05 12:41:41,075 - INFO - Success 100840
2026-01-05 12:41:41,075 - INFO - Downloading 272580 (TIGER 단기채권액티브)...
2026-01-05 12:41:41,075 - INFO - Downloading 000210 (DL)...
2026-01-05 12:41:41,098 - INFO - Success 550082
2026-01-05 12:41:41,098 - INFO - Downloading 381970 (케이카)...
2026-01-05 12:41:41,143 - INFO - Success 272580
2026-01-05 12:41:41,143 - INFO - Downloading 446720 (SOL 미국배당다우존스)...
2026-01-05 12:41:41,153 - INFO - Success 000210
2026-01-05 12:41:41,153 - INFO - Downloading 039130 (하나투어)...
2026-01-05 12:41:41,165 - INFO - Success 381970
2026-01-05 12:41:41,165 - INFO - Downloading 005250 (녹십자홀딩스)...
2026-01-05 12:41:41,200 - INFO - Success 446720
2026-01-05 12:41:41,200 - INFO - Downloading 105190 (ACE 200)...
2026-01-05 12:41:41,232 - INFO - Success 039130
2026-01-05 12:41:41,232 - INFO - Downloading 002350 (넥센타이어)...
2026-01-05 12:41:41,241 - INFO - Success 005250
2026-01-05 12:41:41,241 - INFO - Downloading 451800 (한화리츠)...
2026-01-05 12:41:41,279 - INFO - Success 105190
2026-01-05 12:41:41,279 - INFO - Downloading 438080 (ACE 미국S&P500미국채혼합50액티브)...
2026-01-05 12:41:41,292 - INFO - Success 451800
2026-01-05 12:41:41,292 - INFO - Downloading 438330 (TIGER 우량회사채액티브)...
2026-01-05 12:41:41,309 - INFO - Success 002350
2026-01-05 12:41:41,309 - INFO - Downloading 390390 (KODEX 미국반도체)...
2026-01-05 12:41:41,328 - INFO - Success 438080
2026-01-05 12:41:41,328 - INFO - Downloading 226490 (KODEX 코스피)...
2026-01-05 12:41:41,349 - INFO - Success 438330
2026-01-05 12:41:41,349 - INFO - Downloading 069260 (TKG휴켐스)...
2026-01-05 12:41:41,366 - INFO - Success 390390
2026-01-05 12:41:41,366 - INFO - Downloading 007700 (F&F홀딩스)...
2026-01-05 12:41:41,404 - INFO - Success 226490
2026-01-05 12:41:41,405 - INFO - Downloading 019170 (신풍제약)...
2026-01-05 12:41:41,431 - INFO - Success 069260
2026-01-05 12:41:41,431 - INFO - Downloading 214320 (이노션)...
2026-01-05 12:41:41,477 - INFO - Success 007700
2026-01-05 12:41:41,477 - INFO - Downloading 003470 (유안타증권)...
2026-01-05 12:41:41,491 - INFO - Success 019170
2026-01-05 12:41:41,491 - INFO - Downloading 153130 (KODEX 단기채권)...
2026-01-05 12:41:41,505 - INFO - Success 214320
2026-01-05 12:41:41,505 - INFO - Downloading 014820 (동원시스템즈)...
2026-01-05 12:41:41,555 - INFO - Success 003470
2026-01-05 12:41:41,555 - INFO - Downloading 00088K (한화3우B)...
2026-01-05 12:41:41,564 - INFO - Success 153130
2026-01-05 12:41:41,564 - INFO - Downloading 079900 (전진건설로봇)...
2026-01-05 12:41:41,579 - INFO - Success 014820
2026-01-05 12:41:41,579 - INFO - Downloading 314250 (KODEX 미국빅테크10(H))...
2026-01-05 12:41:41,612 - INFO - Success 079900
2026-01-05 12:41:41,612 - INFO - Downloading 003620 (KG모빌리티)...
2026-01-05 12:41:41,623 - INFO - Success 00088K
2026-01-05 12:41:41,623 - INFO - Downloading 001680 (대상)...
2026-01-05 12:41:41,643 - INFO - Success 314250
2026-01-05 12:41:41,643 - INFO - Downloading 010780 (아이에스동서)...
2026-01-05 12:41:41,690 - INFO - Success 003620
2026-01-05 12:41:41,690 - INFO - Downloading 475150 (SK이터닉스)...
2026-01-05 12:41:41,701 - INFO - Success 001680
2026-01-05 12:41:41,701 - INFO - Downloading 025540 (한국단자)...
2026-01-05 12:41:41,719 - INFO - Success 010780
2026-01-05 12:41:41,719 - INFO - Downloading 000640 (동아쏘시오홀딩스)...
2026-01-05 12:41:41,744 - INFO - Success 475150
2026-01-05 12:41:41,744 - INFO - Downloading 003160 (디아이)...
2026-01-05 12:41:41,783 - INFO - Success 025540
2026-01-05 12:41:41,784 - INFO - Downloading 473290 (KODEX 26-12 회사채(AA-이상)액티브)...
2026-01-05 12:41:41,800 - INFO - Success 000640
2026-01-05 12:41:41,800 - INFO - Downloading 005180 (빙그레)...
2026-01-05 12:41:41,817 - INFO - Success 003160
2026-01-05 12:41:41,817 - INFO - Downloading 002840 (미원상사)...
2026-01-05 12:41:41,837 - INFO - Success 473290
2026-01-05 12:41:41,837 - INFO - Downloading 449180 (KODEX 미국S&P500(H))...
2026-01-05 12:41:41,880 - INFO - Success 005180
2026-01-05 12:41:41,880 - INFO - Downloading 484790 (KODEX 미국30년국채액티브(H))...
2026-01-05 12:41:41,894 - INFO - Success 449180
2026-01-05 12:41:41,894 - INFO - Downloading 580058 (KB KIS CD금리투자 ETN)...
2026-01-05 12:41:41,895 - INFO - Success 002840
2026-01-05 12:41:41,895 - INFO - Downloading 268280 (미원에스씨)...
2026-01-05 12:41:41,924 - INFO - Success 484790
2026-01-05 12:41:41,924 - INFO - Downloading 475720 (RISE 200위클리커버드콜)...
2026-01-05 12:41:41,945 - INFO - Success 580058
2026-01-05 12:41:41,945 - INFO - Downloading 479520 (RISE KOFR금리액티브(합성))...
2026-01-05 12:41:41,966 - INFO - Success 268280
2026-01-05 12:41:41,966 - INFO - Downloading 293940 (신한알파리츠)...
2026-01-05 12:41:41,973 - INFO - Success 475720
2026-01-05 12:41:41,973 - INFO - Downloading 447770 (TIGER 테슬라채권혼합Fn)...
2026-01-05 12:41:41,995 - INFO - Success 479520
2026-01-05 12:41:41,995 - INFO - Downloading 462010 (TIGER 2차전지소재Fn)...
2026-01-05 12:41:42,036 - INFO - Success 293940
2026-01-05 12:41:42,037 - INFO - Success 447770
2026-01-05 12:41:42,037 - INFO - Downloading 466940 (TIGER 은행고배당플러스TOP10)...
2026-01-05 12:41:42,037 - INFO - Downloading 002030 (아세아)...
2026-01-05 12:41:42,042 - INFO - Success 462010
2026-01-05 12:41:42,042 - INFO - Downloading 322000 (HD현대에너지솔루션)...
2026-01-05 12:41:42,088 - INFO - Success 466940
2026-01-05 12:41:42,088 - INFO - Downloading 144600 (KODEX 은선물(H))...
2026-01-05 12:41:42,108 - INFO - Success 322000
2026-01-05 12:41:42,108 - INFO - Downloading 008730 (율촌화학)...
2026-01-05 12:41:42,118 - INFO - Success 002030
2026-01-05 12:41:42,118 - INFO - Downloading 00104K (CJ4우(전환))...
2026-01-05 12:41:42,175 - INFO - Success 144600
2026-01-05 12:41:42,175 - INFO - Downloading 402970 (ACE 미국배당다우존스)...
2026-01-05 12:41:42,185 - INFO - Success 00104K
2026-01-05 12:41:42,186 - INFO - Downloading 057050 (현대홈쇼핑)...
2026-01-05 12:41:42,186 - INFO - Success 008730
2026-01-05 12:41:42,187 - INFO - Downloading 139260 (TIGER 200 IT)...
2026-01-05 12:41:42,232 - INFO - Success 402970
2026-01-05 12:41:42,232 - INFO - Downloading 284430 (KODEX 200미국채혼합)...
2026-01-05 12:41:42,271 - INFO - Success 057050
2026-01-05 12:41:42,271 - INFO - Success 139260
2026-01-05 12:41:42,271 - INFO - Downloading 001570 (금양)...
2026-01-05 12:41:42,271 - INFO - Downloading 000370 (한화손해보험)...
2026-01-05 12:41:42,305 - INFO - Success 284430
2026-01-05 12:41:42,305 - INFO - Downloading 494890 (KODEX 200액티브)...
2026-01-05 12:41:42,352 - INFO - Success 001570
2026-01-05 12:41:42,352 - INFO - Downloading 455030 (KODEX 미국달러SOFR금리액티브(합성))...
2026-01-05 12:41:42,353 - INFO - Success 494890
2026-01-05 12:41:42,353 - INFO - Downloading 006380 (카프로)...
2026-01-05 12:41:42,356 - INFO - Success 000370
2026-01-05 12:41:42,356 - INFO - Downloading 383800 (LX홀딩스)...
2026-01-05 12:41:42,416 - INFO - Success 455030
2026-01-05 12:41:42,417 - INFO - Downloading 033240 (자화전자)...
2026-01-05 12:41:42,418 - INFO - Success 383800
2026-01-05 12:41:42,418 - INFO - Downloading 494310 (KODEX 반도체레버리지)...
2026-01-05 12:41:42,439 - INFO - Success 006380
2026-01-05 12:41:42,439 - INFO - Downloading 001060 (JW중외제약)...
2026-01-05 12:41:42,470 - INFO - Success 494310
2026-01-05 12:41:42,470 - INFO - Downloading 439870 (KODEX 국고채30년액티브)...
2026-01-05 12:41:42,504 - INFO - Success 033240
2026-01-05 12:41:42,504 - INFO - Downloading 002240 (고려제강)...
2026-01-05 12:41:42,518 - INFO - Success 001060
2026-01-05 12:41:42,518 - INFO - Downloading 483280 (KODEX 미국AI테크TOP10타겟커버드콜)...
2026-01-05 12:41:42,525 - INFO - Success 439870
2026-01-05 12:41:42,525 - INFO - Downloading 471230 (KODEX 국고채10년액티브)...
2026-01-05 12:41:42,562 - INFO - Success 483280
2026-01-05 12:41:42,562 - INFO - Downloading 002960 (한국쉘석유)...
2026-01-05 12:41:42,580 - INFO - Success 471230
2026-01-05 12:41:42,581 - INFO - Downloading 001270 (부국증권)...
2026-01-05 12:41:42,584 - INFO - Success 002240
2026-01-05 12:41:42,584 - INFO - Downloading 456610 (TIGER 미국달러SOFR금리액티브(합성))...
2026-01-05 12:41:42,643 - INFO - Success 456610
2026-01-05 12:41:42,643 - INFO - Downloading 069660 (KIWOOM 200)...
2026-01-05 12:41:42,644 - INFO - Success 002960
2026-01-05 12:41:42,645 - INFO - Downloading 002020 (코오롱)...
2026-01-05 12:41:42,659 - INFO - Success 001270
2026-01-05 12:41:42,659 - INFO - Downloading 377740 (바이오노트)...
2026-01-05 12:41:42,723 - INFO - Success 377740
2026-01-05 12:41:42,724 - INFO - Downloading 017940 (E1)...
2026-01-05 12:41:42,725 - INFO - Success 002020
2026-01-05 12:41:42,725 - INFO - Downloading 476800 (KODEX 한국부동산리츠인프라)...
2026-01-05 12:41:42,726 - INFO - Success 069660
2026-01-05 12:41:42,726 - INFO - Downloading 348950 (제이알글로벌리츠)...
2026-01-05 12:41:42,776 - INFO - Success 476800
2026-01-05 12:41:42,777 - INFO - Downloading 005880 (대한해운)...
2026-01-05 12:41:42,786 - INFO - Success 348950
2026-01-05 12:41:42,786 - INFO - Downloading 148070 (KIWOOM 국고채10년)...
2026-01-05 12:41:42,814 - INFO - Success 017940
2026-01-05 12:41:42,814 - INFO - Downloading 293180 (HANARO 200)...
2026-01-05 12:41:42,877 - INFO - Success 148070
2026-01-05 12:41:42,877 - INFO - Downloading 092200 (디아이씨)...
2026-01-05 12:41:42,886 - INFO - Success 293180
2026-01-05 12:41:42,886 - INFO - Downloading 498410 (KODEX 금융고배당TOP10타겟위클리커버드콜)...
2026-01-05 12:41:42,912 - INFO - Success 005880
2026-01-05 12:41:42,912 - INFO - Downloading 385560 (RISE KIS국고채30년Enhanced)...
2026-01-05 12:41:42,930 - INFO - Success 498410
2026-01-05 12:41:42,930 - INFO - Downloading 090460 (비에이치)...
2026-01-05 12:41:42,953 - INFO - Success 092200
2026-01-05 12:41:42,953 - INFO - Downloading 005420 (코스모화학)...
2026-01-05 12:41:42,975 - INFO - Success 385560
2026-01-05 12:41:42,975 - INFO - Downloading 005810 (풍산홀딩스)...
2026-01-05 12:41:43,010 - INFO - Success 090460
2026-01-05 12:41:43,011 - INFO - Downloading 434730 (HANARO 원자력iSelect)...
2026-01-05 12:41:43,039 - INFO - Success 005420
2026-01-05 12:41:43,039 - INFO - Downloading 0048J0 (KODEX 미국머니마켓액티브)...
2026-01-05 12:41:43,055 - INFO - Success 005810
2026-01-05 12:41:43,055 - INFO - Downloading 058650 (세아홀딩스)...
2026-01-05 12:41:43,074 - INFO - Success 434730
2026-01-05 12:41:43,074 - INFO - Downloading 003545 (대신증권우)...
2026-01-05 12:41:43,139 - INFO - Success 058650
2026-01-05 12:41:43,139 - INFO - Downloading 0127P0 (ACE 미국대형성장주액티브)...
2026-01-05 12:41:43,152 - INFO - Success 003545
2026-01-05 12:41:43,153 - INFO - Downloading 145720 (덴티움)...
2026-01-05 12:41:43,228 - INFO - Success 145720
2026-01-05 12:41:43,228 - INFO - Downloading 000400 (롯데손해보험)...
2026-01-05 12:41:43,321 - ERROR - Error downloading 0048J0: 404 Client Error: Not Found for url: https://query2.finance.yahoo.com/v8/finance/chart/0048J0?period1=-32400&period2=1735570800&interval=1d&includeAdjustedClose=true
2026-01-05 12:41:43,322 - INFO - Downloading 474220 (TIGER 미국테크TOP10타겟커버드콜)...
2026-01-05 12:41:43,325 - INFO - Success 000400
2026-01-05 12:41:43,326 - INFO - Downloading 091230 (TIGER 반도체)...
2026-01-05 12:41:43,374 - INFO - Success 474220
2026-01-05 12:41:43,374 - INFO - Downloading 456040 (OCI)...
2026-01-05 12:41:43,408 - INFO - Success 091230
2026-01-05 12:41:43,408 - INFO - Downloading 284740 (쿠쿠홈시스)...
2026-01-05 12:41:43,422 - ERROR - Error downloading 0127P0: 404 Client Error: Not Found for url: https://query2.finance.yahoo.com/v8/finance/chart/0127P0?period1=-32400&period2=1735570800&interval=1d&includeAdjustedClose=true
2026-01-05 12:41:43,423 - INFO - Downloading 477050 (PLUS 머니마켓액티브)...
2026-01-05 12:41:43,427 - INFO - Success 456040
2026-01-05 12:41:43,427 - INFO - Downloading 105630 (한세실업)...
2026-01-05 12:41:43,475 - INFO - Success 477050
2026-01-05 12:41:43,476 - INFO - Downloading 445290 (KODEX 로봇액티브)...
2026-01-05 12:41:43,479 - INFO - Success 284740
2026-01-05 12:41:43,479 - INFO - Downloading 016380 (KG스틸)...
2026-01-05 12:41:43,510 - INFO - Success 105630
2026-01-05 12:41:43,510 - INFO - Downloading 093050 (LF)...
2026-01-05 12:41:43,530 - INFO - Success 445290
2026-01-05 12:41:43,530 - INFO - Downloading 336370 (솔루스첨단소재)...
2026-01-05 12:41:43,558 - INFO - Success 016380
2026-01-05 12:41:43,558 - INFO - Downloading 438100 (ACE 미국나스닥100미국채혼합50액티브)...
2026-01-05 12:41:43,588 - INFO - Success 093050
2026-01-05 12:41:43,588 - INFO - Downloading 016800 (퍼시스)...
2026-01-05 12:41:43,604 - INFO - Success 336370
2026-01-05 12:41:43,604 - INFO - Downloading 003030 (세아제강지주)...
2026-01-05 12:41:43,613 - INFO - Success 438100
2026-01-05 12:41:43,613 - INFO - Downloading 455850 (SOL AI반도체소부장)...
2026-01-05 12:41:43,646 - INFO - Success 016800
2026-01-05 12:41:43,646 - INFO - Downloading 004690 (삼천리)...
2026-01-05 12:41:43,666 - INFO - Success 455850
2026-01-05 12:41:43,666 - INFO - Downloading 271940 (일진하이솔루스)...
2026-01-05 12:41:43,680 - INFO - Success 003030
2026-01-05 12:41:43,681 - INFO - Downloading 453340 (현대그린푸드)...
2026-01-05 12:41:43,724 - INFO - Success 004690
2026-01-05 12:41:43,725 - INFO - Downloading 451000 (PLUS 종합채권(AA-이상)액티브)...
2026-01-05 12:41:43,732 - INFO - Success 271940
2026-01-05 12:41:43,732 - INFO - Success 453340
2026-01-05 12:41:43,732 - INFO - Downloading 364980 (TIGER 2차전지TOP10)...
2026-01-05 12:41:43,732 - INFO - Downloading 009410 (태영건설)...
2026-01-05 12:41:43,781 - INFO - Success 451000
2026-01-05 12:41:43,781 - INFO - Downloading 016590 (신대양제지)...
2026-01-05 12:41:43,795 - INFO - Success 364980
2026-01-05 12:41:43,796 - INFO - Downloading 462900 (KoAct 바이오헬스케어액티브)...
2026-01-05 12:41:43,806 - INFO - Success 009410
2026-01-05 12:41:43,806 - INFO - Downloading 003300 (한일홀딩스)...
2026-01-05 12:41:43,851 - INFO - Success 462900
2026-01-05 12:41:43,851 - INFO - Downloading 462330 (KODEX 2차전지산업레버리지)...
2026-01-05 12:41:43,863 - INFO - Success 016590
2026-01-05 12:41:43,863 - INFO - Downloading 449190 (KODEX 미국나스닥100(H))...
2026-01-05 12:41:43,878 - INFO - Success 003300
2026-01-05 12:41:43,879 - INFO - Downloading 0023A0 (SOL 미국양자컴퓨팅TOP10)...
2026-01-05 12:41:43,907 - INFO - Success 462330
2026-01-05 12:41:43,907 - INFO - Downloading 017810 (풀무원)...
2026-01-05 12:41:43,920 - INFO - Success 449190
2026-01-05 12:41:43,920 - INFO - Downloading 097520 (엠씨넥스)...
2026-01-05 12:41:43,987 - INFO - Success 017810
2026-01-05 12:41:43,987 - INFO - Downloading 170900 (동아에스티)...
2026-01-05 12:41:43,999 - INFO - Success 097520
2026-01-05 12:41:43,999 - INFO - Downloading 005389 (현대차3우B)...
2026-01-05 12:41:44,065 - INFO - Success 170900
2026-01-05 12:41:44,065 - INFO - Downloading 192650 (드림텍)...
2026-01-05 12:41:44,087 - INFO - Success 005389
2026-01-05 12:41:44,088 - INFO - Downloading 463050 (TIMEFOLIO K바이오액티브)...
2026-01-05 12:41:44,142 - INFO - Success 463050
2026-01-05 12:41:44,142 - INFO - Downloading 490590 (RISE 미국AI밸류체인데일리고정커버드콜)...
2026-01-05 12:41:44,143 - INFO - Success 192650
2026-01-05 12:41:44,143 - INFO - Downloading 016610 (DB증권)...
2026-01-05 12:41:44,160 - ERROR - Error downloading 0023A0: 404 Client Error: Not Found for url: https://query2.finance.yahoo.com/v8/finance/chart/0023A0?period1=-32400&period2=1735570800&interval=1d&includeAdjustedClose=true
2026-01-05 12:41:44,161 - INFO - Downloading 145990 (삼양사)...
2026-01-05 12:41:44,187 - INFO - Success 490590
2026-01-05 12:41:44,187 - INFO - Downloading 001500 (현대차증권)...
2026-01-05 12:41:44,220 - INFO - Success 016610
2026-01-05 12:41:44,220 - INFO - Downloading 329750 (TIGER 미국달러단기채권액티브)...
2026-01-05 12:41:44,242 - INFO - Success 145990
2026-01-05 12:41:44,242 - INFO - Downloading 0025N0 (TIGER TDF2045)...
2026-01-05 12:41:44,268 - INFO - Success 001500
2026-01-05 12:41:44,268 - INFO - Downloading 439860 (KODEX ESG종합채권(A-이상)액티브)...
2026-01-05 12:41:44,282 - INFO - Success 329750
2026-01-05 12:41:44,282 - INFO - Downloading 094800 (맵스리얼티)...
2026-01-05 12:41:44,325 - INFO - Success 439860
2026-01-05 12:41:44,325 - INFO - Downloading 029530 (신도리코)...
2026-01-05 12:41:44,356 - INFO - Success 094800
2026-01-05 12:41:44,356 - INFO - Downloading 090435 (아모레퍼시픽우)...
2026-01-05 12:41:44,400 - INFO - Success 029530
2026-01-05 12:41:44,400 - INFO - Downloading 365780 (ACE 국고채10년)...
2026-01-05 12:41:44,434 - INFO - Success 090435
2026-01-05 12:41:44,434 - INFO - Downloading 480260 (TIGER 27-04회사채(A+이상)액티브)...
2026-01-05 12:41:44,460 - INFO - Success 365780
2026-01-05 12:41:44,460 - INFO - Downloading 454780 (KIWOOM 종합채권(AA-이상)액티브)...
2026-01-05 12:41:44,478 - INFO - Success 480260
2026-01-05 12:41:44,478 - INFO - Downloading 251350 (KODEX MSCI선진국)...
2026-01-05 12:41:44,516 - INFO - Success 454780
2026-01-05 12:41:44,516 - INFO - Downloading 500029 (신한 레버리지 은 선물 ETN(H))...
2026-01-05 12:41:44,547 - INFO - Success 251350
2026-01-05 12:41:44,547 - INFO - Downloading 494300 (KODEX 미국나스닥100데일리커버드콜OTM)...
2026-01-05 12:41:44,588 - INFO - Success 500029
2026-01-05 12:41:44,588 - INFO - Downloading 0007F0 (KODEX 27-12 회사채(AA-이상)액티브)...
2026-01-05 12:41:44,589 - INFO - Success 494300
2026-01-05 12:41:44,590 - INFO - Downloading 009900 (명신산업)...
2026-01-05 12:41:44,651 - INFO - Success 009900
2026-01-05 12:41:44,651 - INFO - Downloading 487340 (ACE 머니마켓액티브)...
2026-01-05 12:41:44,694 - INFO - Success 487340
2026-01-05 12:41:44,694 - INFO - Downloading 034310 (NICE)...
2026-01-05 12:41:44,773 - INFO - Success 034310
2026-01-05 12:41:44,773 - INFO - Downloading 178920 (PI첨단소재)...
2026-01-05 12:41:44,777 - ERROR - Error downloading 0025N0: 404 Client Error: Not Found for url: https://query2.finance.yahoo.com/v8/finance/chart/0025N0?period1=-32400&period2=1735570800&interval=1d&includeAdjustedClose=true
2026-01-05 12:41:44,777 - INFO - Downloading 0053L0 (TIGER 차이나휴머노이드로봇)...
2026-01-05 12:41:44,845 - INFO - Success 178920
2026-01-05 12:41:44,845 - INFO - Downloading 453870 (TIGER 인도니프티50)...
2026-01-05 12:41:44,901 - INFO - Success 453870
2026-01-05 12:41:44,901 - INFO - Downloading 450140 (코오롱모빌리티그룹)...
2026-01-05 12:41:44,931 - ERROR - Error downloading 0007F0: 404 Client Error: Not Found for url: https://query2.finance.yahoo.com/v8/finance/chart/0007F0?period1=-32400&period2=1735570800&interval=1d&includeAdjustedClose=true
2026-01-05 12:41:44,931 - INFO - Downloading 0052D0 (TIGER 코리아배당다우존스)...
2026-01-05 12:41:44,956 - INFO - Success 450140
2026-01-05 12:41:44,956 - INFO - Downloading 037270 (YG PLUS)...
2026-01-05 12:41:45,033 - INFO - Success 037270
2026-01-05 12:41:45,033 - INFO - Downloading 453810 (KODEX 인도Nifty50)...
2026-01-05 12:41:45,090 - INFO - Success 453810
2026-01-05 12:41:45,090 - INFO - Downloading 014830 (유니드)...
2026-01-05 12:41:45,106 - ERROR - Error downloading 0053L0: 404 Client Error: Not Found for url: https://query2.finance.yahoo.com/v8/finance/chart/0053L0?period1=-32400&period2=1735570800&interval=1d&includeAdjustedClose=true
2026-01-05 12:41:45,106 - INFO - Downloading 482730 (TIGER 미국S&P500타겟데일리커버드콜)...
2026-01-05 12:41:45,152 - INFO - Success 482730
2026-01-05 12:41:45,152 - INFO - Downloading 161000 (애경케미칼)...
2026-01-05 12:41:45,178 - INFO - Success 014830
2026-01-05 12:41:45,178 - INFO - Downloading 005610 (SPC삼립)...
2026-01-05 12:41:45,238 - INFO - Success 161000
2026-01-05 12:41:45,238 - INFO - Downloading 000070 (삼양홀딩스)...
2026-01-05 12:41:45,256 - INFO - Success 005610
2026-01-05 12:41:45,256 - INFO - Downloading 000650 (천일고속)...
2026-01-05 12:41:45,264 - ERROR - Error downloading 0052D0: 404 Client Error: Not Found for url: https://query2.finance.yahoo.com/v8/finance/chart/0052D0?period1=-32400&period2=1735570800&interval=1d&includeAdjustedClose=true
2026-01-05 12:41:45,264 - INFO - Downloading 102970 (KODEX 증권)...
2026-01-05 12:41:45,321 - INFO - Success 000070
2026-01-05 12:41:45,321 - INFO - Downloading 091170 (KODEX 은행)...
2026-01-05 12:41:45,332 - INFO - Success 000650
2026-01-05 12:41:45,332 - INFO - Downloading 139230 (TIGER 200 중공업)...
2026-01-05 12:41:45,345 - INFO - Success 102970
2026-01-05 12:41:45,345 - INFO - Downloading 448290 (TIGER 미국S&P500(H))...
2026-01-05 12:41:45,392 - INFO - Success 139230
2026-01-05 12:41:45,392 - INFO - Downloading 530031 (삼성 레버리지 WTI원유 선물 ETN)...
2026-01-05 12:41:45,420 - INFO - Success 448290
2026-01-05 12:41:45,420 - INFO - Downloading 006220 (제주은행)...
2026-01-05 12:41:45,422 - INFO - Success 091170
2026-01-05 12:41:45,422 - INFO - Downloading 183190 (아세아시멘트)...
2026-01-05 12:41:45,477 - INFO - Success 530031
2026-01-05 12:41:45,477 - INFO - Downloading 089590 (제주항공)...
2026-01-05 12:41:45,503 - INFO - Success 006220
2026-01-05 12:41:45,503 - INFO - Downloading 004700 (조광피혁)...
2026-01-05 12:41:45,505 - INFO - Success 183190
2026-01-05 12:41:45,505 - INFO - Downloading 448730 (삼성FN리츠)...
2026-01-05 12:41:45,556 - INFO - Success 448730
2026-01-05 12:41:45,556 - INFO - Downloading 357120 (코람코라이프인프라리츠)...
2026-01-05 12:41:45,557 - INFO - Success 089590
2026-01-05 12:41:45,557 - INFO - Downloading 091180 (KODEX 자동차)...
2026-01-05 12:41:45,582 - INFO - Success 004700
2026-01-05 12:41:45,582 - INFO - Downloading 072710 (농심홀딩스)...
2026-01-05 12:41:45,618 - INFO - Success 357120
2026-01-05 12:41:45,618 - INFO - Downloading 499660 (TIGER CD금리플러스액티브(합성))...
2026-01-05 12:41:45,635 - INFO - Success 091180
2026-01-05 12:41:45,635 - INFO - Downloading 344820 (KCC글라스)...
2026-01-05 12:41:45,656 - INFO - Success 072710
2026-01-05 12:41:45,656 - INFO - Downloading 132030 (KODEX 골드선물(H))...
2026-01-05 12:41:45,666 - INFO - Success 499660
2026-01-05 12:41:45,666 - INFO - Downloading 434060 (KODEX TDF2050액티브)...
2026-01-05 12:41:45,701 - INFO - Success 344820
2026-01-05 12:41:45,701 - INFO - Downloading 060980 (HL홀딩스)...
2026-01-05 12:41:45,719 - INFO - Success 434060
2026-01-05 12:41:45,719 - INFO - Downloading 437080 (KODEX 미국종합채권ESG액티브(H))...
2026-01-05 12:41:45,732 - INFO - Success 132030
2026-01-05 12:41:45,732 - INFO - Downloading 000157 (두산2우B)...
2026-01-05 12:41:45,780 - INFO - Success 437080
2026-01-05 12:41:45,781 - INFO - Downloading 0117V0 (TIGER 코리아AI전력기기TOP3플러스)...
2026-01-05 12:41:45,783 - INFO - Success 060980
2026-01-05 12:41:45,783 - INFO - Downloading 460860 (동국제강)...
2026-01-05 12:41:45,812 - INFO - Success 000157
2026-01-05 12:41:45,812 - INFO - Downloading 403550 (쏘카)...
2026-01-05 12:41:45,832 - INFO - Success 460860
2026-01-05 12:41:45,832 - INFO - Downloading 114260 (KODEX 국고채3년)...
2026-01-05 12:41:45,867 - INFO - Success 403550
2026-01-05 12:41:45,868 - INFO - Downloading 091810 (티웨이항공)...
2026-01-05 12:41:45,908 - INFO - Success 114260
2026-01-05 12:41:45,908 - INFO - Downloading 0046A0 (TIGER 미국초단기(3개월이하)국채)...
2026-01-05 12:41:45,936 - INFO - Success 091810
2026-01-05 12:41:45,936 - INFO - Downloading 026890 (스틱인베스트먼트)...
2026-01-05 12:41:46,019 - INFO - Success 026890
2026-01-05 12:41:46,019 - INFO - Downloading 0120G0 (삼양바이오팜)...
2026-01-05 12:41:46,115 - ERROR - Error downloading 0117V0: 404 Client Error: Not Found for url: https://query2.finance.yahoo.com/v8/finance/chart/0117V0?period1=-32400&period2=1735570800&interval=1d&includeAdjustedClose=true
2026-01-05 12:41:46,115 - INFO - Downloading 251600 (PLUS 고배당주채권혼합)...
2026-01-05 12:41:46,197 - INFO - Success 251600
2026-01-05 12:41:46,197 - INFO - Downloading 031430 (신세계인터내셔날)...
2026-01-05 12:41:46,242 - ERROR - Error downloading 0046A0: 404 Client Error: Not Found for url: https://query2.finance.yahoo.com/v8/finance/chart/0046A0?period1=-32400&period2=1735570800&interval=1d&includeAdjustedClose=true
2026-01-05 12:41:46,243 - INFO - Downloading 491010 (TIGER 글로벌AI전력인프라액티브)...
2026-01-05 12:41:46,282 - INFO - Success 031430
2026-01-05 12:41:46,282 - INFO - Downloading 003280 (흥아해운)...
2026-01-05 12:41:46,296 - INFO - Success 491010
2026-01-05 12:41:46,297 - INFO - Downloading 441680 (TIGER 미국나스닥100커버드콜(합성))...
2026-01-05 12:41:46,358 - INFO - Success 441680
2026-01-05 12:41:46,359 - INFO - Downloading 444200 (SOL 코리아메가테크액티브)...
2026-01-05 12:41:46,362 - INFO - Success 003280
2026-01-05 12:41:46,362 - INFO - Downloading 473460 (KODEX 미국서학개미)...
2026-01-05 12:41:46,408 - INFO - Success 473460
2026-01-05 12:41:46,408 - INFO - Downloading 442320 (RISE 글로벌원자력)...
2026-01-05 12:41:46,415 - INFO - Success 444200
2026-01-05 12:41:46,415 - INFO - Downloading 423920 (TIGER 미국필라델피아반도체레버리지(합성))...
2026-01-05 12:41:46,467 - INFO - Success 442320
2026-01-05 12:41:46,467 - INFO - Downloading 001530 (DI동일)...
2026-01-05 12:41:46,475 - INFO - Success 423920
2026-01-05 12:41:46,475 - INFO - Downloading 015360 (INVENI)...
2026-01-05 12:41:46,542 - INFO - Success 001530
2026-01-05 12:41:46,542 - INFO - Downloading 003000 (부광약품)...
2026-01-05 12:41:46,553 - ERROR - Error downloading 0120G0: 404 Client Error: Not Found for url: https://query2.finance.yahoo.com/v8/finance/chart/0120G0?period1=-32400&period2=1735570800&interval=1d&includeAdjustedClose=true
2026-01-05 12:41:46,553 - INFO - Downloading 461490 (RISE 글로벌자산배분액티브)...
2026-01-05 12:41:46,556 - INFO - Success 015360
2026-01-05 12:41:46,556 - INFO - Downloading 466950 (TIGER 글로벌AI액티브)...
2026-01-05 12:41:46,611 - INFO - Success 461490
2026-01-05 12:41:46,612 - INFO - Downloading 027410 (BGF)...
2026-01-05 12:41:46,612 - INFO - Success 466950
2026-01-05 12:41:46,613 - INFO - Downloading 002710 (TCC스틸)...
2026-01-05 12:41:46,620 - INFO - Success 003000
2026-01-05 12:41:46,620 - INFO - Downloading 005945 (NH투자증권우)...
2026-01-05 12:41:46,700 - INFO - Success 027410
2026-01-05 12:41:46,700 - INFO - Downloading 217590 (티엠씨)...
2026-01-05 12:41:46,701 - INFO - Success 002710
2026-01-05 12:41:46,701 - INFO - Downloading 361580 (RISE 200TR)...
2026-01-05 12:41:46,702 - INFO - Success 005945
2026-01-05 12:41:46,702 - INFO - Downloading 473330 (SOL 미국30년국채커버드콜(합성))...
2026-01-05 12:41:46,743 - WARNING - Empty data for 217590
2026-01-05 12:41:46,744 - INFO - Downloading 105840 (우진)...
2026-01-05 12:41:46,755 - INFO - Success 473330
2026-01-05 12:41:46,755 - INFO - Downloading 475560 (더본코리아)...
2026-01-05 12:41:46,769 - INFO - Success 361580
2026-01-05 12:41:46,769 - INFO - Downloading 104700 (한국철강)...
2026-01-05 12:41:46,808 - INFO - Success 475560
2026-01-05 12:41:46,808 - INFO - Downloading 003520 (영진약품)...
2026-01-05 12:41:46,813 - INFO - Success 105840
2026-01-05 12:41:46,813 - INFO - Downloading 472870 (RISE 미국30년국채엔화노출(합성 H))...
2026-01-05 12:41:46,856 - INFO - Success 104700
2026-01-05 12:41:46,856 - INFO - Downloading 272450 (진에어)...
2026-01-05 12:41:46,867 - INFO - Success 472870
2026-01-05 12:41:46,867 - INFO - Downloading 194370 (제이에스코퍼레이션)...
2026-01-05 12:41:46,880 - INFO - Success 003520
2026-01-05 12:41:46,880 - INFO - Downloading 417310 (코람코더원리츠)...
2026-01-05 12:41:46,928 - INFO - Success 272450
2026-01-05 12:41:46,928 - INFO - Downloading 009155 (삼성전기우)...
2026-01-05 12:41:46,933 - INFO - Success 417310
2026-01-05 12:41:46,933 - INFO - Downloading 001940 (KISCO홀딩스)...
2026-01-05 12:41:46,939 - INFO - Success 194370
2026-01-05 12:41:46,940 - INFO - Downloading 0051G0 (SOL 미국원자력SMR)...
2026-01-05 12:41:47,029 - INFO - Success 009155
2026-01-05 12:41:47,030 - INFO - Downloading 500019 (신한 레버리지 WTI원유 선물 ETN(H))...
2026-01-05 12:41:47,032 - INFO - Success 001940
2026-01-05 12:41:47,033 - INFO - Downloading 018250 (애경산업)...
2026-01-05 12:41:47,098 - INFO - Success 018250
2026-01-05 12:41:47,098 - INFO - Downloading 456880 (ACE 미국달러SOFR금리(합성))...
2026-01-05 12:41:47,112 - INFO - Success 500019
2026-01-05 12:41:47,112 - INFO - Downloading 472170 (TIGER 미국테크TOP10채권혼합)...
2026-01-05 12:41:47,163 - INFO - Success 456880
2026-01-05 12:41:47,163 - INFO - Downloading 489250 (KODEX 미국배당다우존스)...
2026-01-05 12:41:47,177 - INFO - Success 472170
2026-01-05 12:41:47,177 - INFO - Downloading 029460 (케이씨)...
2026-01-05 12:41:47,224 - INFO - Success 489250
2026-01-05 12:41:47,224 - INFO - Downloading 241180 (TIGER 일본니케이225)...
2026-01-05 12:41:47,289 - ERROR - Error downloading 0051G0: 404 Client Error: Not Found for url: https://query2.finance.yahoo.com/v8/finance/chart/0051G0?period1=-32400&period2=1735570800&interval=1d&includeAdjustedClose=true
2026-01-05 12:41:47,289 - INFO - Downloading 200880 (서연이화)...
2026-01-05 12:41:47,297 - INFO - Success 241180
2026-01-05 12:41:47,297 - INFO - Downloading 034120 (SBS)...
2026-01-05 12:41:47,315 - INFO - Success 029460
2026-01-05 12:41:47,315 - INFO - Downloading 008060 (대덕)...
2026-01-05 12:41:47,364 - INFO - Success 200880
2026-01-05 12:41:47,364 - INFO - Downloading 001390 (KG케미칼)...
2026-01-05 12:41:47,371 - INFO - Success 034120
2026-01-05 12:41:47,372 - INFO - Downloading 130660 (한전산업)...
2026-01-05 12:41:47,388 - INFO - Success 008060
2026-01-05 12:41:47,388 - INFO - Downloading 432320 (KB스타리츠)...
2026-01-05 12:41:47,454 - INFO - Success 432320
2026-01-05 12:41:47,454 - INFO - Downloading 232080 (TIGER 코스닥150)...
2026-01-05 12:41:47,455 - INFO - Success 130660
2026-01-05 12:41:47,455 - INFO - Success 001390
2026-01-05 12:41:47,456 - INFO - Downloading 0060H0 (TIGER 토탈월드스탁액티브)...
2026-01-05 12:41:47,456 - INFO - Downloading 020000 (한섬)...
2026-01-05 12:41:47,534 - INFO - Success 232080
2026-01-05 12:41:47,534 - INFO - Downloading 006110 (삼아알미늄)...
2026-01-05 12:41:47,535 - INFO - Success 020000
2026-01-05 12:41:47,535 - INFO - Downloading 011930 (신성이엔지)...
2026-01-05 12:41:47,615 - INFO - Success 006110
2026-01-05 12:41:47,615 - INFO - Downloading 228790 (TIGER 화장품)...
2026-01-05 12:41:47,616 - INFO - Success 011930
2026-01-05 12:41:47,616 - INFO - Downloading 476760 (ACE 미국30년국채액티브)...
2026-01-05 12:41:47,662 - INFO - Success 476760
2026-01-05 12:41:47,662 - INFO - Downloading 472160 (TIGER 미국테크TOP10 INDXX(H))...
2026-01-05 12:41:47,690 - INFO - Success 228790
2026-01-05 12:41:47,690 - INFO - Downloading 495050 (RISE 코리아밸류업)...
2026-01-05 12:41:47,713 - INFO - Success 472160
2026-01-05 12:41:47,713 - INFO - Downloading 001200 (유진투자증권)...
2026-01-05 12:41:47,732 - INFO - Success 495050
2026-01-05 12:41:47,733 - INFO - Downloading 126560 (현대퓨처넷)...
2026-01-05 12:41:47,744 - ERROR - Error downloading 0060H0: 404 Client Error: Not Found for url: https://query2.finance.yahoo.com/v8/finance/chart/0060H0?period1=-32400&period2=1735570800&interval=1d&includeAdjustedClose=true
2026-01-05 12:41:47,744 - INFO - Downloading 306200 (세아제강)...
2026-01-05 12:41:47,796 - INFO - Success 001200
2026-01-05 12:41:47,796 - INFO - Downloading 190620 (ACE 단기통안채)...
2026-01-05 12:41:47,816 - INFO - Success 126560
2026-01-05 12:41:47,817 - INFO - Success 306200
2026-01-05 12:41:47,817 - INFO - Downloading 024720 (콜마홀딩스)...
2026-01-05 12:41:47,817 - INFO - Downloading 015860 (일진홀딩스)...
2026-01-05 12:41:47,871 - INFO - Success 190620
2026-01-05 12:41:47,872 - INFO - Downloading 084690 (대상홀딩스)...
2026-01-05 12:41:47,894 - INFO - Success 024720
2026-01-05 12:41:47,894 - INFO - Downloading 003960 (사조대림)...
2026-01-05 12:41:47,904 - INFO - Success 015860
2026-01-05 12:41:47,904 - INFO - Downloading 363570 (KODEX 장기종합채권(AA-이상)액티브)...
2026-01-05 12:41:47,956 - INFO - Success 084690
2026-01-05 12:41:47,956 - INFO - Downloading 025860 (남해화학)...
2026-01-05 12:41:47,968 - INFO - Success 363570
2026-01-05 12:41:47,968 - INFO - Downloading 570090 (한투 KIS CD금리투자 ETN)...
2026-01-05 12:41:47,968 - INFO - Success 003960
2026-01-05 12:41:47,968 - INFO - Downloading 245710 (ACE 베트남VN30(합성))...
2026-01-05 12:41:48,028 - INFO - Success 570090
2026-01-05 12:41:48,029 - INFO - Downloading 475080 (KODEX 테슬라커버드콜채권혼합액티브)...
2026-01-05 12:41:48,043 - INFO - Success 245710
2026-01-05 12:41:48,043 - INFO - Downloading 017860 (DS단석)...
2026-01-05 12:41:48,081 - INFO - Success 475080
2026-01-05 12:41:48,081 - INFO - Downloading 009160 (SIMPAC)...
2026-01-05 12:41:48,086 - INFO - Success 017860
2026-01-05 12:41:48,086 - INFO - Downloading 002310 (아세아제지)...
2026-01-05 12:41:48,112 - INFO - Success 025860
2026-01-05 12:41:48,112 - INFO - Downloading 128820 (대성산업)...
2026-01-05 12:41:48,157 - INFO - Success 009160
2026-01-05 12:41:48,157 - INFO - Downloading 005720 (넥센)...
2026-01-05 12:41:48,173 - INFO - Success 002310
2026-01-05 12:41:48,174 - INFO - Downloading 394660 (TIGER 글로벌자율주행&전기차SOLACTIVE)...
2026-01-05 12:41:48,189 - INFO - Success 128820
2026-01-05 12:41:48,189 - INFO - Downloading 495850 (KODEX 코리아밸류업)...
2026-01-05 12:41:48,236 - INFO - Success 005720
2026-01-05 12:41:48,236 - INFO - Downloading 485540 (KODEX 미국AI테크TOP10)...
2026-01-05 12:41:48,237 - INFO - Success 495850
2026-01-05 12:41:48,238 - INFO - Downloading 0038A0 (KODEX 미국휴머노이드로봇)...
2026-01-05 12:41:48,240 - INFO - Success 394660
2026-01-05 12:41:48,241 - INFO - Downloading 302190 (TIGER 중장기국채)...
2026-01-05 12:41:48,289 - INFO - Success 485540
2026-01-05 12:41:48,289 - INFO - Downloading 012030 (DB)...
2026-01-05 12:41:48,313 - INFO - Success 302190
2026-01-05 12:41:48,313 - INFO - Downloading 0047A0 (TIGER 차이나테크TOP10)...
2026-01-05 12:41:48,368 - INFO - Success 012030
2026-01-05 12:41:48,368 - INFO - Downloading 001820 (삼화콘덴서)...
2026-01-05 12:41:48,445 - INFO - Success 001820
2026-01-05 12:41:48,445 - INFO - Downloading 033270 (유나이티드제약)...
2026-01-05 12:41:48,526 - ERROR - Error downloading 0038A0: 404 Client Error: Not Found for url: https://query2.finance.yahoo.com/v8/finance/chart/0038A0?period1=-32400&period2=1735570800&interval=1d&includeAdjustedClose=true
2026-01-05 12:41:48,526 - INFO - Downloading 005090 (SGC에너지)...
2026-01-05 12:41:48,528 - INFO - Success 033270
2026-01-05 12:41:48,528 - INFO - Downloading 448300 (TIGER 미국나스닥100(H))...
2026-01-05 12:41:48,583 - INFO - Success 448300
2026-01-05 12:41:48,583 - INFO - Downloading 034830 (한국토지신탁)...
2026-01-05 12:41:48,612 - INFO - Success 005090
2026-01-05 12:41:48,613 - INFO - Downloading 001510 (SK증권)...
2026-01-05 12:41:48,647 - ERROR - Error downloading 0047A0: 404 Client Error: Not Found for url: https://query2.finance.yahoo.com/v8/finance/chart/0047A0?period1=-32400&period2=1735570800&interval=1d&includeAdjustedClose=true
2026-01-05 12:41:48,647 - INFO - Downloading 277630 (TIGER 코스피)...
2026-01-05 12:41:48,686 - INFO - Success 001510
2026-01-05 12:41:48,686 - INFO - Downloading 009290 (광동제약)...
2026-01-05 12:41:48,714 - INFO - Success 277630
2026-01-05 12:41:48,714 - INFO - Downloading 010580 (에스엠벡셀)...
2026-01-05 12:41:48,732 - INFO - Success 034830
2026-01-05 12:41:48,732 - INFO - Downloading 484880 (SOL 금융지주플러스고배당)...
2026-01-05 12:41:48,768 - INFO - Success 009290
2026-01-05 12:41:48,768 - INFO - Downloading 017390 (서울가스)...
2026-01-05 12:41:48,783 - INFO - Success 484880
2026-01-05 12:41:48,784 - INFO - Downloading 490490 (SOL 미국배당미국채혼합50)...
2026-01-05 12:41:48,789 - INFO - Success 010580
2026-01-05 12:41:48,789 - INFO - Downloading 138490 (코오롱ENP)...
2026-01-05 12:41:48,827 - INFO - Success 490490
2026-01-05 12:41:48,827 - INFO - Downloading 126720 (수산인더스트리)...
2026-01-05 12:41:48,846 - INFO - Success 017390
2026-01-05 12:41:48,846 - INFO - Downloading 006340 (대원전선)...
2026-01-05 12:41:48,866 - INFO - Success 138490
2026-01-05 12:41:48,866 - INFO - Downloading 364970 (TIGER 바이오TOP10)...
2026-01-05 12:41:48,880 - INFO - Success 126720
2026-01-05 12:41:48,880 - INFO - Downloading 003920 (남양유업)...
2026-01-05 12:41:48,928 - INFO - Success 364970
2026-01-05 12:41:48,928 - INFO - Downloading 241590 (화승엔터프라이즈)...
2026-01-05 12:41:48,929 - INFO - Success 006340
2026-01-05 12:41:48,929 - INFO - Downloading 273140 (KODEX 단기변동금리부채권액티브)...
2026-01-05 12:41:48,958 - INFO - Success 003920
2026-01-05 12:41:48,959 - INFO - Downloading 377190 (디앤디플랫폼리츠)...
2026-01-05 12:41:49,008 - INFO - Success 241590
2026-01-05 12:41:49,008 - INFO - Success 273140
2026-01-05 12:41:49,008 - INFO - Downloading 002320 (한진)...
2026-01-05 12:41:49,009 - INFO - Downloading 458260 (TIGER 미국투자등급회사채액티브(H))...
2026-01-05 12:41:49,015 - INFO - Success 377190
2026-01-05 12:41:49,015 - INFO - Downloading 092230 (KPX홀딩스)...
2026-01-05 12:41:49,064 - INFO - Success 458260
2026-01-05 12:41:49,064 - INFO - Downloading 004310 (현대약품)...
2026-01-05 12:41:49,097 - INFO - Success 002320
2026-01-05 12:41:49,097 - INFO - Downloading 481190 (SOL 미국테크TOP10)...
2026-01-05 12:41:49,099 - INFO - Success 092230
2026-01-05 12:41:49,099 - INFO - Downloading 123890 (한국자산신탁)...
2026-01-05 12:41:49,145 - INFO - Success 481190
2026-01-05 12:41:49,145 - INFO - Downloading 007690 (국도화학)...
2026-01-05 12:41:49,149 - INFO - Success 004310
2026-01-05 12:41:49,149 - INFO - Downloading 441800 (TIMEFOLIO Korea플러스배당액티브)...
2026-01-05 12:41:49,170 - INFO - Success 123890
2026-01-05 12:41:49,170 - INFO - Downloading 002810 (삼영무역)...
2026-01-05 12:41:49,208 - INFO - Success 441800
2026-01-05 12:41:49,208 - INFO - Downloading 334890 (이지스밸류플러스리츠)...
2026-01-05 12:41:49,223 - INFO - Success 007690
2026-01-05 12:41:49,223 - INFO - Downloading 286940 (롯데이노베이트)...
2026-01-05 12:41:49,249 - INFO - Success 002810
2026-01-05 12:41:49,249 - INFO - Downloading 0016X0 (SOL 중단기회사채(A-이상)액티브)...
2026-01-05 12:41:49,256 - INFO - Success 334890
2026-01-05 12:41:49,256 - INFO - Downloading 088260 (이리츠코크렙)...
2026-01-05 12:41:49,294 - INFO - Success 286940
2026-01-05 12:41:49,294 - INFO - Downloading 900140 (엘브이엠씨홀딩스)...
2026-01-05 12:41:49,319 - INFO - Success 088260
2026-01-05 12:41:49,319 - INFO - Downloading 237350 (KODEX 코스피100)...
2026-01-05 12:41:49,371 - INFO - Success 900140
2026-01-05 12:41:49,371 - INFO - Downloading 435420 (TIGER 미국나스닥100채권혼합Fn)...
2026-01-05 12:41:49,391 - INFO - Success 237350
2026-01-05 12:41:49,391 - INFO - Downloading 000680 (LS네트웍스)...
2026-01-05 12:41:49,426 - INFO - Success 435420
2026-01-05 12:41:49,426 - INFO - Downloading 261260 (KODEX 미국달러선물인버스2X)...
2026-01-05 12:41:49,465 - INFO - Success 000680
2026-01-05 12:41:49,465 - INFO - Downloading 011760 (현대코퍼레이션)...
2026-01-05 12:41:49,498 - INFO - Success 261260
2026-01-05 12:41:49,498 - INFO - Downloading 488080 (TIGER 반도체TOP10레버리지)...
2026-01-05 12:41:49,547 - INFO - Success 488080
2026-01-05 12:41:49,548 - INFO - Downloading 394670 (TIGER 글로벌리튬&2차전지SOLACTIVE(합성))...
2026-01-05 12:41:49,548 - INFO - Success 011760
2026-01-05 12:41:49,549 - INFO - Downloading 010690 (화신)...
2026-01-05 12:41:49,578 - ERROR - Error downloading 0016X0: 404 Client Error: Not Found for url: https://query2.finance.yahoo.com/v8/finance/chart/0016X0?period1=-32400&period2=1735570800&interval=1d&includeAdjustedClose=true
2026-01-05 12:41:49,579 - INFO - Downloading 003120 (일성아이에스)...
2026-01-05 12:41:49,605 - INFO - Success 394670
2026-01-05 12:41:49,605 - INFO - Downloading 009680 (모토닉)...
2026-01-05 12:41:49,624 - INFO - Success 010690
2026-01-05 12:41:49,625 - INFO - Downloading 448540 (ACE 엔비디아채권혼합)...
2026-01-05 12:41:49,637 - INFO - Success 003120
2026-01-05 12:41:49,637 - INFO - Downloading 0091P0 (TIGER 코리아원자력)...
2026-01-05 12:41:49,685 - INFO - Success 448540
2026-01-05 12:41:49,686 - INFO - Downloading 078520 (에이블씨엔씨)...
2026-01-05 12:41:49,686 - INFO - Success 009680
2026-01-05 12:41:49,687 - INFO - Downloading 307520 (TIGER 지주회사)...
2026-01-05 12:41:49,758 - INFO - Success 307520
2026-01-05 12:41:49,758 - INFO - Downloading 007160 (사조산업)...
2026-01-05 12:41:49,762 - INFO - Success 078520
2026-01-05 12:41:49,762 - INFO - Downloading 244580 (KODEX 바이오)...
2026-01-05 12:41:49,835 - INFO - Success 244580
2026-01-05 12:41:49,835 - INFO - Downloading 033530 (SJG세종)...
2026-01-05 12:41:49,838 - INFO - Success 007160
2026-01-05 12:41:49,838 - INFO - Downloading 013890 (지누스)...
2026-01-05 12:41:49,913 - INFO - Success 013890
2026-01-05 12:41:49,913 - INFO - Downloading 469070 (RISE AI&로봇)...
2026-01-05 12:41:49,919 - INFO - Success 033530
2026-01-05 12:41:49,919 - INFO - Downloading 000320 (노루홀딩스)...
2026-01-05 12:41:49,962 - INFO - Success 469070
2026-01-05 12:41:49,962 - INFO - Downloading 295040 (SOL 200TR)...
2026-01-05 12:41:49,971 - ERROR - Error downloading 0091P0: 404 Client Error: Not Found for url: https://query2.finance.yahoo.com/v8/finance/chart/0091P0?period1=-32400&period2=1735570800&interval=1d&includeAdjustedClose=true
2026-01-05 12:41:49,972 - INFO - Downloading 003200 (일신방직)...
2026-01-05 12:41:49,996 - INFO - Success 000320
2026-01-05 12:41:49,996 - INFO - Downloading 464240 (KIWOOM 26-09회사채(AA-이상)액티브)...
2026-01-05 12:41:50,029 - INFO - Success 295040
2026-01-05 12:41:50,029 - INFO - Downloading 0030R0 (대신밸류리츠)...
2026-01-05 12:41:50,041 - INFO - Success 464240
2026-01-05 12:41:50,041 - INFO - Downloading 491620 (RISE 미국테크100데일리고정커버드콜)...
2026-01-05 12:41:50,056 - INFO - Success 003200
2026-01-05 12:41:50,056 - INFO - Downloading 002900 (TYM)...
2026-01-05 12:41:50,085 - INFO - Success 491620
2026-01-05 12:41:50,085 - INFO - Downloading 493810 (TIGER 미국AI빅테크10타겟데일리커버드콜)...
2026-01-05 12:41:50,133 - INFO - Success 002900
2026-01-05 12:41:50,133 - INFO - Downloading 418660 (TIGER 미국나스닥100레버리지(합성))...
2026-01-05 12:41:50,138 - INFO - Success 493810
2026-01-05 12:41:50,138 - INFO - Downloading 486450 (SOL 미국AI전력인프라)...
2026-01-05 12:41:50,186 - INFO - Success 486450
2026-01-05 12:41:50,186 - INFO - Downloading 004360 (세방)...
2026-01-05 12:41:50,191 - INFO - Success 418660
2026-01-05 12:41:50,191 - INFO - Downloading 003220 (대원제약)...
2026-01-05 12:41:50,264 - INFO - Success 004360
2026-01-05 12:41:50,264 - INFO - Downloading 463250 (TIGER K방산&우주)...
2026-01-05 12:41:50,267 - INFO - Success 003220
2026-01-05 12:41:50,267 - INFO - Downloading 0048K0 (KODEX 차이나휴머노이드로봇)...
2026-01-05 12:41:50,313 - INFO - Success 463250
2026-01-05 12:41:50,313 - INFO - Downloading 0105E0 (SOL 코리아고배당)...
2026-01-05 12:41:50,315 - ERROR - Error downloading 0030R0: 404 Client Error: Not Found for url: https://query2.finance.yahoo.com/v8/finance/chart/0030R0?period1=-32400&period2=1735570800&interval=1d&includeAdjustedClose=true
2026-01-05 12:41:50,316 - INFO - Downloading 498270 (KIWOOM 미국양자컴퓨팅)...
2026-01-05 12:41:50,360 - INFO - Success 498270
2026-01-05 12:41:50,360 - INFO - Downloading 035150 (백산)...
2026-01-05 12:41:50,432 - INFO - Success 035150
2026-01-05 12:41:50,433 - INFO - Downloading 084010 (대한제강)...
2026-01-05 12:41:50,509 - INFO - Success 084010
2026-01-05 12:41:50,509 - INFO - Downloading 006405 (삼성SDI우)...
2026-01-05 12:41:50,585 - INFO - Success 006405
2026-01-05 12:41:50,585 - INFO - Downloading 0040Y0 (SOL 팔란티어커버드콜OTM채권혼합)...
2026-01-05 12:41:50,588 - ERROR - Error downloading 0048K0: 404 Client Error: Not Found for url: https://query2.finance.yahoo.com/v8/finance/chart/0048K0?period1=-32400&period2=1735570800&interval=1d&includeAdjustedClose=true
2026-01-05 12:41:50,589 - INFO - Downloading 092790 (넥스틸)...
2026-01-05 12:41:50,603 - ERROR - Error downloading 0105E0: 404 Client Error: Not Found for url: https://query2.finance.yahoo.com/v8/finance/chart/0105E0?period1=-32400&period2=1735570800&interval=1d&includeAdjustedClose=true
2026-01-05 12:41:50,603 - INFO - Downloading 122900 (아이마켓코리아)...
2026-01-05 12:41:50,639 - INFO - Success 092790
2026-01-05 12:41:50,639 - INFO - Downloading 226320 (잇츠한불)...
2026-01-05 12:41:50,678 - INFO - Success 122900
2026-01-05 12:41:50,679 - INFO - Downloading 385550 (RISE 단기채권알파액티브)...
2026-01-05 12:41:50,715 - INFO - Success 226320
2026-01-05 12:41:50,716 - INFO - Downloading 096760 (JW홀딩스)...
2026-01-05 12:41:50,739 - INFO - Success 385550
2026-01-05 12:41:50,739 - INFO - Downloading 143860 (TIGER 헬스케어)...
2026-01-05 12:41:50,770 - INFO - Success 096760
2026-01-05 12:41:50,770 - INFO - Downloading 388420 (RISE 비메모리반도체액티브)...
2026-01-05 12:41:50,813 - INFO - Success 143860
2026-01-05 12:41:50,813 - INFO - Downloading 033920 (무학)...
2026-01-05 12:41:50,844 - INFO - Success 388420
2026-01-05 12:41:50,845 - INFO - Downloading 005500 (삼진제약)...
2026-01-05 12:41:50,899 - INFO - Success 033920
2026-01-05 12:41:50,899 - INFO - Downloading 452260 (한화갤러리아)...
2026-01-05 12:41:50,934 - ERROR - Error downloading 0040Y0: 404 Client Error: Not Found for url: https://query2.finance.yahoo.com/v8/finance/chart/0040Y0?period1=-32400&period2=1735570800&interval=1d&includeAdjustedClose=true
2026-01-05 12:41:50,935 - INFO - Downloading 329650 (KODEX TRF3070)...
2026-01-05 12:41:50,938 - INFO - Success 005500
2026-01-05 12:41:50,938 - INFO - Downloading 448330 (KODEX 삼성전자채권혼합)...
2026-01-05 12:41:50,954 - INFO - Success 452260
2026-01-05 12:41:50,954 - INFO - Downloading 108670 (LX하우시스)...
2026-01-05 12:41:50,989 - INFO - Success 448330
2026-01-05 12:41:50,989 - INFO - Downloading 000430 (대원강업)...
2026-01-05 12:41:51,004 - INFO - Success 329650
2026-01-05 12:41:51,004 - INFO - Downloading 001460 (BYC)...
2026-01-05 12:41:51,031 - INFO - Success 108670
2026-01-05 12:41:51,031 - INFO - Downloading 472150 (TIGER 배당커버드콜액티브)...
2026-01-05 12:41:51,067 - INFO - Success 000430
2026-01-05 12:41:51,067 - INFO - Downloading 279530 (KODEX 고배당주)...
2026-01-05 12:41:51,080 - INFO - Success 472150
2026-01-05 12:41:51,081 - INFO - Downloading 475050 (ACE KPOP포커스)...
2026-01-05 12:41:51,135 - INFO - Success 475050
2026-01-05 12:41:51,135 - INFO - Downloading 000490 (대동)...
2026-01-05 12:41:51,136 - INFO - Success 279530
2026-01-05 12:41:51,136 - INFO - Downloading 001790 (대한제당)...
2026-01-05 12:41:51,154 - INFO - Success 001460
2026-01-05 12:41:51,154 - INFO - Downloading 037710 (광주신세계)...
2026-01-05 12:41:51,216 - INFO - Success 001790
2026-01-05 12:41:51,216 - INFO - Downloading 001340 (PKC)...
2026-01-05 12:41:51,216 - INFO - Success 000490
2026-01-05 12:41:51,217 - INFO - Downloading 007570 (일양약품)...
2026-01-05 12:41:51,227 - INFO - Success 037710
2026-01-05 12:41:51,227 - INFO - Downloading 302450 (RISE 코스피)...
2026-01-05 12:41:51,294 - INFO - Success 007570
2026-01-05 12:41:51,294 - INFO - Downloading 000050 (경방)...
2026-01-05 12:41:51,299 - INFO - Success 001340
2026-01-05 12:41:51,299 - INFO - Success 302450
2026-01-05 12:41:51,299 - INFO - Downloading 476450 (KIWOOM 머니마켓액티브)...
2026-01-05 12:41:51,299 - INFO - Downloading 530136 (삼성 인버스 2X 천연가스 선물 ETN D)...
2026-01-05 12:41:51,340 - WARNING - Empty data for 530136
2026-01-05 12:41:51,341 - INFO - Downloading 008490 (서흥)...
2026-01-05 12:41:51,348 - INFO - Success 476450
2026-01-05 12:41:51,348 - INFO - Downloading 196230 (RISE 단기통안채)...
2026-01-05 12:41:51,416 - INFO - Success 008490
2026-01-05 12:41:51,416 - INFO - Downloading 471990 (KODEX AI반도체핵심장비)...
2026-01-05 12:41:51,424 - INFO - Success 196230
2026-01-05 12:41:51,425 - INFO - Downloading 001750 (한양증권)...
2026-01-05 12:41:51,440 - INFO - Success 000050
2026-01-05 12:41:51,440 - INFO - Downloading 001130 (대한제분)...
2026-01-05 12:41:51,470 - INFO - Success 471990
2026-01-05 12:41:51,470 - INFO - Downloading 210980 (SK디앤디)...
2026-01-05 12:41:51,508 - INFO - Success 001750
2026-01-05 12:41:51,508 - INFO - Downloading 051905 (LG생활건강우)...
2026-01-05 12:41:51,517 - INFO - Success 001130
2026-01-05 12:41:51,517 - INFO - Downloading 304660 (KODEX 미국30년국채울트라선물(H))...
2026-01-05 12:41:51,541 - INFO - Success 210980
2026-01-05 12:41:51,542 - INFO - Downloading 570022 (한투 레버리지 S&P500 선물 ETN(H))...
2026-01-05 12:41:51,590 - INFO - Success 304660
2026-01-05 12:41:51,590 - INFO - Downloading 491610 (1Q CD금리액티브(합성))...
2026-01-05 12:41:51,591 - INFO - Success 051905
2026-01-05 12:41:51,591 - INFO - Downloading 0094K0 (TIGER 28-04 회사채(A+이상)액티브)...
2026-01-05 12:41:51,623 - INFO - Success 570022
2026-01-05 12:41:51,624 - INFO - Downloading 305080 (TIGER 미국채10년선물)...
2026-01-05 12:41:51,658 - INFO - Success 491610
2026-01-05 12:41:51,658 - INFO - Downloading 478150 (TIMEFOLIO 글로벌우주테크&방산액티브)...
2026-01-05 12:41:51,689 - INFO - Success 305080
2026-01-05 12:41:51,689 - INFO - Downloading 0026S0 (1Q 미국S&P500)...
2026-01-05 12:41:51,701 - INFO - Success 478150
2026-01-05 12:41:51,701 - INFO - Downloading 011500 (한농화성)...
2026-01-05 12:41:51,780 - INFO - Success 011500
2026-01-05 12:41:51,780 - INFO - Downloading 200250 (KIWOOM 인도Nifty50(합성))...
2026-01-05 12:41:51,854 - INFO - Success 200250
2026-01-05 12:41:51,854 - INFO - Downloading 530061 (삼성 레버리지 은 선물 ETN(H))...
2026-01-05 12:41:51,875 - ERROR - Error downloading 0094K0: 404 Client Error: Not Found for url: https://query2.finance.yahoo.com/v8/finance/chart/0094K0?period1=-32400&period2=1735570800&interval=1d&includeAdjustedClose=true
2026-01-05 12:41:51,876 - INFO - Downloading 007460 (에이프로젠)...
2026-01-05 12:41:51,916 - INFO - Success 530061
2026-01-05 12:41:51,916 - INFO - Downloading 409820 (KODEX 미국나스닥100레버리지(합성 H))...
2026-01-05 12:41:51,946 - INFO - Success 007460
2026-01-05 12:41:51,946 - INFO - Downloading 283580 (KODEX 차이나CSI300)...
2026-01-05 12:41:51,969 - ERROR - Error downloading 0026S0: 404 Client Error: Not Found for url: https://query2.finance.yahoo.com/v8/finance/chart/0026S0?period1=-32400&period2=1735570800&interval=1d&includeAdjustedClose=true
2026-01-05 12:41:51,969 - INFO - Downloading 500077 (신한 인버스0.5X S&P500 VIX S/T선물 ETN)...
2026-01-05 12:41:51,995 - INFO - Success 409820
2026-01-05 12:41:51,995 - INFO - Downloading 251340 (KODEX 코스닥150선물인버스)...
2026-01-05 12:41:52,023 - INFO - Success 500077
2026-01-05 12:41:52,024 - INFO - Downloading 005010 (휴스틸)...
2026-01-05 12:41:52,024 - INFO - Success 283580
2026-01-05 12:41:52,025 - INFO - Downloading 053210 (스카이라이프)...
2026-01-05 12:41:52,070 - INFO - Success 251340
2026-01-05 12:41:52,070 - INFO - Downloading 490090 (TIGER 미국AI빅테크10)...
2026-01-05 12:41:52,107 - INFO - Success 005010
2026-01-05 12:41:52,107 - INFO - Downloading 058430 (포스코스틸리온)...
2026-01-05 12:41:52,108 - INFO - Success 053210
2026-01-05 12:41:52,108 - INFO - Downloading 271980 (제일약품)...
2026-01-05 12:41:52,119 - INFO - Success 490090
2026-01-05 12:41:52,119 - INFO - Downloading 003350 (한국화장품제조)...
2026-01-05 12:41:52,173 - INFO - Success 271980
2026-01-05 12:41:52,173 - INFO - Downloading 004980 (성신양회)...
2026-01-05 12:41:52,186 - INFO - Success 058430
2026-01-05 12:41:52,186 - INFO - Downloading 001230 (동국홀딩스)...
2026-01-05 12:41:52,196 - INFO - Success 003350
2026-01-05 12:41:52,196 - INFO - Downloading 003070 (코오롱글로벌)...
2026-01-05 12:41:52,248 - INFO - Success 004980
2026-01-05 12:41:52,248 - INFO - Downloading 035510 (신세계 I&C)...
2026-01-05 12:41:52,262 - INFO - Success 001230
2026-01-05 12:41:52,262 - INFO - Downloading 520009 (미래에셋 레버리지 원유선물혼합 ETN(H))...
2026-01-05 12:41:52,273 - INFO - Success 003070
2026-01-05 12:41:52,273 - INFO - Downloading 028100 (동아지질)...
2026-01-05 12:41:52,330 - INFO - Success 035510
2026-01-05 12:41:52,330 - INFO - Downloading 001630 (종근당홀딩스)...
2026-01-05 12:41:52,331 - INFO - Success 520009
2026-01-05 12:41:52,331 - INFO - Downloading 000540 (흥국화재)...
2026-01-05 12:41:52,349 - INFO - Success 028100
2026-01-05 12:41:52,349 - INFO - Downloading 136490 (선진)...
2026-01-05 12:41:52,411 - INFO - Success 001630
2026-01-05 12:41:52,411 - INFO - Downloading 003610 (방림)...
2026-01-05 12:41:52,414 - INFO - Success 000540
2026-01-05 12:41:52,415 - INFO - Downloading 000480 (CR홀딩스)...
2026-01-05 12:41:52,427 - INFO - Success 136490
2026-01-05 12:41:52,427 - INFO - Downloading 000140 (하이트진로홀딩스)...
2026-01-05 12:41:52,492 - INFO - Success 003610
2026-01-05 12:41:52,493 - INFO - Success 000480
2026-01-05 12:41:52,493 - INFO - Downloading 488980 (SOL 26-12 회사채(AA-이상)액티브)...
2026-01-05 12:41:52,493 - INFO - Downloading 007860 (서연)...
2026-01-05 12:41:52,502 - INFO - Success 000140
2026-01-05 12:41:52,502 - INFO - Downloading 005950 (이수화학)...
2026-01-05 12:41:52,539 - INFO - Success 488980
2026-01-05 12:41:52,539 - INFO - Downloading 0064K0 (KODEX 금액티브)...
2026-01-05 12:41:52,567 - INFO - Success 007860
2026-01-05 12:41:52,567 - INFO - Downloading 02826K (삼성물산우B)...
2026-01-05 12:41:52,576 - INFO - Success 005950
2026-01-05 12:41:52,576 - INFO - Downloading 003650 (미창석유)...
2026-01-05 12:41:52,640 - INFO - Success 003650
2026-01-05 12:41:52,640 - INFO - Downloading 117580 (대성에너지)...
2026-01-05 12:41:52,641 - INFO - Success 02826K
2026-01-05 12:41:52,641 - INFO - Downloading 214420 (토니모리)...
2026-01-05 12:41:52,722 - INFO - Success 214420
2026-01-05 12:41:52,722 - INFO - Downloading 481180 (SOL 미국AI소프트웨어)...
2026-01-05 12:41:52,724 - INFO - Success 117580
2026-01-05 12:41:52,724 - INFO - Downloading 012200 (계양전기)...
2026-01-05 12:41:52,769 - INFO - Success 481180
2026-01-05 12:41:52,769 - INFO - Downloading 004430 (송원산업)...
2026-01-05 12:41:52,802 - INFO - Success 012200
2026-01-05 12:41:52,802 - INFO - Downloading 461950 (KODEX 2차전지핵심소재10)...
2026-01-05 12:41:52,853 - INFO - Success 461950
2026-01-05 12:41:52,853 - INFO - Downloading 039570 (HDC랩스)...
2026-01-05 12:41:52,854 - INFO - Success 004430
2026-01-05 12:41:52,854 - INFO - Downloading 084680 (이월드)...
2026-01-05 12:41:52,870 - ERROR - Error downloading 0064K0: 404 Client Error: Not Found for url: https://query2.finance.yahoo.com/v8/finance/chart/0064K0?period1=-32400&period2=1735570800&interval=1d&includeAdjustedClose=true
2026-01-05 12:41:52,870 - INFO - Downloading 000520 (삼일제약)...
2026-01-05 12:41:52,935 - INFO - Success 084680
2026-01-05 12:41:52,935 - INFO - Downloading 487570 (HS효성)...
2026-01-05 12:41:52,936 - INFO - Success 039570
2026-01-05 12:41:52,937 - INFO - Downloading 339770 (교촌에프앤비)...
2026-01-05 12:41:52,951 - INFO - Success 000520
2026-01-05 12:41:52,951 - INFO - Downloading 001520 (동양)...
2026-01-05 12:41:52,983 - INFO - Success 487570
2026-01-05 12:41:52,984 - INFO - Downloading 030210 (다올투자증권)...
2026-01-05 12:41:53,020 - INFO - Success 339770
2026-01-05 12:41:53,020 - INFO - Downloading 095570 (AJ네트웍스)...
2026-01-05 12:41:53,034 - INFO - Success 001520
2026-01-05 12:41:53,034 - INFO - Downloading 003720 (삼영)...
2026-01-05 12:41:53,078 - INFO - Success 030210
2026-01-05 12:41:53,078 - INFO - Downloading 422420 (RISE 2차전지액티브)...
2026-01-05 12:41:53,094 - INFO - Success 095570
2026-01-05 12:41:53,094 - INFO - Downloading 244920 (에이플러스에셋)...
2026-01-05 12:41:53,112 - INFO - Success 003720
2026-01-05 12:41:53,113 - INFO - Downloading 404990 (신한서부티엔디리츠)...
2026-01-05 12:41:53,133 - INFO - Success 422420
2026-01-05 12:41:53,133 - INFO - Downloading 001780 (알루코)...
2026-01-05 12:41:53,146 - INFO - Success 244920
2026-01-05 12:41:53,146 - INFO - Downloading 0089D0 (KODEX 금융고배당TOP10)...
2026-01-05 12:41:53,171 - INFO - Success 404990
2026-01-05 12:41:53,171 - INFO - Downloading 134380 (미원화학)...
2026-01-05 12:41:53,213 - INFO - Success 001780
2026-01-05 12:41:53,214 - INFO - Downloading 102260 (동성케미컬)...
2026-01-05 12:41:53,249 - INFO - Success 134380
2026-01-05 12:41:53,249 - INFO - Downloading 005680 (삼영전자)...
2026-01-05 12:41:53,271 - INFO - Success 102260
2026-01-05 12:41:53,271 - INFO - Downloading 002150 (도화엔지니어링)...
2026-01-05 12:41:53,325 - INFO - Success 005680
2026-01-05 12:41:53,325 - INFO - Downloading 0080G0 (KODEX K방산TOP10)...
2026-01-05 12:41:53,343 - INFO - Success 002150
2026-01-05 12:41:53,343 - INFO - Downloading 004380 (삼익THK)...
2026-01-05 12:41:53,419 - INFO - Success 004380
2026-01-05 12:41:53,419 - INFO - Downloading 044450 (KSS해운)...
2026-01-05 12:41:53,496 - INFO - Success 044450
2026-01-05 12:41:53,497 - INFO - Downloading 700028 (하나 레버리지 반도체 ETN)...
2026-01-05 12:41:53,534 - WARNING - Empty data for 700028
2026-01-05 12:41:53,534 - INFO - Downloading 001045 (CJ우)...
2026-01-05 12:41:53,618 - INFO - Success 001045
2026-01-05 12:41:53,618 - INFO - Downloading 000390 (삼화페인트)...
2026-01-05 12:41:53,676 - ERROR - Error downloading 0089D0: 404 Client Error: Not Found for url: https://query2.finance.yahoo.com/v8/finance/chart/0089D0?period1=-32400&period2=1735570800&interval=1d&includeAdjustedClose=true
2026-01-05 12:41:53,677 - INFO - Downloading 102460 (이연제약)...
2026-01-05 12:41:53,701 - INFO - Success 000390
2026-01-05 12:41:53,701 - INFO - Downloading 298690 (에어부산)...
2026-01-05 12:41:53,759 - INFO - Success 102460
2026-01-05 12:41:53,759 - INFO - Downloading 234080 (JW생명과학)...
2026-01-05 12:41:53,773 - INFO - Success 298690
2026-01-05 12:41:53,774 - INFO - Downloading 084670 (동양고속)...
2026-01-05 12:41:53,832 - INFO - Success 234080
2026-01-05 12:41:53,832 - INFO - Downloading 101530 (해태제과식품)...
2026-01-05 12:41:53,854 - INFO - Success 084670
2026-01-05 12:41:53,854 - INFO - Downloading 012610 (경인양행)...
2026-01-05 12:41:53,885 - ERROR - Error downloading 0080G0: 404 Client Error: Not Found for url: https://query2.finance.yahoo.com/v8/finance/chart/0080G0?period1=-32400&period2=1735570800&interval=1d&includeAdjustedClose=true
2026-01-05 12:41:53,886 - INFO - Downloading 005430 (한국공항)...
2026-01-05 12:41:53,911 - INFO - Success 101530
2026-01-05 12:41:53,911 - INFO - Downloading 016580 (환인제약)...
2026-01-05 12:41:53,933 - INFO - Success 012610
2026-01-05 12:41:53,933 - INFO - Downloading 009470 (삼화전기)...
2026-01-05 12:41:53,997 - INFO - Success 016580
2026-01-05 12:41:53,997 - INFO - Downloading 272550 (삼양패키징)...
2026-01-05 12:41:54,018 - INFO - Success 009470
2026-01-05 12:41:54,018 - INFO - Downloading 520094 (미래에셋 CD금리 플러스 ETN)...
2026-01-05 12:41:54,027 - INFO - Success 005430
2026-01-05 12:41:54,027 - INFO - Downloading 010820 (퍼스텍)...
2026-01-05 12:41:54,055 - WARNING - Empty data for 520094
2026-01-05 12:41:54,055 - INFO - Downloading 003547 (대신증권2우B)...
2026-01-05 12:41:54,074 - INFO - Success 272550
2026-01-05 12:41:54,074 - INFO - Downloading 192090 (TIGER 차이나CSI300)...
2026-01-05 12:41:54,104 - INFO - Success 010820
2026-01-05 12:41:54,104 - INFO - Downloading 003555 (LG우)...
2026-01-05 12:41:54,130 - INFO - Success 003547
2026-01-05 12:41:54,130 - INFO - Downloading 385510 (KODEX 신재생에너지액티브)...
2026-01-05 12:41:54,149 - INFO - Success 192090
2026-01-05 12:41:54,149 - INFO - Downloading 006805 (미래에셋증권우)...
2026-01-05 12:41:54,176 - INFO - Success 003555
2026-01-05 12:41:54,176 - INFO - Downloading 452360 (SOL 미국배당다우존스(H))...
2026-01-05 12:41:54,187 - INFO - Success 385510
2026-01-05 12:41:54,187 - INFO - Downloading 053690 (한미글로벌)...
2026-01-05 12:41:54,224 - INFO - Success 006805
2026-01-05 12:41:54,224 - INFO - Downloading 123690 (한국화장품)...
2026-01-05 12:41:54,230 - INFO - Success 452360
2026-01-05 12:41:54,230 - INFO - Downloading 006060 (화승인더)...
2026-01-05 12:41:54,266 - INFO - Success 053690
2026-01-05 12:41:54,266 - INFO - Downloading 025000 (KPX케미칼)...
2026-01-05 12:41:54,311 - INFO - Success 006060
2026-01-05 12:41:54,311 - INFO - Downloading 433330 (SOL 미국S&P500)...
2026-01-05 12:41:54,312 - INFO - Success 123690
2026-01-05 12:41:54,313 - INFO - Downloading 025820 (이구산업)...
2026-01-05 12:41:54,343 - INFO - Success 025000
2026-01-05 12:41:54,343 - INFO - Downloading 414780 (TIGER 차이나과창판STAR50(합성))...
2026-01-05 12:41:54,373 - INFO - Success 433330
2026-01-05 12:41:54,373 - INFO - Downloading 0043Y0 (TIMEFOLIO 차이나AI테크액티브)...
2026-01-05 12:41:54,390 - INFO - Success 025820
2026-01-05 12:41:54,390 - INFO - Downloading 025620 (차AI헬스케어)...
2026-01-05 12:41:54,398 - INFO - Success 414780
2026-01-05 12:41:54,398 - INFO - Downloading 010955 (S-Oil우)...
2026-01-05 12:41:54,472 - INFO - Success 025620
2026-01-05 12:41:54,472 - INFO - Downloading 483320 (ACE 엔비디아밸류체인액티브)...
2026-01-05 12:41:54,479 - INFO - Success 010955
2026-01-05 12:41:54,479 - INFO - Downloading 0052S0 (1Q 미국S&P500미국채혼합50액티브)...
2026-01-05 12:41:54,519 - INFO - Success 483320
2026-01-05 12:41:54,519 - INFO - Downloading 272560 (RISE 단기국공채액티브)...
2026-01-05 12:41:54,585 - INFO - Success 272560
2026-01-05 12:41:54,585 - INFO - Downloading 213500 (한솔제지)...
2026-01-05 12:41:54,659 - ERROR - Error downloading 0043Y0: 404 Client Error: Not Found for url: https://query2.finance.yahoo.com/v8/finance/chart/0043Y0?period1=-32400&period2=1735570800&interval=1d&includeAdjustedClose=true
2026-01-05 12:41:54,661 - INFO - Downloading 004710 (한솔테크닉스)...
2026-01-05 12:41:54,664 - INFO - Success 213500
2026-01-05 12:41:54,664 - INFO - Downloading 0092C0 (SOL 27-12 회사채(AA-이상)액티브)...
2026-01-05 12:41:54,742 - INFO - Success 004710
2026-01-05 12:41:54,742 - INFO - Downloading 0001S0 (TIGER 26-04 회사채(A+이상)액티브)...
2026-01-05 12:41:54,828 - ERROR - Error downloading 0052S0: 404 Client Error: Not Found for url: https://query2.finance.yahoo.com/v8/finance/chart/0052S0?period1=-32400&period2=1735570800&interval=1d&includeAdjustedClose=true
2026-01-05 12:41:54,828 - INFO - Downloading 293480 (하나제약)...
2026-01-05 12:41:54,897 - INFO - Success 293480
2026-01-05 12:41:54,897 - INFO - Downloading 001250 (GS글로벌)...
2026-01-05 12:41:54,980 - INFO - Success 001250
2026-01-05 12:41:54,981 - INFO - Downloading 0127M0 (ACE 미국대형가치주액티브)...
2026-01-05 12:41:55,024 - ERROR - Error downloading 0001S0: 404 Client Error: Not Found for url: https://query2.finance.yahoo.com/v8/finance/chart/0001S0?period1=-32400&period2=1735570800&interval=1d&includeAdjustedClose=true
2026-01-05 12:41:55,024 - INFO - Downloading 480020 (ACE 미국빅테크7+데일리타겟커버드콜(합성))...
2026-01-05 12:41:55,029 - ERROR - Error downloading 0092C0: 404 Client Error: Not Found for url: https://query2.finance.yahoo.com/v8/finance/chart/0092C0?period1=-32400&period2=1735570800&interval=1d&includeAdjustedClose=true
2026-01-05 12:41:55,029 - INFO - Downloading 400760 (NH올원리츠)...
2026-01-05 12:41:55,074 - INFO - Success 480020
2026-01-05 12:41:55,074 - INFO - Downloading 031440 (신세계푸드)...
2026-01-05 12:41:55,090 - INFO - Success 400760
2026-01-05 12:41:55,090 - INFO - Downloading 036420 (콘텐트리중앙)...
2026-01-05 12:41:55,156 - INFO - Success 031440
2026-01-05 12:41:55,156 - INFO - Downloading 016880 (웅진)...
2026-01-05 12:41:55,170 - INFO - Success 036420
2026-01-05 12:41:55,170 - INFO - Downloading 097955 (CJ제일제당 우)...
2026-01-05 12:41:55,232 - INFO - Success 016880
2026-01-05 12:41:55,232 - INFO - Downloading 013580 (계룡건설)...
2026-01-05 12:41:55,250 - INFO - Success 097955
2026-01-05 12:41:55,250 - INFO - Downloading 458210 (KIWOOM CD금리액티브(합성))...
2026-01-05 12:41:55,304 - INFO - Success 458210
2026-01-05 12:41:55,304 - INFO - Downloading 008970 (KBI동양철관)...
2026-01-05 12:41:55,315 - INFO - Success 013580
2026-01-05 12:41:55,316 - INFO - Downloading 011785 (금호석유화학우)...
2026-01-05 12:41:55,328 - ERROR - Error downloading 0127M0: 404 Client Error: Not Found for url: https://query2.finance.yahoo.com/v8/finance/chart/0127M0?period1=-32400&period2=1735570800&interval=1d&includeAdjustedClose=true
2026-01-05 12:41:55,329 - INFO - Downloading 037560 (LG헬로비전)...
2026-01-05 12:41:55,383 - INFO - Success 008970
2026-01-05 12:41:55,383 - INFO - Downloading 009070 (KCTC)...
2026-01-05 12:41:55,399 - INFO - Success 011785
2026-01-05 12:41:55,400 - INFO - Downloading 001080 (만호제강)...
2026-01-05 12:41:55,414 - INFO - Success 037560
2026-01-05 12:41:55,414 - INFO - Downloading 002100 (경농)...
2026-01-05 12:41:55,465 - INFO - Success 009070
2026-01-05 12:41:55,466 - INFO - Downloading 004090 (한국석유)...
2026-01-05 12:41:55,481 - INFO - Success 001080
2026-01-05 12:41:55,481 - INFO - Downloading 520054 (미래에셋 레버리지 코스피200 선물 ETN)...
2026-01-05 12:41:55,490 - INFO - Success 002100
2026-01-05 12:41:55,490 - INFO - Downloading 310960 (TIGER 200TR)...
2026-01-05 12:41:55,546 - INFO - Success 520054
2026-01-05 12:41:55,546 - INFO - Downloading 015230 (대창단조)...
2026-01-05 12:41:55,547 - INFO - Success 004090
2026-01-05 12:41:55,547 - INFO - Downloading 071840 (롯데하이마트)...
2026-01-05 12:41:55,563 - INFO - Success 310960
2026-01-05 12:41:55,563 - INFO - Downloading 0123G0 (TIGER 미국AI전력SMR)...
2026-01-05 12:41:55,625 - INFO - Success 071840
2026-01-05 12:41:55,625 - INFO - Success 015230
2026-01-05 12:41:55,625 - INFO - Downloading 000860 (강남제비스코)...
2026-01-05 12:41:55,625 - INFO - Downloading 465780 (마이티 26-09 특수채(AAA)액티브)...
2026-01-05 12:41:55,674 - INFO - Success 465780
2026-01-05 12:41:55,674 - INFO - Downloading 372330 (KODEX 차이나항셍테크)...
2026-01-05 12:41:55,705 - INFO - Success 000860
2026-01-05 12:41:55,705 - INFO - Downloading 008350 (남선알미늄)...
2026-01-05 12:41:55,738 - INFO - Success 372330
2026-01-05 12:41:55,738 - INFO - Downloading 496080 (TIGER 코리아밸류업)...
2026-01-05 12:41:55,785 - INFO - Success 496080
2026-01-05 12:41:55,785 - INFO - Downloading 461270 (ACE 26-06 회사채(AA-이상)액티브)...
2026-01-05 12:41:55,786 - INFO - Success 008350
2026-01-05 12:41:55,786 - INFO - Downloading 0052T0 (1Q 중단기회사채(A-이상)액티브)...
2026-01-05 12:41:55,838 - INFO - Success 461270
2026-01-05 12:41:55,838 - INFO - Downloading 000020 (동화약품)...
2026-01-05 12:41:55,842 - ERROR - Error downloading 0123G0: 404 Client Error: Not Found for url: https://query2.finance.yahoo.com/v8/finance/chart/0123G0?period1=-32400&period2=1735570800&interval=1d&includeAdjustedClose=true
2026-01-05 12:41:55,842 - INFO - Downloading 100250 (진양홀딩스)...
2026-01-05 12:41:55,924 - INFO - Success 000020
2026-01-05 12:41:55,924 - INFO - Downloading 081000 (일진다이아)...
2026-01-05 12:41:55,926 - INFO - Success 100250
2026-01-05 12:41:55,926 - INFO - Downloading 489030 (PLUS 고배당주위클리커버드콜)...
2026-01-05 12:41:55,972 - INFO - Success 489030
2026-01-05 12:41:55,972 - INFO - Downloading 157500 (TIGER 증권)...
2026-01-05 12:41:56,009 - INFO - Success 081000
2026-01-05 12:41:56,009 - INFO - Downloading 009270 (신원)...
2026-01-05 12:41:56,055 - INFO - Success 157500
2026-01-05 12:41:56,055 - INFO - Downloading 500037 (신한 레버리지 금 선물 ETN)...
2026-01-05 12:41:56,094 - INFO - Success 009270
2026-01-05 12:41:56,094 - INFO - Downloading 471040 (KoAct 글로벌AI&로봇액티브)...
2026-01-05 12:41:56,125 - INFO - Success 500037
2026-01-05 12:41:56,126 - INFO - Downloading 090350 (노루페인트)...
2026-01-05 12:41:56,133 - ERROR - Error downloading 0052T0: 404 Client Error: Not Found for url: https://query2.finance.yahoo.com/v8/finance/chart/0052T0?period1=-32400&period2=1735570800&interval=1d&includeAdjustedClose=true
2026-01-05 12:41:56,133 - INFO - Downloading 463290 (1Q 단기금융채액티브)...
2026-01-05 12:41:56,149 - INFO - Success 471040
2026-01-05 12:41:56,150 - INFO - Downloading 462520 (조선내화)...
2026-01-05 12:41:56,188 - INFO - Success 463290
2026-01-05 12:41:56,188 - INFO - Downloading 018470 (조일알미늄)...
2026-01-05 12:41:56,207 - INFO - Success 462520
2026-01-05 12:41:56,207 - INFO - Downloading 014280 (금강공업)...
2026-01-05 12:41:56,208 - INFO - Success 090350
2026-01-05 12:41:56,208 - INFO - Downloading 000300 (DH오토넥스)...
2026-01-05 12:41:56,270 - INFO - Success 018470
2026-01-05 12:41:56,270 - INFO - Success 014280
2026-01-05 12:41:56,270 - INFO - Downloading 182480 (TIGER 미국MSCI리츠(합성 H))...
2026-01-05 12:41:56,271 - INFO - Downloading 451060 (1Q 200액티브)...
2026-01-05 12:41:56,286 - INFO - Success 000300
2026-01-05 12:41:56,286 - INFO - Downloading 213610 (KODEX 삼성그룹밸류)...
2026-01-05 12:41:56,326 - INFO - Success 451060
2026-01-05 12:41:56,326 - INFO - Downloading 011000 (진원생명과학)...
2026-01-05 12:41:56,351 - INFO - Success 182480
2026-01-05 12:41:56,351 - INFO - Downloading 004560 (현대비앤지스틸)...
2026-01-05 12:41:56,359 - INFO - Success 213610
2026-01-05 12:41:56,359 - INFO - Downloading 016450 (한세예스24홀딩스)...
2026-01-05 12:41:56,406 - INFO - Success 011000
2026-01-05 12:41:56,406 - INFO - Downloading 002990 (금호건설)...
2026-01-05 12:41:56,431 - INFO - Success 004560
2026-01-05 12:41:56,431 - INFO - Downloading 002170 (삼양통상)...
2026-01-05 12:41:56,437 - INFO - Success 016450
2026-01-05 12:41:56,437 - INFO - Downloading 317400 (자이에스앤디)...
2026-01-05 12:41:56,488 - INFO - Success 002990
2026-01-05 12:41:56,488 - INFO - Downloading 00279K (아모레퍼시픽홀딩스3우C)...
2026-01-05 12:41:56,499 - INFO - Success 317400
2026-01-05 12:41:56,499 - INFO - Downloading 019680 (대교)...
2026-01-05 12:41:56,512 - INFO - Success 002170
2026-01-05 12:41:56,513 - INFO - Downloading 070960 (모나용평)...
2026-01-05 12:41:56,554 - INFO - Success 00279K
2026-01-05 12:41:56,555 - INFO - Downloading 014710 (사조씨푸드)...
2026-01-05 12:41:56,576 - INFO - Success 019680
2026-01-05 12:41:56,576 - INFO - Downloading 107590 (미원홀딩스)...
2026-01-05 12:41:56,584 - INFO - Success 070960
2026-01-05 12:41:56,584 - INFO - Downloading 0091C0 (KODEX 미국10년국채액티브(H))...
2026-01-05 12:41:56,634 - INFO - Success 014710
2026-01-05 12:41:56,634 - INFO - Downloading 000970 (한국주철관)...
2026-01-05 12:41:56,657 - INFO - Success 107590
2026-01-05 12:41:56,657 - INFO - Downloading 008110 (대동전자)...
2026-01-05 12:41:56,706 - INFO - Success 000970
2026-01-05 12:41:56,706 - INFO - Downloading 472920 (HK 종합채권(AA-이상)액티브)...
2026-01-05 12:41:56,730 - INFO - Success 008110
2026-01-05 12:41:56,730 - INFO - Downloading 003830 (대한화섬)...
2026-01-05 12:41:56,751 - INFO - Success 472920
2026-01-05 12:41:56,751 - INFO - Downloading 460850 (동국씨엠)...
2026-01-05 12:41:56,802 - INFO - Success 460850
2026-01-05 12:41:56,802 - INFO - Downloading 0008S0 (TIGER 미국배당다우존스타겟데일리커버드콜)...
2026-01-05 12:41:56,809 - INFO - Success 003830
2026-01-05 12:41:56,810 - INFO - Downloading 496020 (WON 전단채플러스액티브)...
2026-01-05 12:41:56,853 - INFO - Success 496020
2026-01-05 12:41:56,853 - INFO - Downloading 002390 (한독)...
2026-01-05 12:41:56,917 - ERROR - Error downloading 0091C0: 404 Client Error: Not Found for url: https://query2.finance.yahoo.com/v8/finance/chart/0091C0?period1=-32400&period2=1735570800&interval=1d&includeAdjustedClose=true
2026-01-05 12:41:56,917 - INFO - Downloading 009580 (무림P&P)...
2026-01-05 12:41:56,929 - INFO - Success 002390
2026-01-05 12:41:56,929 - INFO - Downloading 210540 (디와이파워)...
2026-01-05 12:41:56,995 - INFO - Success 009580
2026-01-05 12:41:56,995 - INFO - Downloading 000230 (일동홀딩스)...
2026-01-05 12:41:57,009 - INFO - Success 210540
2026-01-05 12:41:57,009 - INFO - Downloading 480030 (ACE 미국500데일리타겟커버드콜(합성))...
2026-01-05 12:41:57,062 - INFO - Success 480030
2026-01-05 12:41:57,062 - INFO - Downloading 011690 (와이투솔루션)...
2026-01-05 12:41:57,072 - INFO - Success 000230
2026-01-05 12:41:57,072 - INFO - Downloading 130730 (KIWOOM 단기자금)...
2026-01-05 12:41:57,131 - INFO - Success 011690
2026-01-05 12:41:57,131 - INFO - Downloading 315960 (RISE 대형고배당10TR)...
2026-01-05 12:41:57,134 - ERROR - Error downloading 0008S0: 404 Client Error: Not Found for url: https://query2.finance.yahoo.com/v8/finance/chart/0008S0?period1=-32400&period2=1735570800&interval=1d&includeAdjustedClose=true
2026-01-05 12:41:57,134 - INFO - Downloading 003460 (유화증권)...
2026-01-05 12:41:57,147 - INFO - Success 130730
2026-01-05 12:41:57,148 - INFO - Downloading 027970 (한국제지)...
2026-01-05 12:41:57,199 - INFO - Success 315960
2026-01-05 12:41:57,199 - INFO - Downloading 008040 (사조동아원)...
2026-01-05 12:41:57,213 - INFO - Success 003460
2026-01-05 12:41:57,213 - INFO - Downloading 469150 (ACE AI반도체포커스)...
2026-01-05 12:41:57,226 - INFO - Success 027970
2026-01-05 12:41:57,226 - INFO - Downloading 157490 (TIGER 소프트웨어)...
2026-01-05 12:41:57,262 - INFO - Success 469150
2026-01-05 12:41:57,262 - INFO - Downloading 000700 (유수홀딩스)...
2026-01-05 12:41:57,285 - INFO - Success 008040
2026-01-05 12:41:57,285 - INFO - Downloading 083420 (그린케미칼)...
2026-01-05 12:41:57,299 - INFO - Success 157490
2026-01-05 12:41:57,299 - INFO - Downloading 0080Y0 (SOL 조선TOP3플러스레버리지)...
2026-01-05 12:41:57,339 - INFO - Success 000700
2026-01-05 12:41:57,339 - INFO - Downloading 219480 (KODEX 미국S&P500선물(H))...
2026-01-05 12:41:57,364 - INFO - Success 083420
2026-01-05 12:41:57,364 - INFO - Downloading 483290 (KODEX 미국배당다우존스타겟커버드콜)...
2026-01-05 12:41:57,412 - INFO - Success 483290
2026-01-05 12:41:57,412 - INFO - Downloading 123320 (TIGER 레버리지)...
2026-01-05 12:41:57,413 - INFO - Success 219480
2026-01-05 12:41:57,413 - INFO - Downloading 0119H0 (KODEX 28-12 회사채(AA-이상)액티브)...
2026-01-05 12:41:57,492 - INFO - Success 123320
2026-01-05 12:41:57,492 - INFO - Downloading 010100 (한국무브넥스)...
2026-01-05 12:41:57,572 - INFO - Success 010100
2026-01-05 12:41:57,572 - INFO - Downloading 325010 (KODEX 성장주)...
2026-01-05 12:41:57,582 - ERROR - Error downloading 0080Y0: 404 Client Error: Not Found for url: https://query2.finance.yahoo.com/v8/finance/chart/0080Y0?period1=-32400&period2=1735570800&interval=1d&includeAdjustedClose=true
2026-01-05 12:41:57,583 - INFO - Downloading 464930 (TIGER 글로벌혁신블루칩TOP10)...
2026-01-05 12:41:57,640 - INFO - Success 464930
2026-01-05 12:41:57,640 - INFO - Downloading 0040X0 (SOL 팔란티어미국채커버드콜혼합)...
2026-01-05 12:41:57,642 - INFO - Success 325010
2026-01-05 12:41:57,642 - INFO - Downloading 004970 (신라교역)...
2026-01-05 12:41:57,720 - INFO - Success 004970
2026-01-05 12:41:57,720 - INFO - Downloading 520066 (미래에셋 KRX금현물 Auto-KO-C 2810-01 ETN)...
2026-01-05 12:41:57,745 - ERROR - Error downloading 0119H0: 404 Client Error: Not Found for url: https://query2.finance.yahoo.com/v8/finance/chart/0119H0?period1=-32400&period2=1735570800&interval=1d&includeAdjustedClose=true
2026-01-05 12:41:57,746 - INFO - Downloading 019180 (티에이치엔)...
2026-01-05 12:41:57,769 - INFO - Success 520066
2026-01-05 12:41:57,769 - INFO - Downloading 481430 (RISE 국고채10년액티브)...
2026-01-05 12:41:57,825 - INFO - Success 481430
2026-01-05 12:41:57,826 - INFO - Downloading 298000 (효성화학)...
2026-01-05 12:41:57,830 - INFO - Success 019180
2026-01-05 12:41:57,830 - INFO - Downloading 095720 (웅진씽크빅)...
2026-01-05 12:41:57,896 - INFO - Success 298000
2026-01-05 12:41:57,896 - INFO - Downloading 092220 (KEC)...
2026-01-05 12:41:57,907 - INFO - Success 095720
2026-01-05 12:41:57,907 - INFO - Downloading 011280 (태림포장)...
2026-01-05 12:41:57,936 - ERROR - Error downloading 0040X0: 404 Client Error: Not Found for url: https://query2.finance.yahoo.com/v8/finance/chart/0040X0?period1=-32400&period2=1735570800&interval=1d&includeAdjustedClose=true
2026-01-05 12:41:57,937 - INFO - Downloading 385720 (TIMEFOLIO 코스피액티브)...
2026-01-05 12:41:57,979 - INFO - Success 092220
2026-01-05 12:41:57,980 - INFO - Downloading 0111P0 (1Q 미국나스닥100미국채혼합50액티브)...
2026-01-05 12:41:57,987 - INFO - Success 011280
2026-01-05 12:41:57,987 - INFO - Downloading 001360 (삼성제약)...
2026-01-05 12:41:57,997 - INFO - Success 385720
2026-01-05 12:41:57,997 - INFO - Downloading 094280 (효성ITX)...
2026-01-05 12:41:58,073 - INFO - Success 001360
2026-01-05 12:41:58,073 - INFO - Downloading 325020 (KODEX 배당가치)...
2026-01-05 12:41:58,088 - INFO - Success 094280
2026-01-05 12:41:58,088 - INFO - Downloading 455860 (SOL 2차전지소부장Fn)...
2026-01-05 12:41:58,142 - INFO - Success 455860
2026-01-05 12:41:58,142 - INFO - Downloading 0000J0 (PLUS 한화그룹주)...
2026-01-05 12:41:58,143 - INFO - Success 325020
2026-01-05 12:41:58,144 - INFO - Downloading 005800 (신영와코루)...
2026-01-05 12:41:58,216 - INFO - Success 005800
2026-01-05 12:41:58,216 - INFO - Downloading 077500 (유니퀘스트)...
2026-01-05 12:41:58,296 - INFO - Success 077500
2026-01-05 12:41:58,296 - INFO - Downloading 015890 (태경산업)...
2026-01-05 12:41:58,313 - ERROR - Error downloading 0111P0: 404 Client Error: Not Found for url: https://query2.finance.yahoo.com/v8/finance/chart/0111P0?period1=-32400&period2=1735570800&interval=1d&includeAdjustedClose=true
2026-01-05 12:41:58,314 - INFO - Downloading 350520 (이지스레지던스리츠)...
2026-01-05 12:41:58,378 - INFO - Success 350520
2026-01-05 12:41:58,378 - INFO - Downloading 0019K0 (TIMEFOLIO 미국나스닥100채권혼합50액티브)...
2026-01-05 12:41:58,379 - INFO - Success 015890
2026-01-05 12:41:58,380 - INFO - Downloading 0122W0 (RISE 26-11 회사채(AA-이상)액티브)...
2026-01-05 12:41:58,669 - ERROR - Error downloading 0019K0: 404 Client Error: Not Found for url: https://query2.finance.yahoo.com/v8/finance/chart/0019K0?period1=-32400&period2=1735570800&interval=1d&includeAdjustedClose=true
2026-01-05 12:41:58,670 - INFO - Downloading 019440 (세아특수강)...
2026-01-05 12:41:58,673 - ERROR - Error downloading 0000J0: 404 Client Error: Not Found for url: https://query2.finance.yahoo.com/v8/finance/chart/0000J0?period1=-32400&period2=1735570800&interval=1d&includeAdjustedClose=true
2026-01-05 12:41:58,675 - INFO - Downloading 007540 (샘표)...
2026-01-05 12:41:58,718 - ERROR - Error downloading 0122W0: 404 Client Error: Not Found for url: https://query2.finance.yahoo.com/v8/finance/chart/0122W0?period1=-32400&period2=1735570800&interval=1d&includeAdjustedClose=true
2026-01-05 12:41:58,719 - INFO - Downloading 078000 (텔코웨어)...
2026-01-05 12:41:58,758 - INFO - Success 019440
2026-01-05 12:41:58,759 - INFO - Downloading 530036 (삼성 인버스 2X WTI원유 선물 ETN)...
2026-01-05 12:41:58,763 - INFO - Success 007540
2026-01-05 12:41:58,763 - INFO - Downloading 114100 (RISE 국고채3년)...
2026-01-05 12:41:58,802 - INFO - Success 078000
2026-01-05 12:41:58,802 - INFO - Downloading 079430 (현대리바트)...
2026-01-05 12:41:58,836 - INFO - Success 530036
2026-01-05 12:41:58,836 - INFO - Downloading 003480 (한진중공업홀딩스)...
2026-01-05 12:41:58,845 - INFO - Success 114100
2026-01-05 12:41:58,849 - INFO - Downloading 570051 (한투 나스닥 100 ETN)...
2026-01-05 12:41:58,883 - INFO - Success 079430
2026-01-05 12:41:58,883 - INFO - Downloading 033180 (KH 필룩스)...
2026-01-05 12:41:58,914 - INFO - Success 003480
2026-01-05 12:41:58,918 - INFO - Downloading 309230 (ACE 미국WideMoat동일가중)...
2026-01-05 12:41:58,920 - INFO - Success 570051
2026-01-05 12:41:58,920 - INFO - Downloading 367760 (RISE 네트워크인프라)...
2026-01-05 12:41:58,971 - INFO - Success 033180
2026-01-05 12:41:58,971 - INFO - Downloading 004250 (NPC)...
2026-01-05 12:41:58,984 - INFO - Success 367760
2026-01-05 12:41:58,985 - INFO - Downloading 002220 (한일철강)...
2026-01-05 12:41:58,989 - INFO - Success 309230
2026-01-05 12:41:58,989 - INFO - Downloading 491230 (PLUS 국공채머니마켓액티브)...
2026-01-05 12:41:59,039 - INFO - Success 491230
2026-01-05 12:41:59,039 - INFO - Downloading 500096 (신한 인버스2X 천연가스 선물 ETN B)...
2026-01-05 12:41:59,040 - INFO - Success 004250
2026-01-05 12:41:59,040 - INFO - Downloading 024090 (디씨엠)...
2026-01-05 12:41:59,065 - INFO - Success 002220
2026-01-05 12:41:59,065 - INFO - Downloading 035000 (HS애드)...
2026-01-05 12:41:59,076 - WARNING - Empty data for 500096
2026-01-05 12:41:59,076 - INFO - Downloading 319640 (TIGER 골드선물(H))...
2026-01-05 12:41:59,120 - INFO - Success 024090
2026-01-05 12:41:59,120 - INFO - Downloading 089470 (HDC현대EP)...
2026-01-05 12:41:59,152 - INFO - Success 319640
2026-01-05 12:41:59,152 - INFO - Downloading 0118Z0 (ACE 미국AI테크핵심산업액티브)...
2026-01-05 12:41:59,153 - INFO - Success 035000
2026-01-05 12:41:59,153 - INFO - Downloading 497880 (SOL CD금리&머니마켓액티브)...
2026-01-05 12:41:59,189 - INFO - Success 089470
2026-01-05 12:41:59,190 - INFO - Downloading 700023 (하나 Solactive 2X US Tech Top 10 ETN(H))...
2026-01-05 12:41:59,200 - INFO - Success 497880
2026-01-05 12:41:59,200 - INFO - Downloading 016710 (대성홀딩스)...
2026-01-05 12:41:59,239 - INFO - Success 700023
2026-01-05 12:41:59,239 - INFO - Downloading 270810 (RISE 코스닥150)...
2026-01-05 12:41:59,290 - INFO - Success 016710
2026-01-05 12:41:59,290 - INFO - Downloading 433500 (ACE 원자력TOP10)...
2026-01-05 12:41:59,309 - INFO - Success 270810
2026-01-05 12:41:59,309 - INFO - Downloading 228810 (TIGER 미디어컨텐츠)...
2026-01-05 12:41:59,346 - INFO - Success 433500
2026-01-05 12:41:59,346 - INFO - Downloading 214390 (경보제약)...
2026-01-05 12:41:59,375 - INFO - Success 228810
2026-01-05 12:41:59,375 - INFO - Downloading 403790 (마이다스 코스피액티브)...
2026-01-05 12:41:59,407 - INFO - Success 214390
2026-01-05 12:41:59,407 - INFO - Downloading 004080 (신흥)...
2026-01-05 12:41:59,434 - INFO - Success 403790
2026-01-05 12:41:59,434 - INFO - Downloading 248170 (샘표식품)...
2026-01-05 12:41:59,483 - INFO - Success 004080
2026-01-05 12:41:59,483 - INFO - Downloading 067830 (세이브존I&C)...
2026-01-05 12:41:59,493 - ERROR - Error downloading 0118Z0: 404 Client Error: Not Found for url: https://query2.finance.yahoo.com/v8/finance/chart/0118Z0?period1=-32400&period2=1735570800&interval=1d&includeAdjustedClose=true
2026-01-05 12:41:59,493 - INFO - Downloading 002620 (제일파마홀딩스)...
2026-01-05 12:41:59,503 - INFO - Success 248170
2026-01-05 12:41:59,503 - INFO - Downloading 044820 (코스맥스비티아이)...
2026-01-05 12:41:59,557 - INFO - Success 067830
2026-01-05 12:41:59,557 - INFO - Downloading 760013 (키움 레버리지 반도체TOP10 ETN)...
2026-01-05 12:41:59,571 - INFO - Success 002620
2026-01-05 12:41:59,571 - INFO - Downloading 007110 (일신석재)...
2026-01-05 12:41:59,578 - INFO - Success 044820
2026-01-05 12:41:59,578 - INFO - Downloading 396520 (TIGER 차이나반도체FACTSET)...
2026-01-05 12:41:59,607 - INFO - Success 760013
2026-01-05 12:41:59,607 - INFO - Downloading 530107 (삼성 인버스 2X 코스닥150 선물 ETN)...
2026-01-05 12:41:59,636 - INFO - Success 396520
2026-01-05 12:41:59,636 - INFO - Downloading 020120 (키다리스튜디오)...
2026-01-05 12:41:59,645 - INFO - Success 007110
2026-01-05 12:41:59,645 - INFO - Downloading 479730 (TIGER 인도빌리언컨슈머)...
2026-01-05 12:41:59,663 - INFO - Success 530107
2026-01-05 12:41:59,663 - INFO - Downloading 363280 (티와이홀딩스)...
2026-01-05 12:41:59,694 - INFO - Success 479730
2026-01-05 12:41:59,694 - INFO - Downloading 426020 (TIMEFOLIO 미국S&P500액티브)...
2026-01-05 12:41:59,709 - INFO - Success 020120
2026-01-05 12:41:59,709 - INFO - Downloading 0074K0 (KoAct K수출핵심기업TOP30액티브)...
2026-01-05 12:41:59,717 - INFO - Success 363280
2026-01-05 12:41:59,718 - INFO - Downloading 139990 (아주스틸)...
2026-01-05 12:41:59,752 - INFO - Success 426020
2026-01-05 12:41:59,752 - INFO - Downloading 267770 (TIGER 200선물레버리지)...
2026-01-05 12:41:59,774 - INFO - Success 139990
2026-01-05 12:41:59,774 - INFO - Downloading 005960 (동부건설)...
2026-01-05 12:41:59,822 - INFO - Success 267770
2026-01-05 12:41:59,822 - INFO - Downloading 245340 (TIGER 미국다우존스30)...
2026-01-05 12:41:59,853 - INFO - Success 005960
2026-01-05 12:41:59,853 - INFO - Downloading 014580 (태경비케이)...
2026-01-05 12:41:59,896 - INFO - Success 245340
2026-01-05 12:41:59,896 - INFO - Downloading 412570 (TIGER 2차전지TOP10레버리지)...
2026-01-05 12:41:59,929 - INFO - Success 014580
2026-01-05 12:41:59,929 - INFO - Downloading 003580 (HLB글로벌)...
2026-01-05 12:41:59,953 - INFO - Success 412570
2026-01-05 12:41:59,953 - INFO - Downloading 0099L0 (ACE 우량회사채(AA-이상)액티브)...
2026-01-05 12:41:59,987 - ERROR - Error downloading 0074K0: 404 Client Error: Not Found for url: https://query2.finance.yahoo.com/v8/finance/chart/0074K0?period1=-32400&period2=1735570800&interval=1d&includeAdjustedClose=true
2026-01-05 12:41:59,988 - INFO - Downloading 012320 (경동인베스트)...
2026-01-05 12:42:00,009 - INFO - Success 003580
2026-01-05 12:42:00,009 - INFO - Downloading 570050 (한투 S&P500 선물 ETN)...
2026-01-05 12:42:00,075 - INFO - Success 570050
2026-01-05 12:42:00,076 - INFO - Downloading 267850 (아시아나IDT)...
2026-01-05 12:42:00,077 - INFO - Success 012320
2026-01-05 12:42:00,077 - INFO - Downloading 266160 (RISE 고배당)...
2026-01-05 12:42:00,157 - INFO - Success 267850
2026-01-05 12:42:00,158 - INFO - Downloading 364960 (TIGER BBIG)...
2026-01-05 12:42:00,158 - INFO - Success 266160
2026-01-05 12:42:00,158 - INFO - Downloading 002200 (한국수출포장)...
2026-01-05 12:42:00,221 - INFO - Success 364960
2026-01-05 12:42:00,221 - INFO - Downloading 168580 (ACE 중국본토CSI300)...
2026-01-05 12:42:00,243 - INFO - Success 002200
2026-01-05 12:42:00,243 - INFO - Downloading 530055 (삼성 레버리지 금 선물 ETN(H))...
2026-01-05 12:42:00,303 - INFO - Success 168580
2026-01-05 12:42:00,303 - INFO - Downloading 0115E0 (KODEX 코리아소버린AI)...
2026-01-05 12:42:00,310 - ERROR - Error downloading 0099L0: 404 Client Error: Not Found for url: https://query2.finance.yahoo.com/v8/finance/chart/0099L0?period1=-32400&period2=1735570800&interval=1d&includeAdjustedClose=true
2026-01-05 12:42:00,310 - INFO - Downloading 004150 (한솔홀딩스)...
2026-01-05 12:42:00,317 - INFO - Success 530055
2026-01-05 12:42:00,317 - INFO - Downloading 465610 (ACE 미국빅테크TOP7 Plus레버리지(합성))...
2026-01-05 12:42:00,389 - INFO - Success 465610
2026-01-05 12:42:00,389 - INFO - Downloading 136340 (RISE 중기우량회사채)...
2026-01-05 12:42:00,390 - INFO - Success 004150
2026-01-05 12:42:00,390 - INFO - Downloading 013570 (디와이)...
2026-01-05 12:42:00,475 - INFO - Success 013570
2026-01-05 12:42:00,475 - INFO - Success 136340
2026-01-05 12:42:00,475 - INFO - Downloading 015590 (DKME)...
2026-01-05 12:42:00,475 - INFO - Downloading 000105 (유한양행우)...
2026-01-05 12:42:00,557 - INFO - Success 015590
2026-01-05 12:42:00,557 - INFO - Downloading 012800 (대창)...
2026-01-05 12:42:00,560 - INFO - Success 000105
2026-01-05 12:42:00,560 - INFO - Downloading 120030 (조선선재)...
2026-01-05 12:42:00,630 - ERROR - Error downloading 0115E0: 404 Client Error: Not Found for url: https://query2.finance.yahoo.com/v8/finance/chart/0115E0?period1=-32400&period2=1735570800&interval=1d&includeAdjustedClose=true
2026-01-05 12:42:00,630 - INFO - Downloading 0102A0 (TIGER 미국AI소프트웨어TOP4Plus)...
2026-01-05 12:42:00,630 - INFO - Success 012800
2026-01-05 12:42:00,632 - INFO - Downloading 760011 (키움 레버리지 2차전지산업 ETN)...
2026-01-05 12:42:00,637 - INFO - Success 120030
2026-01-05 12:42:00,637 - INFO - Downloading 367770 (RISE 수소경제테마)...
2026-01-05 12:42:00,682 - INFO - Success 760011
2026-01-05 12:42:00,682 - INFO - Downloading 004140 (동방)...
2026-01-05 12:42:00,695 - INFO - Success 367770
2026-01-05 12:42:00,695 - INFO - Downloading 101140 (인바이오젠)...
2026-01-05 12:42:00,757 - INFO - Success 004140
2026-01-05 12:42:00,757 - INFO - Downloading 0000Y0 (HK 26-12 회사채(AA-이상)액티브)...
2026-01-05 12:42:00,768 - INFO - Success 101140
2026-01-05 12:42:00,768 - INFO - Downloading 412770 (TIGER 글로벌AI플랫폼액티브)...
2026-01-05 12:42:00,822 - INFO - Success 412770
2026-01-05 12:42:00,822 - INFO - Downloading 0144L0 (KODEX 미국성장커버드콜액티브)...
2026-01-05 12:42:00,973 - ERROR - Error downloading 0102A0: 404 Client Error: Not Found for url: https://query2.finance.yahoo.com/v8/finance/chart/0102A0?period1=-32400&period2=1735570800&interval=1d&includeAdjustedClose=true
2026-01-05 12:42:00,973 - INFO - Downloading 0005A0 (KODEX 미국S&P500데일리커버드콜OTM)...
2026-01-05 12:42:01,101 - ERROR - Error downloading 0000Y0: 404 Client Error: Not Found for url: https://query2.finance.yahoo.com/v8/finance/chart/0000Y0?period1=-32400&period2=1735570800&interval=1d&includeAdjustedClose=true
2026-01-05 12:42:01,102 - INFO - Downloading 002460 (HS화성)...
2026-01-05 12:42:01,166 - ERROR - Error downloading 0144L0: 404 Client Error: Not Found for url: https://query2.finance.yahoo.com/v8/finance/chart/0144L0?period1=-32400&period2=1735570800&interval=1d&includeAdjustedClose=true
2026-01-05 12:42:01,167 - INFO - Downloading 0131W0 (1Q 단기특수은행채액티브)...
2026-01-05 12:42:01,190 - INFO - Success 002460
2026-01-05 12:42:01,191 - INFO - Downloading 004960 (한신공영)...
2026-01-05 12:42:01,269 - INFO - Success 004960
2026-01-05 12:42:01,269 - INFO - Downloading 429000 (TIGER 미국S&P500배당귀족)...
2026-01-05 12:42:01,275 - ERROR - Error downloading 0005A0: 404 Client Error: Not Found for url: https://query2.finance.yahoo.com/v8/finance/chart/0005A0?period1=-32400&period2=1735570800&interval=1d&includeAdjustedClose=true
2026-01-05 12:42:01,275 - INFO - Downloading 451530 (TIGER 국고채30년스트립액티브)...
2026-01-05 12:42:01,331 - INFO - Success 451530
2026-01-05 12:42:01,332 - INFO - Downloading 267290 (경동도시가스)...
2026-01-05 12:42:01,333 - INFO - Success 429000
2026-01-05 12:42:01,333 - INFO - Downloading 464310 (TIGER 글로벌AI&로보틱스 INDXX)...
2026-01-05 12:42:01,391 - INFO - Success 464310
2026-01-05 12:42:01,391 - INFO - Downloading 058850 (KTcs)...
2026-01-05 12:42:01,404 - INFO - Success 267290
2026-01-05 12:42:01,404 - INFO - Downloading 069460 (대호에이엘)...
2026-01-05 12:42:01,486 - INFO - Success 058850
2026-01-05 12:42:01,487 - INFO - Downloading 023450 (동남합성)...
2026-01-05 12:42:01,492 - INFO - Success 069460
2026-01-05 12:42:01,492 - INFO - Downloading 498180 (파워 종합채권(AA-이상)액티브)...
2026-01-05 12:42:01,505 - ERROR - Error downloading 0131W0: 404 Client Error: Not Found for url: https://query2.finance.yahoo.com/v8/finance/chart/0131W0?period1=-32400&period2=1735570800&interval=1d&includeAdjustedClose=true
2026-01-05 12:42:01,505 - INFO - Downloading 0131V0 (1Q 미국우주항공테크)...
2026-01-05 12:42:01,536 - INFO - Success 498180
2026-01-05 12:42:01,536 - INFO - Downloading 013360 (일성건설)...
2026-01-05 12:42:01,570 - INFO - Success 023450
2026-01-05 12:42:01,570 - INFO - Downloading 570019 (한투 코스피 양매도 5% OTM ETN)...
2026-01-05 12:42:01,623 - INFO - Success 013360
2026-01-05 12:42:01,623 - INFO - Downloading 570061 (한투 레버리지 은 선물 ETN)...
2026-01-05 12:42:01,640 - INFO - Success 570019
2026-01-05 12:42:01,641 - INFO - Downloading 006660 (삼성공조)...
2026-01-05 12:42:01,683 - INFO - Success 570061
2026-01-05 12:42:01,683 - INFO - Downloading 204480 (TIGER 차이나CSI300레버리지(합성))...
2026-01-05 12:42:01,719 - INFO - Success 006660
2026-01-05 12:42:01,719 - INFO - Downloading 474590 (WON 반도체밸류체인액티브)...
2026-01-05 12:42:01,767 - INFO - Success 474590
2026-01-05 12:42:01,767 - INFO - Downloading 021820 (세원정공)...
2026-01-05 12:42:01,769 - INFO - Success 204480
2026-01-05 12:42:01,769 - INFO - Downloading 014530 (극동유화)...
2026-01-05 12:42:01,791 - ERROR - Error downloading 0131V0: 404 Client Error: Not Found for url: https://query2.finance.yahoo.com/v8/finance/chart/0131V0?period1=-32400&period2=1735570800&interval=1d&includeAdjustedClose=true
2026-01-05 12:42:01,792 - INFO - Downloading 007210 (벽산)...
2026-01-05 12:42:01,848 - INFO - Success 014530
2026-01-05 12:42:01,848 - INFO - Downloading 214330 (금호에이치티)...
2026-01-05 12:42:01,850 - INFO - Success 021820
2026-01-05 12:42:01,850 - INFO - Downloading 017370 (우신시스템)...
2026-01-05 12:42:01,872 - INFO - Success 007210
2026-01-05 12:42:01,872 - INFO - Downloading 014160 (대영포장)...
2026-01-05 12:42:01,925 - INFO - Success 214330
2026-01-05 12:42:01,925 - INFO - Downloading 488500 (TIGER 미국S&P500동일가중)...
2026-01-05 12:42:01,928 - INFO - Success 017370
2026-01-05 12:42:01,928 - INFO - Downloading 068290 (삼성출판사)...
2026-01-05 12:42:01,948 - INFO - Success 014160
2026-01-05 12:42:01,948 - INFO - Downloading 304940 (KODEX 미국나스닥100선물(H))...
2026-01-05 12:42:01,971 - INFO - Success 488500
2026-01-05 12:42:01,971 - INFO - Downloading 006840 (AK홀딩스)...
2026-01-05 12:42:02,011 - INFO - Success 068290
2026-01-05 12:42:02,011 - INFO - Downloading 011330 (유니켐)...
2026-01-05 12:42:02,013 - INFO - Success 304940
2026-01-05 12:42:02,013 - INFO - Downloading 03473K (SK우)...
2026-01-05 12:42:02,050 - INFO - Success 006840
2026-01-05 12:42:02,050 - INFO - Downloading 138540 (TIGER 현대차그룹+펀더멘털)...
2026-01-05 12:42:02,094 - INFO - Success 03473K
2026-01-05 12:42:02,094 - INFO - Downloading 063160 (종근당바이오)...
2026-01-05 12:42:02,095 - INFO - Success 011330
2026-01-05 12:42:02,095 - INFO - Downloading 016740 (두올)...
2026-01-05 12:42:02,131 - INFO - Success 138540
2026-01-05 12:42:02,131 - INFO - Downloading 278240 (RISE 코스닥150선물레버리지)...
2026-01-05 12:42:02,165 - INFO - Success 016740
2026-01-05 12:42:02,165 - INFO - Downloading 466930 (SOL 자동차TOP3플러스)...
2026-01-05 12:42:02,170 - INFO - Success 063160
2026-01-05 12:42:02,170 - INFO - Downloading 447620 (SOL 미국TOP5채권혼합40 Solactive)...
2026-01-05 12:42:02,207 - INFO - Success 278240
2026-01-05 12:42:02,207 - INFO - Downloading 441540 (HANARO Fn조선해운)...
2026-01-05 12:42:02,215 - INFO - Success 466930
2026-01-05 12:42:02,215 - INFO - Downloading 005870 (휴니드)...
2026-01-05 12:42:02,221 - INFO - Success 447620
2026-01-05 12:42:02,221 - INFO - Downloading 034590 (인천도시가스)...
2026-01-05 12:42:02,261 - INFO - Success 441540
2026-01-05 12:42:02,261 - INFO - Downloading 290130 (RISE ESG사회책임투자)...
2026-01-05 12:42:02,299 - INFO - Success 034590
2026-01-05 12:42:02,300 - INFO - Downloading 227840 (현대코퍼레이션홀딩스)...
2026-01-05 12:42:02,300 - INFO - Success 005870
2026-01-05 12:42:02,301 - INFO - Downloading 332930 (HANARO 200TR)...
2026-01-05 12:42:02,330 - INFO - Success 290130
2026-01-05 12:42:02,330 - INFO - Downloading 468380 (KODEX iShares미국하이일드액티브)...
2026-01-05 12:42:02,367 - INFO - Success 332930
2026-01-05 12:42:02,367 - INFO - Downloading 011810 (STX)...
2026-01-05 12:42:02,375 - INFO - Success 227840
2026-01-05 12:42:02,375 - INFO - Downloading 264900 (크라운제과)...
2026-01-05 12:42:02,386 - INFO - Success 468380
2026-01-05 12:42:02,386 - INFO - Downloading 001020 (페이퍼코리아)...
2026-01-05 12:42:02,448 - INFO - Success 264900
2026-01-05 12:42:02,448 - INFO - Downloading 002450 (삼익악기)...
2026-01-05 12:42:02,450 - INFO - Success 011810
2026-01-05 12:42:02,450 - INFO - Downloading 023810 (인팩)...
2026-01-05 12:42:02,466 - INFO - Success 001020
2026-01-05 12:42:02,466 - INFO - Downloading 550092 (N2 월간 레버리지 방위산업 Top5 ETN)...
2026-01-05 12:42:02,514 - INFO - Success 550092
2026-01-05 12:42:02,515 - INFO - Downloading 237370 (KODEX 코리아배당성장채권혼합)...
2026-01-05 12:42:02,559 - INFO - Success 023810
2026-01-05 12:42:02,559 - INFO - Downloading 0036R0 (RISE 미국휴머노이드로봇)...
2026-01-05 12:42:02,560 - INFO - Success 002450
2026-01-05 12:42:02,560 - INFO - Downloading 152870 (파워 200)...
2026-01-05 12:42:02,597 - INFO - Success 237370
2026-01-05 12:42:02,597 - INFO - Downloading 495710 (BNK 26-06 특수채(AAA이상)액티브)...
2026-01-05 12:42:02,639 - INFO - Success 152870
2026-01-05 12:42:02,639 - INFO - Downloading 266420 (KODEX 헬스케어)...
2026-01-05 12:42:02,647 - INFO - Success 495710
2026-01-05 12:42:02,647 - INFO - Downloading 401170 (RISE 메타버스)...
2026-01-05 12:42:02,706 - INFO - Success 401170
2026-01-05 12:42:02,706 - INFO - Downloading 013520 (화승코퍼레이션)...
2026-01-05 12:42:02,710 - INFO - Success 266420
2026-01-05 12:42:02,710 - INFO - Downloading 490600 (RISE 미국배당100데일리고정커버드콜)...
2026-01-05 12:42:02,757 - INFO - Success 490600
2026-01-05 12:42:02,757 - INFO - Downloading 530111 (삼성 레버리지 천연가스 선물 ETN C)...
2026-01-05 12:42:02,781 - INFO - Success 013520
2026-01-05 12:42:02,783 - INFO - Downloading 483340 (ACE 구글밸류체인액티브)...
2026-01-05 12:42:02,811 - INFO - Success 530111
2026-01-05 12:42:02,811 - INFO - Downloading 002780 (진흥기업)...
2026-01-05 12:42:02,829 - INFO - Success 483340
2026-01-05 12:42:02,829 - INFO - Downloading 003060 (에이프로젠바이오로직스)...
2026-01-05 12:42:02,886 - INFO - Success 002780
2026-01-05 12:42:02,886 - INFO - Downloading 610037 (메리츠 미국채30년 ETN(H))...
2026-01-05 12:42:02,904 - INFO - Success 003060
2026-01-05 12:42:02,904 - INFO - Downloading 438570 (SOL 국고채10년)...
2026-01-05 12:42:02,917 - ERROR - Error downloading 0036R0: 404 Client Error: Not Found for url: https://query2.finance.yahoo.com/v8/finance/chart/0036R0?period1=-32400&period2=1735570800&interval=1d&includeAdjustedClose=true
2026-01-05 12:42:02,917 - INFO - Downloading 760016 (키움 레버리지 조선TOP10 ETN)...
2026-01-05 12:42:02,942 - INFO - Success 610037
2026-01-05 12:42:02,942 - INFO - Downloading 471760 (TIGER AI반도체핵심공정)...
2026-01-05 12:42:02,963 - INFO - Success 760016
2026-01-05 12:42:02,964 - INFO - Downloading 008700 (아남전자)...
2026-01-05 12:42:02,967 - INFO - Success 438570
2026-01-05 12:42:02,967 - INFO - Downloading 017550 (수산세보틱스)...
2026-01-05 12:42:02,998 - INFO - Success 471760
2026-01-05 12:42:02,998 - INFO - Downloading 492500 (1Q 현대차그룹채권(A+이상)&국고통안)...
2026-01-05 12:42:03,064 - INFO - Success 492500
2026-01-05 12:42:03,064 - INFO - Downloading 017900 (광전자)...
2026-01-05 12:42:03,065 - INFO - Success 017550
2026-01-05 12:42:03,065 - INFO - Downloading 0086B0 (TIGER 리츠부동산인프라TOP10액티브)...
2026-01-05 12:42:03,067 - INFO - Success 008700
2026-01-05 12:42:03,068 - INFO - Downloading 143850 (TIGER 미국S&P500선물(H))...
2026-01-05 12:42:03,160 - INFO - Success 017900
2026-01-05 12:42:03,160 - INFO - Downloading 0135Y0 (ITF 중기종합채권(AA-이상)액티브)...
2026-01-05 12:42:03,161 - INFO - Success 143850
2026-01-05 12:42:03,161 - INFO - Downloading 500071 (신한 레버리지 코스닥 150 선물 ETN)...
2026-01-05 12:42:03,223 - INFO - Success 500071
2026-01-05 12:42:03,223 - INFO - Downloading 570059 (한투 레버리지 금 선물 ETN)...
2026-01-05 12:42:03,283 - INFO - Success 570059
2026-01-05 12:42:03,283 - INFO - Downloading 396690 (미래에셋글로벌리츠)...
2026-01-05 12:42:03,343 - INFO - Success 396690
2026-01-05 12:42:03,344 - INFO - Downloading 114820 (TIGER 국채3년)...
2026-01-05 12:42:03,409 - ERROR - Error downloading 0086B0: 404 Client Error: Not Found for url: https://query2.finance.yahoo.com/v8/finance/chart/0086B0?period1=-32400&period2=1735570800&interval=1d&includeAdjustedClose=true
2026-01-05 12:42:03,409 - INFO - Downloading 011150 (CJ씨푸드)...
2026-01-05 12:42:03,428 - INFO - Success 114820
2026-01-05 12:42:03,428 - INFO - Downloading 203780 (TIGER 미국나스닥바이오)...
2026-01-05 12:42:03,492 - INFO - Success 011150
2026-01-05 12:42:03,492 - INFO - Downloading 0091M0 (HANARO 27-06 회사채(AA-이상)액티브)...
2026-01-05 12:42:03,503 - INFO - Success 203780
2026-01-05 12:42:03,503 - INFO - Downloading 010660 (화천기계)...
2026-01-05 12:42:03,526 - ERROR - Error downloading 0135Y0: 404 Client Error: Not Found for url: https://query2.finance.yahoo.com/v8/finance/chart/0135Y0?period1=-32400&period2=1735570800&interval=1d&includeAdjustedClose=true
2026-01-05 12:42:03,526 - INFO - Downloading 329660 (KODEX TRF5050)...
2026-01-05 12:42:03,588 - INFO - Success 010660
2026-01-05 12:42:03,588 - INFO - Downloading 000180 (성창기업지주)...
2026-01-05 12:42:03,596 - INFO - Success 329660
2026-01-05 12:42:03,596 - INFO - Downloading 011700 (한신기계)...
2026-01-05 12:42:03,676 - INFO - Success 000180
2026-01-05 12:42:03,677 - INFO - Downloading 228800 (TIGER 여행레저)...
2026-01-05 12:42:03,680 - INFO - Success 011700
2026-01-05 12:42:03,680 - INFO - Downloading 023800 (인지컨트롤스)...
2026-01-05 12:42:03,755 - INFO - Success 228800
2026-01-05 12:42:03,755 - INFO - Downloading 326240 (RISE IT플러스)...
2026-01-05 12:42:03,757 - INFO - Success 023800
2026-01-05 12:42:03,757 - INFO - Downloading 308620 (KODEX 미국10년국채선물)...
2026-01-05 12:42:03,829 - INFO - Success 326240
2026-01-05 12:42:03,829 - INFO - Downloading 119650 (KC코트렐)...
2026-01-05 12:42:03,830 - INFO - Success 308620
2026-01-05 12:42:03,830 - INFO - Downloading 411420 (KODEX 미국나스닥AI테크액티브)...
2026-01-05 12:42:03,896 - INFO - Success 411420
2026-01-05 12:42:03,896 - INFO - Downloading 005740 (크라운해태홀딩스)...
2026-01-05 12:42:03,917 - INFO - Success 119650
2026-01-05 12:42:03,917 - INFO - Downloading 008260 (NI스틸)...
2026-01-05 12:42:03,975 - ERROR - Error downloading 0091M0: 404 Client Error: Not Found for url: https://query2.finance.yahoo.com/v8/finance/chart/0091M0?period1=-32400&period2=1735570800&interval=1d&includeAdjustedClose=true
2026-01-05 12:42:03,975 - INFO - Downloading 032560 (황금에스티)...
2026-01-05 12:42:03,977 - INFO - Success 005740
2026-01-05 12:42:03,977 - INFO - Downloading 500099 (신한 WTI원유 선물 ETN)...
2026-01-05 12:42:04,000 - INFO - Success 008260
2026-01-05 12:42:04,000 - INFO - Downloading 004840 (DRB동일)...
2026-01-05 12:42:04,017 - WARNING - Empty data for 500099
2026-01-05 12:42:04,017 - INFO - Downloading 328370 (PLUS 코스피TR)...
2026-01-05 12:42:04,065 - INFO - Success 032560
2026-01-05 12:42:04,065 - INFO - Downloading 399110 (SOL 미국S&P500ESG)...
2026-01-05 12:42:04,086 - INFO - Success 004840
2026-01-05 12:42:04,086 - INFO - Downloading 0098N0 (PLUS 자사주매입고배당주)...
2026-01-05 12:42:04,102 - INFO - Success 328370
2026-01-05 12:42:04,102 - INFO - Downloading 610061 (메리츠 3X 레버리지 국채30년 ETN)...
2026-01-05 12:42:04,134 - INFO - Success 399110
2026-01-05 12:42:04,135 - INFO - Downloading 473440 (ACE 11월만기자동연장회사채AA-이상액티브)...
2026-01-05 12:42:04,160 - INFO - Success 610061
2026-01-05 12:42:04,160 - INFO - Downloading 480040 (ACE 미국반도체데일리타겟커버드콜(합성))...
2026-01-05 12:42:04,181 - INFO - Success 473440
2026-01-05 12:42:04,181 - INFO - Downloading 014790 (HL D&I)...
2026-01-05 12:42:04,209 - INFO - Success 480040
2026-01-05 12:42:04,209 - INFO - Downloading 007980 (TP)...
2026-01-05 12:42:04,263 - INFO - Success 014790
2026-01-05 12:42:04,263 - INFO - Downloading 476750 (ACE 미국30년국채엔화노출액티브(H))...
2026-01-05 12:42:04,291 - INFO - Success 007980
2026-01-05 12:42:04,292 - INFO - Downloading 160580 (TIGER 구리실물)...
2026-01-05 12:42:04,313 - INFO - Success 476750
2026-01-05 12:42:04,313 - INFO - Downloading 023000 (삼원강재)...
2026-01-05 12:42:04,370 - INFO - Success 160580
2026-01-05 12:42:04,370 - INFO - Downloading 0008T0 (SOL 화장품TOP3플러스)...
2026-01-05 12:42:04,373 - ERROR - Error downloading 0098N0: 404 Client Error: Not Found for url: https://query2.finance.yahoo.com/v8/finance/chart/0098N0?period1=-32400&period2=1735570800&interval=1d&includeAdjustedClose=true
2026-01-05 12:42:04,373 - INFO - Downloading 233160 (TIGER 코스닥150 레버리지)...
2026-01-05 12:42:04,390 - INFO - Success 023000
2026-01-05 12:42:04,391 - INFO - Downloading 0098F0 (KODEX K원자력SMR)...
2026-01-05 12:42:04,445 - INFO - Success 233160
2026-01-05 12:42:04,445 - INFO - Downloading 004720 (팜젠사이언스)...
2026-01-05 12:42:04,525 - INFO - Success 004720
2026-01-05 12:42:04,525 - INFO - Downloading 433980 (KODEX TDF2040액티브)...
2026-01-05 12:42:04,582 - INFO - Success 433980
2026-01-05 12:42:04,582 - INFO - Downloading 002600 (조흥)...
2026-01-05 12:42:04,658 - ERROR - Error downloading 0008T0: 404 Client Error: Not Found for url: https://query2.finance.yahoo.com/v8/finance/chart/0008T0?period1=-32400&period2=1735570800&interval=1d&includeAdjustedClose=true
2026-01-05 12:42:04,658 - INFO - Downloading 163560 (동일고무벨트)...
2026-01-05 12:42:04,670 - INFO - Success 002600
2026-01-05 12:42:04,670 - INFO - Downloading 261220 (KODEX WTI원유선물(H))...
2026-01-05 12:42:04,674 - ERROR - Error downloading 0098F0: 404 Client Error: Not Found for url: https://query2.finance.yahoo.com/v8/finance/chart/0098F0?period1=-32400&period2=1735570800&interval=1d&includeAdjustedClose=true
2026-01-05 12:42:04,674 - INFO - Downloading 093240 (형지엘리트)...
2026-01-05 12:42:04,740 - INFO - Success 163560
2026-01-05 12:42:04,740 - INFO - Downloading 001560 (제일연마)...
2026-01-05 12:42:04,743 - INFO - Success 261220
2026-01-05 12:42:04,743 - INFO - Downloading 0066W0 (SOL 국제금)...
2026-01-05 12:42:04,757 - INFO - Success 093240
2026-01-05 12:42:04,757 - INFO - Downloading 085310 (엔케이)...
2026-01-05 12:42:04,820 - INFO - Success 001560
2026-01-05 12:42:04,820 - INFO - Downloading 004890 (동일산업)...
2026-01-05 12:42:04,834 - INFO - Success 085310
2026-01-05 12:42:04,834 - INFO - Downloading 454320 (HANARO CAPEX설비투자iSelect)...
2026-01-05 12:42:04,898 - INFO - Success 454320
2026-01-05 12:42:04,899 - INFO - Downloading 058860 (KTis)...
2026-01-05 12:42:04,901 - INFO - Success 004890
2026-01-05 12:42:04,901 - INFO - Downloading 002700 (신일전자)...
2026-01-05 12:42:04,979 - INFO - Success 058860
2026-01-05 12:42:04,979 - INFO - Downloading 610016 (메리츠 레버리지 은 선물 ETN(H))...
2026-01-05 12:42:04,982 - INFO - Success 002700
2026-01-05 12:42:04,982 - INFO - Downloading 485690 (RISE 미국AI밸류체인TOP3Plus)...
2026-01-05 12:42:05,032 - INFO - Success 485690
2026-01-05 12:42:05,032 - INFO - Downloading 480370 (씨케이솔루션)...
2026-01-05 12:42:05,037 - ERROR - Error downloading 0066W0: 404 Client Error: Not Found for url: https://query2.finance.yahoo.com/v8/finance/chart/0066W0?period1=-32400&period2=1735570800&interval=1d&includeAdjustedClose=true
2026-01-05 12:42:05,038 - INFO - Downloading 0115D0 (KODEX K조선TOP10)...
2026-01-05 12:42:05,043 - INFO - Success 610016
2026-01-05 12:42:05,043 - INFO - Downloading 014440 (영보화학)...
2026-01-05 12:42:05,081 - WARNING - Empty data for 480370
2026-01-05 12:42:05,081 - INFO - Downloading 33626K (두산퓨얼셀1우)...
2026-01-05 12:42:05,116 - INFO - Success 014440
2026-01-05 12:42:05,116 - INFO - Downloading 401470 (KODEX 메타버스액티브)...
2026-01-05 12:42:05,153 - INFO - Success 33626K
2026-01-05 12:42:05,153 - INFO - Downloading 550064 (N2 레버리지 은 선물 ETN(H))...
2026-01-05 12:42:05,178 - INFO - Success 401470
2026-01-05 12:42:05,178 - INFO - Downloading 006890 (태경케미컬)...
2026-01-05 12:42:05,212 - INFO - Success 550064
2026-01-05 12:42:05,212 - INFO - Downloading 500050 (신한 레버리지 S&P500 선물 ETN)...
2026-01-05 12:42:05,259 - INFO - Success 006890
2026-01-05 12:42:05,259 - INFO - Downloading 002720 (국제약품)...
2026-01-05 12:42:05,280 - INFO - Success 500050
2026-01-05 12:42:05,281 - INFO - Downloading 332500 (ACE 200TR)...
2026-01-05 12:42:05,345 - INFO - Success 002720
2026-01-05 12:42:05,345 - INFO - Downloading 079980 (휴비스)...
2026-01-05 12:42:05,347 - INFO - Success 332500
2026-01-05 12:42:05,347 - INFO - Downloading 269540 (PLUS 미국S&P500(H))...
2026-01-05 12:42:05,422 - ERROR - Error downloading 0115D0: 404 Client Error: Not Found for url: https://query2.finance.yahoo.com/v8/finance/chart/0115D0?period1=-32400&period2=1735570800&interval=1d&includeAdjustedClose=true
2026-01-05 12:42:05,425 - INFO - Downloading 195980 (PLUS 신흥국MSCI(합성 H))...
2026-01-05 12:42:05,431 - INFO - Success 269540
2026-01-05 12:42:05,431 - INFO - Downloading 530104 (삼성 레버리지 코스피200 선물 ETN)...
2026-01-05 12:42:05,433 - INFO - Success 079980
2026-01-05 12:42:05,433 - INFO - Downloading 096775 (SK이노베이션우)...
2026-01-05 12:42:05,492 - INFO - Success 530104
2026-01-05 12:42:05,492 - INFO - Downloading 490480 (SOL K방산)...
2026-01-05 12:42:05,502 - INFO - Success 195980
2026-01-05 12:42:05,502 - INFO - Downloading 007280 (한국특강)...
2026-01-05 12:42:05,542 - INFO - Success 490480
2026-01-05 12:42:05,542 - INFO - Downloading 010960 (삼호개발)...
2026-01-05 12:42:05,580 - INFO - Success 007280
2026-01-05 12:42:05,580 - INFO - Downloading 000590 (CS홀딩스)...
2026-01-05 12:42:05,587 - INFO - Success 096775
2026-01-05 12:42:05,587 - INFO - Downloading 580016 (KB 레버리지 S&P 500 선물 ETN(H))...
2026-01-05 12:42:05,619 - INFO - Success 010960
2026-01-05 12:42:05,619 - INFO - Downloading 461500 (HANARO 종합채권(AA-이상)액티브)...
2026-01-05 12:42:05,644 - INFO - Success 580016
2026-01-05 12:42:05,644 - INFO - Downloading 500069 (신한 레버리지 코스피 200 선물 ETN)...
2026-01-05 12:42:05,665 - INFO - Success 000590
2026-01-05 12:42:05,665 - INFO - Downloading 036580 (팜스코)...
2026-01-05 12:42:05,667 - INFO - Success 461500
2026-01-05 12:42:05,667 - INFO - Downloading 078935 (GS우)...
2026-01-05 12:42:05,702 - INFO - Success 500069
2026-01-05 12:42:05,702 - INFO - Downloading 423170 (SOL 한국형글로벌반도체액티브)...
2026-01-05 12:42:05,751 - INFO - Success 036580
2026-01-05 12:42:05,752 - INFO - Downloading 010040 (한국내화)...
2026-01-05 12:42:05,752 - INFO - Success 078935
2026-01-05 12:42:05,753 - INFO - Downloading 001275 (부국증권우)...
2026-01-05 12:42:05,759 - INFO - Success 423170
2026-01-05 12:42:05,759 - INFO - Downloading 006090 (사조오양)...
2026-01-05 12:42:05,844 - INFO - Success 006090
2026-01-05 12:42:05,844 - INFO - Downloading 304780 (HANARO 200선물레버리지)...
2026-01-05 12:42:05,845 - INFO - Success 001275
2026-01-05 12:42:05,845 - INFO - Downloading 0089C0 (KODEX 미국S&P500변동성확대시커버드콜)...
2026-01-05 12:42:05,846 - INFO - Success 010040
2026-01-05 12:42:05,846 - INFO - Downloading 004100 (태양금속)...
2026-01-05 12:42:05,911 - INFO - Success 304780
2026-01-05 12:42:05,911 - INFO - Downloading 111380 (동인기연)...
2026-01-05 12:42:05,925 - INFO - Success 004100
2026-01-05 12:42:05,925 - INFO - Downloading 372910 (한컴라이프케어)...
2026-01-05 12:42:05,961 - INFO - Success 111380
2026-01-05 12:42:05,961 - INFO - Downloading 491820 (HANARO 전력설비투자)...
2026-01-05 12:42:05,988 - INFO - Success 372910
2026-01-05 12:42:05,988 - INFO - Downloading 338100 (NH프라임리츠)...
2026-01-05 12:42:06,008 - INFO - Success 491820
2026-01-05 12:42:06,008 - INFO - Downloading 520087 (미래에셋 레버리지 KRX 금현물 ETN)...
2026-01-05 12:42:06,050 - WARNING - Empty data for 520087
2026-01-05 12:42:06,051 - INFO - Downloading 520056 (미래에셋 레버리지 코스닥150 선물 ETN)...
2026-01-05 12:42:06,055 - INFO - Success 338100
2026-01-05 12:42:06,055 - INFO - Downloading 011390 (부산산업)...
2026-01-05 12:42:06,107 - INFO - Success 520056
2026-01-05 12:42:06,107 - INFO - Downloading 442580 (PLUS 글로벌HBM반도체)...
2026-01-05 12:42:06,130 - INFO - Success 011390
2026-01-05 12:42:06,131 - INFO - Downloading 009200 (무림페이퍼)...
2026-01-05 12:42:06,132 - ERROR - Error downloading 0089C0: 404 Client Error: Not Found for url: https://query2.finance.yahoo.com/v8/finance/chart/0089C0?period1=-32400&period2=1735570800&interval=1d&includeAdjustedClose=true
2026-01-05 12:42:06,132 - INFO - Downloading 000850 (화천기공)...
2026-01-05 12:42:06,164 - INFO - Success 442580
2026-01-05 12:42:06,164 - INFO - Downloading 610012 (메리츠 레버리지 금 선물 ETN(H))...
2026-01-05 12:42:06,223 - INFO - Success 000850
2026-01-05 12:42:06,223 - INFO - Downloading 001260 (남광토건)...
2026-01-05 12:42:06,223 - INFO - Success 009200
2026-01-05 12:42:06,224 - INFO - Downloading 007590 (동방아그로)...
2026-01-05 12:42:06,229 - INFO - Success 610012
2026-01-05 12:42:06,229 - INFO - Downloading 006880 (신송홀딩스)...
2026-01-05 12:42:06,306 - INFO - Success 007590
2026-01-05 12:42:06,307 - INFO - Downloading 003780 (진양산업)...
2026-01-05 12:42:06,310 - INFO - Success 001260
2026-01-05 12:42:06,310 - INFO - Downloading 550062 (N2 레버리지 금 선물 ETN(H))...
2026-01-05 12:42:06,312 - INFO - Success 006880
2026-01-05 12:42:06,312 - INFO - Downloading 442570 (RISE TDF2050액티브)...
2026-01-05 12:42:06,369 - INFO - Success 550062
2026-01-05 12:42:06,369 - INFO - Success 442570
2026-01-05 12:42:06,369 - INFO - Downloading 329670 (KODEX TRF7030)...
2026-01-05 12:42:06,369 - INFO - Downloading 469170 (ACE 포스코그룹포커스)...
2026-01-05 12:42:06,381 - INFO - Success 003780
2026-01-05 12:42:06,381 - INFO - Downloading 453330 (RISE 미국S&P500(H))...
2026-01-05 12:42:06,420 - INFO - Success 469170
2026-01-05 12:42:06,420 - INFO - Downloading 494220 (UNICORN SK하이닉스밸류체인액티브)...
2026-01-05 12:42:06,440 - INFO - Success 453330
2026-01-05 12:42:06,440 - INFO - Downloading 001470 (삼부토건)...
2026-01-05 12:42:06,441 - INFO - Success 329670
2026-01-05 12:42:06,441 - INFO - Downloading 152380 (KODEX 국채선물10년)...
2026-01-05 12:42:06,465 - INFO - Success 494220
2026-01-05 12:42:06,466 - INFO - Downloading 365000 (TIGER 인터넷TOP10)...
2026-01-05 12:42:06,526 - INFO - Success 001470
2026-01-05 12:42:06,526 - INFO - Downloading 002795 (아모레퍼시픽홀딩스우)...
2026-01-05 12:42:06,527 - INFO - Success 152380
2026-01-05 12:42:06,527 - INFO - Downloading 308170 (씨티알모빌리티)...
2026-01-05 12:42:06,529 - INFO - Success 365000
2026-01-05 12:42:06,529 - INFO - Downloading 495230 (KoAct 코리아밸류업액티브)...
2026-01-05 12:42:06,578 - INFO - Success 495230
2026-01-05 12:42:06,578 - INFO - Downloading 012690 (모나리자)...
2026-01-05 12:42:06,589 - INFO - Success 308170
2026-01-05 12:42:06,589 - INFO - Downloading 570106 (한투 레버리지일본니케이225선물 ETN(H))...
2026-01-05 12:42:06,606 - INFO - Success 002795
2026-01-05 12:42:06,606 - INFO - Downloading 475280 (ACE 8월만기자동연장회사채AA-이상액티브)...
2026-01-05 12:42:06,636 - INFO - Success 570106
2026-01-05 12:42:06,636 - INFO - Downloading 395290 (HANARO Fn K-POP&미디어)...
2026-01-05 12:42:06,662 - INFO - Success 475280
2026-01-05 12:42:06,662 - INFO - Downloading 476070 (KODEX 글로벌비만치료제TOP2 Plus)...
2026-01-05 12:42:06,663 - INFO - Success 012690
2026-01-05 12:42:06,663 - INFO - Downloading 760007 (키움 코스피 200 TR ETN)...
2026-01-05 12:42:06,695 - INFO - Success 395290
2026-01-05 12:42:06,695 - INFO - Downloading 005750 (대림바스)...
2026-01-05 12:42:06,712 - INFO - Success 760007
2026-01-05 12:42:06,712 - INFO - Downloading 013870 (지엠비코리아)...
2026-01-05 12:42:06,712 - INFO - Success 476070
2026-01-05 12:42:06,713 - INFO - Downloading 460960 (ACE 글로벌인컴TOP10)...
2026-01-05 12:42:06,766 - INFO - Success 460960
2026-01-05 12:42:06,766 - INFO - Downloading 0069M0 (1Q 미국나스닥100)...
2026-01-05 12:42:06,777 - INFO - Success 005750
2026-01-05 12:42:06,777 - INFO - Downloading 359210 (KODEX 코스피TR)...
2026-01-05 12:42:06,793 - INFO - Success 013870
2026-01-05 12:42:06,793 - INFO - Downloading 447430 (ACE 주주환원가치주액티브)...
2026-01-05 12:42:06,838 - INFO - Success 359210
2026-01-05 12:42:06,838 - INFO - Downloading 449770 (KIWOOM 미국S&P500)...
2026-01-05 12:42:06,848 - INFO - Success 447430
2026-01-05 12:42:06,849 - INFO - Downloading 000220 (유유제약)...
2026-01-05 12:42:06,891 - INFO - Success 449770
2026-01-05 12:42:06,891 - INFO - Downloading 363580 (KODEX 200IT TR)...
2026-01-05 12:42:06,922 - INFO - Success 000220
2026-01-05 12:42:06,922 - INFO - Downloading 243880 (TIGER 200IT레버리지)...
2026-01-05 12:42:06,953 - INFO - Success 363580
2026-01-05 12:42:06,953 - INFO - Downloading 009180 (한솔로지스틱스)...
2026-01-05 12:42:06,994 - INFO - Success 243880
2026-01-05 12:42:06,994 - INFO - Downloading 496090 (KIWOOM 코리아밸류업)...
2026-01-05 12:42:07,028 - INFO - Success 009180
2026-01-05 12:42:07,029 - INFO - Downloading 377990 (TIGER Fn신재생에너지)...
2026-01-05 12:42:07,039 - INFO - Success 496090
2026-01-05 12:42:07,039 - INFO - Downloading 004830 (덕성)...
2026-01-05 12:42:07,049 - ERROR - Error downloading 0069M0: 404 Client Error: Not Found for url: https://query2.finance.yahoo.com/v8/finance/chart/0069M0?period1=-32400&period2=1735570800&interval=1d&includeAdjustedClose=true
2026-01-05 12:42:07,049 - INFO - Downloading 003560 (IHQ)...
2026-01-05 12:42:07,089 - INFO - Success 377990
2026-01-05 12:42:07,089 - INFO - Downloading 150460 (TIGER 중국소비테마)...
2026-01-05 12:42:07,116 - INFO - Success 004830
2026-01-05 12:42:07,116 - INFO - Downloading 0049M0 (ACE 미국배당퀄리티+커버드콜액티브)...
2026-01-05 12:42:07,126 - INFO - Success 003560
2026-01-05 12:42:07,126 - INFO - Downloading 261270 (KODEX 미국달러선물인버스)...
2026-01-05 12:42:07,163 - INFO - Success 150460
2026-01-05 12:42:07,163 - INFO - Downloading 448100 (WON 200)...
2026-01-05 12:42:07,195 - INFO - Success 261270
2026-01-05 12:42:07,195 - INFO - Downloading 009770 (삼정펄프)...
2026-01-05 12:42:07,226 - INFO - Success 448100
2026-01-05 12:42:07,226 - INFO - Downloading 0082V0 (KODEX TDF2060액티브)...
2026-01-05 12:42:07,288 - INFO - Success 009770
2026-01-05 12:42:07,288 - INFO - Downloading 111110 (호전실업)...
2026-01-05 12:42:07,357 - INFO - Success 111110
2026-01-05 12:42:07,357 - INFO - Downloading 433970 (KODEX TDF2030액티브)...
2026-01-05 12:42:07,412 - ERROR - Error downloading 0049M0: 404 Client Error: Not Found for url: https://query2.finance.yahoo.com/v8/finance/chart/0049M0?period1=-32400&period2=1735570800&interval=1d&includeAdjustedClose=true
2026-01-05 12:42:07,414 - INFO - Downloading 465350 (RISE 2차전지TOP10인버스(합성))...
2026-01-05 12:42:07,416 - INFO - Success 433970
2026-01-05 12:42:07,416 - INFO - Downloading 0026E0 (KODEX 미국S&P500버퍼3월액티브)...
2026-01-05 12:42:07,465 - INFO - Success 465350
2026-01-05 12:42:07,465 - INFO - Downloading 016090 (대현)...
2026-01-05 12:42:07,554 - INFO - Success 016090
2026-01-05 12:42:07,554 - INFO - Downloading 261240 (KODEX 미국달러선물)...
2026-01-05 12:42:07,560 - ERROR - Error downloading 0082V0: 404 Client Error: Not Found for url: https://query2.finance.yahoo.com/v8/finance/chart/0082V0?period1=-32400&period2=1735570800&interval=1d&includeAdjustedClose=true
2026-01-05 12:42:07,560 - INFO - Downloading 002630 (오리엔트바이오)...
2026-01-05 12:42:07,628 - INFO - Success 261240
2026-01-05 12:42:07,628 - INFO - Downloading 456680 (TIGER 차이나전기차레버리지(합성))...
2026-01-05 12:42:07,642 - INFO - Success 002630
2026-01-05 12:42:07,642 - INFO - Downloading 0093A0 (RISE AI반도체TOP10)...
2026-01-05 12:42:07,684 - INFO - Success 456680
2026-01-05 12:42:07,685 - INFO - Downloading 001380 (SG글로벌)...
2026-01-05 12:42:07,753 - ERROR - Error downloading 0026E0: 404 Client Error: Not Found for url: https://query2.finance.yahoo.com/v8/finance/chart/0026E0?period1=-32400&period2=1735570800&interval=1d&includeAdjustedClose=true
2026-01-05 12:42:07,754 - INFO - Downloading 004920 (씨아이테크)...
2026-01-05 12:42:07,766 - INFO - Success 001380
2026-01-05 12:42:07,766 - INFO - Downloading 475350 (RISE 버크셔포트폴리오TOP10)...
2026-01-05 12:42:07,814 - INFO - Success 475350
2026-01-05 12:42:07,814 - INFO - Downloading 400970 (TIGER Fn메타버스)...
2026-01-05 12:42:07,837 - INFO - Success 004920
2026-01-05 12:42:07,838 - INFO - Downloading 031820 (아이티센씨티에스)...
2026-01-05 12:42:07,878 - INFO - Success 400970
2026-01-05 12:42:07,878 - INFO - Downloading 530067 (삼성 KRX 금현물 ETN)...
2026-01-05 12:42:07,916 - INFO - Success 031820
2026-01-05 12:42:07,916 - INFO - Downloading 570118 (한투 인버스2X천연가스선물 ETN B)...
2026-01-05 12:42:07,933 - ERROR - Error downloading 0093A0: 404 Client Error: Not Found for url: https://query2.finance.yahoo.com/v8/finance/chart/0093A0?period1=-32400&period2=1735570800&interval=1d&includeAdjustedClose=true
2026-01-05 12:42:07,934 - INFO - Downloading 004440 (삼일씨엔에스)...
2026-01-05 12:42:07,947 - INFO - Success 530067
2026-01-05 12:42:07,947 - INFO - Downloading 473640 (HANARO 글로벌금채굴기업)...
2026-01-05 12:42:07,959 - WARNING - Empty data for 570118
2026-01-05 12:42:07,959 - INFO - Downloading 580010 (KB Wise 분할매매 ETN)...
2026-01-05 12:42:07,997 - INFO - Success 473640
2026-01-05 12:42:07,997 - INFO - Downloading 071090 (하이스틸)...
2026-01-05 12:42:08,010 - INFO - Success 004440
2026-01-05 12:42:08,010 - INFO - Downloading 520092 (미래에셋 레버리지 은 선물 ETN B)...
2026-01-05 12:42:08,032 - INFO - Success 580010
2026-01-05 12:42:08,032 - INFO - Downloading 004540 (깨끗한나라)...
2026-01-05 12:42:08,050 - WARNING - Empty data for 520092
2026-01-05 12:42:08,050 - INFO - Downloading 371470 (TIGER 차이나바이오테크SOLACTIVE)...
2026-01-05 12:42:08,074 - INFO - Success 071090
2026-01-05 12:42:08,074 - INFO - Downloading 013700 (까뮤이앤씨)...
2026-01-05 12:42:08,123 - INFO - Success 371470
2026-01-05 12:42:08,123 - INFO - Downloading 024900 (디와이덕양)...
2026-01-05 12:42:08,126 - INFO - Success 004540
2026-01-05 12:42:08,126 - INFO - Downloading 476030 (SOL 미국나스닥100)...
2026-01-05 12:42:08,160 - INFO - Success 013700
2026-01-05 12:42:08,160 - INFO - Downloading 129260 (인터지스)...
2026-01-05 12:42:08,174 - INFO - Success 476030
2026-01-05 12:42:08,174 - INFO - Downloading 275980 (TIGER 글로벌4차산업혁신기술(합성 H))...
2026-01-05 12:42:08,202 - INFO - Success 024900
2026-01-05 12:42:08,202 - INFO - Downloading 473590 (ACE 미국주식베스트셀러)...
2026-01-05 12:42:08,236 - INFO - Success 129260
2026-01-05 12:42:08,236 - INFO - Downloading 0132H0 (KODEX 미국원자력SMR)...
2026-01-05 12:42:08,248 - INFO - Success 275980
2026-01-05 12:42:08,248 - INFO - Downloading 001290 (상상인증권)...
2026-01-05 12:42:08,255 - INFO - Success 473590
2026-01-05 12:42:08,255 - INFO - Downloading 448630 (RISE 삼성그룹Top3채권혼합)...
2026-01-05 12:42:08,311 - INFO - Success 448630
2026-01-05 12:42:08,311 - INFO - Downloading 495550 (SOL 코리아밸류업TR)...
2026-01-05 12:42:08,324 - INFO - Success 001290
2026-01-05 12:42:08,324 - INFO - Downloading 174360 (RISE 중국본토대형주CSI100)...
2026-01-05 12:42:08,355 - INFO - Success 495550
2026-01-05 12:42:08,356 - INFO - Downloading 419890 (KIWOOM 단기채권ESG액티브)...
2026-01-05 12:42:08,403 - INFO - Success 174360
2026-01-05 12:42:08,403 - INFO - Downloading 092440 (기신정기)...
2026-01-05 12:42:08,413 - INFO - Success 419890
2026-01-05 12:42:08,413 - INFO - Downloading 004060 (SG세계물산)...
2026-01-05 12:42:08,480 - INFO - Success 092440
2026-01-05 12:42:08,480 - INFO - Downloading 0015B0 (KoAct 미국나스닥성장기업액티브)...
2026-01-05 12:42:08,494 - INFO - Success 004060
2026-01-05 12:42:08,494 - INFO - Downloading 003010 (혜인)...
2026-01-05 12:42:08,571 - INFO - Success 003010
2026-01-05 12:42:08,572 - INFO - Downloading 453080 (KIWOOM 미국나스닥100(H))...
2026-01-05 12:42:08,573 - ERROR - Error downloading 0132H0: 404 Client Error: Not Found for url: https://query2.finance.yahoo.com/v8/finance/chart/0132H0?period1=-32400&period2=1735570800&interval=1d&includeAdjustedClose=true
2026-01-05 12:42:08,573 - INFO - Downloading 426150 (WON 대한민국국고채액티브)...
2026-01-05 12:42:08,632 - INFO - Success 426150
2026-01-05 12:42:08,632 - INFO - Downloading 120115 (코오롱인더우)...
2026-01-05 12:42:08,633 - INFO - Success 453080
2026-01-05 12:42:08,633 - INFO - Downloading 108450 (ACE 삼성그룹섹터가중)...
2026-01-05 12:42:08,727 - INFO - Success 120115
2026-01-05 12:42:08,727 - INFO - Downloading 332940 (HANARO MSCI Korea TR)...
2026-01-05 12:42:08,728 - INFO - Success 108450
2026-01-05 12:42:08,728 - INFO - Downloading 0041D0 (KODEX 미국AI소프트웨어TOP10)...
2026-01-05 12:42:08,769 - ERROR - Error downloading 0015B0: 404 Client Error: Not Found for url: https://query2.finance.yahoo.com/v8/finance/chart/0015B0?period1=-32400&period2=1735570800&interval=1d&includeAdjustedClose=true
2026-01-05 12:42:08,769 - INFO - Downloading 003925 (남양유업우)...
2026-01-05 12:42:08,792 - INFO - Success 332940
2026-01-05 12:42:08,793 - INFO - Downloading 530134 (삼성 블룸버그 인버스2X WTI원유선물 ETN B)...
2026-01-05 12:42:08,830 - WARNING - Empty data for 530134
2026-01-05 12:42:08,830 - INFO - Downloading 0118S0 (SOL 미국넥스트테크TOP10액티브)...
2026-01-05 12:42:08,852 - INFO - Success 003925
2026-01-05 12:42:08,853 - INFO - Downloading 452250 (ACE 미국30년국채선물레버리지(합성 H))...
2026-01-05 12:42:08,903 - INFO - Success 452250
2026-01-05 12:42:08,903 - INFO - Downloading 006490 (인스코비)...
2026-01-05 12:42:08,990 - INFO - Success 006490
2026-01-05 12:42:08,990 - INFO - Downloading 272910 (ACE 중장기국공채액티브)...
2026-01-05 12:42:09,061 - ERROR - Error downloading 0041D0: 404 Client Error: Not Found for url: https://query2.finance.yahoo.com/v8/finance/chart/0041D0?period1=-32400&period2=1735570800&interval=1d&includeAdjustedClose=true
2026-01-05 12:42:09,062 - INFO - Downloading 210780 (TIGER 코스피고배당)...
2026-01-05 12:42:09,063 - INFO - Success 272910
2026-01-05 12:42:09,063 - INFO - Downloading 488720 (WON 종합채권(AA-이상)액티브)...
2026-01-05 12:42:09,111 - INFO - Success 488720
2026-01-05 12:42:09,111 - INFO - Downloading 055490 (테이팩스)...
2026-01-05 12:42:09,127 - ERROR - Error downloading 0118S0: 404 Client Error: Not Found for url: https://query2.finance.yahoo.com/v8/finance/chart/0118S0?period1=-32400&period2=1735570800&interval=1d&includeAdjustedClose=true
2026-01-05 12:42:09,127 - INFO - Downloading 000910 (유니온)...
2026-01-05 12:42:09,136 - INFO - Success 210780
2026-01-05 12:42:09,136 - INFO - Downloading 440640 (ACE 단기채권알파액티브)...
2026-01-05 12:42:09,180 - INFO - Success 055490
2026-01-05 12:42:09,180 - INFO - Downloading 445150 (KODEX 친환경조선해운액티브)...
2026-01-05 12:42:09,195 - INFO - Success 440640
2026-01-05 12:42:09,195 - INFO - Downloading 570082 (한투 인버스 2X 코스닥150선물 ETN)...
2026-01-05 12:42:09,208 - INFO - Success 000910
2026-01-05 12:42:09,208 - INFO - Downloading 458030 (WON 국공채머니마켓액티브)...
2026-01-05 12:42:09,236 - INFO - Success 445150
2026-01-05 12:42:09,236 - INFO - Downloading 014990 (인디에프)...
2026-01-05 12:42:09,248 - INFO - Success 570082
2026-01-05 12:42:09,248 - INFO - Downloading 570069 (한투 레버리지 플래티넘 선물 ETN)...
2026-01-05 12:42:09,260 - INFO - Success 458030
2026-01-05 12:42:09,260 - INFO - Downloading 421320 (PLUS 우주항공&UAM)...
2026-01-05 12:42:09,304 - INFO - Success 570069
2026-01-05 12:42:09,304 - INFO - Downloading 357250 (미래에셋맵스리츠)...
2026-01-05 12:42:09,316 - INFO - Success 421320
2026-01-05 12:42:09,316 - INFO - Downloading 261070 (TIGER 코스닥150바이오테크)...
2026-01-05 12:42:09,317 - INFO - Success 014990
2026-01-05 12:42:09,317 - INFO - Downloading 225040 (TIGER 미국S&P500레버리지(합성 H))...
2026-01-05 12:42:09,365 - INFO - Success 357250
2026-01-05 12:42:09,365 - INFO - Downloading 0017Y0 (1Q 종합채권(AA-이상)액티브)...
2026-01-05 12:42:09,384 - INFO - Success 261070
2026-01-05 12:42:09,384 - INFO - Downloading 610066 (메리츠 KAP 통안채 3개월 ETN)...
2026-01-05 12:42:09,392 - INFO - Success 225040
2026-01-05 12:42:09,392 - INFO - Downloading 458750 (TIGER 미국배당다우존스타겟커버드콜1호)...
2026-01-05 12:42:09,433 - INFO - Success 610066
2026-01-05 12:42:09,433 - INFO - Downloading 018500 (동원금속)...
2026-01-05 12:42:09,442 - INFO - Success 458750
2026-01-05 12:42:09,442 - INFO - Downloading 530131 (삼성 인버스0.5X S&P500 VIX S/T선물 ETN B)...
2026-01-05 12:42:09,480 - WARNING - Empty data for 530131
2026-01-05 12:42:09,481 - INFO - Downloading 580021 (KB 인버스 천연가스 선물 ETN)...
2026-01-05 12:42:09,514 - INFO - Success 018500
2026-01-05 12:42:09,514 - INFO - Downloading 500095 (신한 S&P500 VIX S/T 선물 ETN E)...
2026-01-05 12:42:09,539 - INFO - Success 580021
2026-01-05 12:42:09,539 - INFO - Downloading 0092B0 (SOL 한국원자력SMR)...
2026-01-05 12:42:09,554 - WARNING - Empty data for 500095
2026-01-05 12:42:09,554 - INFO - Downloading 37550L (DL이앤씨2우(전환))...
2026-01-05 12:42:09,611 - INFO - Success 37550L
2026-01-05 12:42:09,611 - INFO - Downloading 495330 (1Q 코리아밸류업)...
2026-01-05 12:42:09,645 - ERROR - Error downloading 0017Y0: 404 Client Error: Not Found for url: https://query2.finance.yahoo.com/v8/finance/chart/0017Y0?period1=-32400&period2=1735570800&interval=1d&includeAdjustedClose=true
2026-01-05 12:42:09,645 - INFO - Downloading 292560 (TIGER 일본엔선물)...
2026-01-05 12:42:09,659 - INFO - Success 495330
2026-01-05 12:42:09,660 - INFO - Downloading 139280 (TIGER 경기방어)...
2026-01-05 12:42:09,716 - INFO - Success 292560
2026-01-05 12:42:09,716 - INFO - Downloading 0067V0 (TIGER 차이나글로벌리더스TOP3+)...
2026-01-05 12:42:09,736 - INFO - Success 139280
2026-01-05 12:42:09,736 - INFO - Downloading 100220 (비상교육)...
2026-01-05 12:42:09,827 - INFO - Success 100220
2026-01-05 12:42:09,827 - INFO - Downloading 075180 (새론오토모티브)...
2026-01-05 12:42:09,876 - ERROR - Error downloading 0092B0: 404 Client Error: Not Found for url: https://query2.finance.yahoo.com/v8/finance/chart/0092B0?period1=-32400&period2=1735570800&interval=1d&includeAdjustedClose=true
2026-01-05 12:42:09,877 - INFO - Downloading 004910 (조광페인트)...
2026-01-05 12:42:09,912 - INFO - Success 075180
2026-01-05 12:42:09,912 - INFO - Downloading 463680 (KODEX 미국S&P500테크놀로지)...
2026-01-05 12:42:09,962 - INFO - Success 004910
2026-01-05 12:42:09,962 - INFO - Downloading 004450 (삼화왕관)...
2026-01-05 12:42:09,964 - INFO - Success 463680
2026-01-05 12:42:09,964 - INFO - Downloading 025560 (미래산업)...
2026-01-05 12:42:10,002 - ERROR - Error downloading 0067V0: 404 Client Error: Not Found for url: https://query2.finance.yahoo.com/v8/finance/chart/0067V0?period1=-32400&period2=1735570800&interval=1d&includeAdjustedClose=true
2026-01-05 12:42:10,003 - INFO - Downloading 058730 (다스코)...
2026-01-05 12:42:10,053 - INFO - Success 004450
2026-01-05 12:42:10,053 - INFO - Downloading 378850 (화승알앤에이)...
2026-01-05 12:42:10,054 - INFO - Success 025560
2026-01-05 12:42:10,055 - INFO - Downloading 002760 (보락)...
2026-01-05 12:42:10,089 - INFO - Success 058730
2026-01-05 12:42:10,089 - INFO - Downloading 760018 (키움 미국달러선물 ETN B)...
2026-01-05 12:42:10,112 - INFO - Success 378850
2026-01-05 12:42:10,113 - INFO - Downloading 0018C0 (PLUS 고배당주위클리고정커버드콜)...
2026-01-05 12:42:10,131 - WARNING - Empty data for 760018
2026-01-05 12:42:10,132 - INFO - Downloading 002140 (고려산업)...
2026-01-05 12:42:10,135 - INFO - Success 002760
2026-01-05 12:42:10,135 - INFO - Downloading 0123S0 (HANARO 26-12 은행채(AA+이상)액티브)...
2026-01-05 12:42:10,211 - INFO - Success 002140
2026-01-05 12:42:10,211 - INFO - Downloading 0085P0 (ACE 미국10년국채액티브)...
2026-01-05 12:42:10,404 - ERROR - Error downloading 0018C0: 404 Client Error: Not Found for url: https://query2.finance.yahoo.com/v8/finance/chart/0018C0?period1=-32400&period2=1735570800&interval=1d&includeAdjustedClose=true
2026-01-05 12:42:10,405 - INFO - Downloading 211560 (TIGER 배당성장)...
2026-01-05 12:42:10,427 - ERROR - Error downloading 0123S0: 404 Client Error: Not Found for url: https://query2.finance.yahoo.com/v8/finance/chart/0123S0?period1=-32400&period2=1735570800&interval=1d&includeAdjustedClose=true
2026-01-05 12:42:10,428 - INFO - Downloading 364990 (TIGER 게임TOP10)...
2026-01-05 12:42:10,490 - INFO - Success 364990
2026-01-05 12:42:10,490 - INFO - Downloading 491700 (HK 200)...
2026-01-05 12:42:10,492 - INFO - Success 211560
2026-01-05 12:42:10,492 - INFO - Downloading 017180 (명문제약)...
2026-01-05 12:42:10,496 - ERROR - Error downloading 0085P0: 404 Client Error: Not Found for url: https://query2.finance.yahoo.com/v8/finance/chart/0085P0?period1=-32400&period2=1735570800&interval=1d&includeAdjustedClose=true
2026-01-05 12:42:10,496 - INFO - Downloading 000950 (전방)...
2026-01-05 12:42:10,538 - INFO - Success 491700
2026-01-05 12:42:10,538 - INFO - Downloading 550091 (N2 방위산업 Top5 ETN)...
2026-01-05 12:42:10,580 - INFO - Success 000950
2026-01-05 12:42:10,580 - INFO - Downloading 155660 (DSR)...
2026-01-05 12:42:10,581 - INFO - Success 017180
2026-01-05 12:42:10,581 - INFO - Downloading 337160 (KODEX 200ESG)...
2026-01-05 12:42:10,587 - INFO - Success 550091
2026-01-05 12:42:10,587 - INFO - Downloading 476690 (TIGER 글로벌비만치료제TOP2Plus)...
2026-01-05 12:42:10,635 - INFO - Success 476690
2026-01-05 12:42:10,635 - INFO - Downloading 006370 (대구백화점)...
2026-01-05 12:42:10,647 - INFO - Success 337160
2026-01-05 12:42:10,647 - INFO - Downloading 453640 (KODEX 미국S&P500헬스케어)...
2026-01-05 12:42:10,664 - INFO - Success 155660
2026-01-05 12:42:10,664 - INFO - Downloading 000725 (현대건설우)...
2026-01-05 12:42:10,703 - INFO - Success 453640
2026-01-05 12:42:10,703 - INFO - Downloading 28513K (SK케미칼우)...
2026-01-05 12:42:10,716 - INFO - Success 006370
2026-01-05 12:42:10,716 - INFO - Downloading 211900 (KODEX 코리아배당성장)...
2026-01-05 12:42:10,743 - INFO - Success 000725
2026-01-05 12:42:10,743 - INFO - Downloading 0035T0 (PLUS 글로벌휴머노이드로봇액티브)...
2026-01-05 12:42:10,775 - INFO - Success 28513K
2026-01-05 12:42:10,775 - INFO - Downloading 133820 (화인베스틸)...
2026-01-05 12:42:10,795 - INFO - Success 211900
2026-01-05 12:42:10,795 - INFO - Downloading 700022 (하나 Solactive US Tech Top 10 ETN(H))...
2026-01-05 12:42:10,858 - INFO - Success 700022
2026-01-05 12:42:10,859 - INFO - Downloading 001550 (조비)...
2026-01-05 12:42:10,862 - INFO - Success 133820
2026-01-05 12:42:10,862 - INFO - Downloading 072130 (유엔젤)...
2026-01-05 12:42:10,942 - INFO - Success 001550
2026-01-05 12:42:10,942 - INFO - Downloading 570103 (한투 인버스2X 나스닥100 ETN B)...
2026-01-05 12:42:10,943 - INFO - Success 072130
2026-01-05 12:42:10,943 - INFO - Downloading 0000D0 (TIGER 엔비디아미국채커버드콜밸런스(합성))...
2026-01-05 12:42:10,993 - INFO - Success 570103
2026-01-05 12:42:10,993 - INFO - Downloading 0007N0 (아이엠에셋 200)...
2026-01-05 12:42:11,029 - ERROR - Error downloading 0035T0: 404 Client Error: Not Found for url: https://query2.finance.yahoo.com/v8/finance/chart/0035T0?period1=-32400&period2=1735570800&interval=1d&includeAdjustedClose=true
2026-01-05 12:42:11,030 - INFO - Downloading 472830 (RISE 미국30년국채커버드콜(합성))...
2026-01-05 12:42:11,080 - INFO - Success 472830
2026-01-05 12:42:11,080 - INFO - Downloading 005305 (롯데칠성우)...
2026-01-05 12:42:11,163 - INFO - Success 005305
2026-01-05 12:42:11,163 - INFO - Downloading 000890 (보해양조)...
2026-01-05 12:42:11,224 - ERROR - Error downloading 0000D0: 404 Client Error: Not Found for url: https://query2.finance.yahoo.com/v8/finance/chart/0000D0?period1=-32400&period2=1735570800&interval=1d&includeAdjustedClose=true
2026-01-05 12:42:11,225 - INFO - Downloading 004870 (티웨이홀딩스)...
2026-01-05 12:42:11,240 - INFO - Success 000890
2026-01-05 12:42:11,240 - INFO - Downloading 0101N0 (RISE AI전력인프라)...
2026-01-05 12:42:11,303 - INFO - Success 004870
2026-01-05 12:42:11,303 - INFO - Downloading 139660 (KIWOOM 미국달러선물인버스)...
2026-01-05 12:42:11,306 - ERROR - Error downloading 0007N0: 404 Client Error: Not Found for url: https://query2.finance.yahoo.com/v8/finance/chart/0007N0?period1=-32400&period2=1735570800&interval=1d&includeAdjustedClose=true
2026-01-05 12:42:11,306 - INFO - Downloading 295020 (RISE 국채선물10년인버스)...
2026-01-05 12:42:11,389 - INFO - Success 295020
2026-01-05 12:42:11,389 - INFO - Downloading 0022T0 (SOL 국제금커버드콜액티브)...
2026-01-05 12:42:11,393 - INFO - Success 139660
2026-01-05 12:42:11,393 - INFO - Downloading 520080 (미래에셋 미국 테크&반도체 TOP3 ETN)...
2026-01-05 12:42:11,436 - INFO - Success 520080
2026-01-05 12:42:11,436 - INFO - Downloading 004410 (서울식품)...
2026-01-05 12:42:11,513 - INFO - Success 004410
2026-01-05 12:42:11,513 - INFO - Downloading 0068M0 (KODEX 미국S&P500버퍼6월액티브)...
2026-01-05 12:42:11,521 - ERROR - Error downloading 0101N0: 404 Client Error: Not Found for url: https://query2.finance.yahoo.com/v8/finance/chart/0101N0?period1=-32400&period2=1735570800&interval=1d&includeAdjustedClose=true
2026-01-05 12:42:11,522 - INFO - Downloading 0007G0 (PLUS 글로벌원자력밸류체인)...
2026-01-05 12:42:11,749 - ERROR - Error downloading 0022T0: 404 Client Error: Not Found for url: https://query2.finance.yahoo.com/v8/finance/chart/0022T0?period1=-32400&period2=1735570800&interval=1d&includeAdjustedClose=true
2026-01-05 12:42:11,750 - INFO - Downloading 047400 (유니온머티리얼)...
2026-01-05 12:42:11,800 - ERROR - Error downloading 0068M0: 404 Client Error: Not Found for url: https://query2.finance.yahoo.com/v8/finance/chart/0068M0?period1=-32400&period2=1735570800&interval=1d&includeAdjustedClose=true
2026-01-05 12:42:11,800 - INFO - Downloading 407830 (에셋플러스 글로벌플랫폼액티브)...
2026-01-05 12:42:11,829 - INFO - Success 047400
2026-01-05 12:42:11,829 - INFO - Downloading 550089 (N2 월간 레버리지 코스피 200 선물 ETN)...
2026-01-05 12:42:11,856 - INFO - Success 407830
2026-01-05 12:42:11,856 - INFO - Downloading 123700 (SJM)...
2026-01-05 12:42:11,873 - INFO - Success 550089
2026-01-05 12:42:11,873 - INFO - Downloading 266360 (KODEX K콘텐츠)...
2026-01-05 12:42:11,932 - INFO - Success 123700
2026-01-05 12:42:11,932 - INFO - Downloading 041650 (상신브레이크)...
2026-01-05 12:42:11,940 - INFO - Success 266360
2026-01-05 12:42:11,940 - INFO - Downloading 002920 (유성기업)...
2026-01-05 12:42:12,009 - INFO - Success 041650
2026-01-05 12:42:12,009 - INFO - Downloading 500020 (신한 레버리지 다우존스지수 선물 ETN(H))...
2026-01-05 12:42:12,010 - ERROR - Error downloading 0007G0: 404 Client Error: Not Found for url: https://query2.finance.yahoo.com/v8/finance/chart/0007G0?period1=-32400&period2=1735570800&interval=1d&includeAdjustedClose=true
2026-01-05 12:42:12,010 - INFO - Downloading 494330 (ACE 라이프자산주주가치액티브)...
2026-01-05 12:42:12,020 - INFO - Success 002920
2026-01-05 12:42:12,020 - INFO - Downloading 322400 (HANARO e커머스)...
2026-01-05 12:42:12,057 - INFO - Success 494330
2026-01-05 12:42:12,057 - INFO - Downloading 0113D0 (TIMEFOLIO 글로벌탑픽액티브)...
2026-01-05 12:42:12,080 - INFO - Success 500020
2026-01-05 12:42:12,080 - INFO - Downloading 465330 (RISE 2차전지TOP10)...
2026-01-05 12:42:12,096 - INFO - Success 322400
2026-01-05 12:42:12,096 - INFO - Downloading 520089 (미래에셋 CAPE 실러 US Core Sector ETN)...
2026-01-05 12:42:12,128 - INFO - Success 465330
2026-01-05 12:42:12,128 - INFO - Downloading 481850 (신한글로벌액티브리츠)...
2026-01-05 12:42:12,132 - WARNING - Empty data for 520089
2026-01-05 12:42:12,133 - INFO - Downloading 520081 (미래에셋 2X 미국 테크&반도체 TOP3 ETN)...
2026-01-05 12:42:12,170 - INFO - Success 481850
2026-01-05 12:42:12,170 - INFO - Downloading 009190 (대양금속)...
2026-01-05 12:42:12,174 - INFO - Success 520081
2026-01-05 12:42:12,174 - INFO - Downloading 395170 (KODEX Top10동일가중)...
2026-01-05 12:42:12,234 - INFO - Success 395170
2026-01-05 12:42:12,235 - INFO - Downloading 003080 (SB성보)...
2026-01-05 12:42:12,253 - INFO - Success 009190
2026-01-05 12:42:12,253 - INFO - Downloading 011300 (성안머티리얼스)...
2026-01-05 12:42:12,309 - INFO - Success 003080
2026-01-05 12:42:12,309 - INFO - Downloading 017040 (광명전기)...
2026-01-05 12:42:12,328 - INFO - Success 011300
2026-01-05 12:42:12,328 - INFO - Downloading 610078 (메리츠 3X 레버리지 미국채30년 ETN)...
2026-01-05 12:42:12,371 - INFO - Success 610078
2026-01-05 12:42:12,371 - INFO - Downloading 004770 (써니전자)...
2026-01-05 12:42:12,391 - INFO - Success 017040
2026-01-05 12:42:12,391 - INFO - Downloading 480310 (TIGER 글로벌온디바이스AI)...
2026-01-05 12:42:12,392 - ERROR - Error downloading 0113D0: 404 Client Error: Not Found for url: https://query2.finance.yahoo.com/v8/finance/chart/0113D0?period1=-32400&period2=1735570800&interval=1d&includeAdjustedClose=true
2026-01-05 12:42:12,392 - INFO - Downloading 464470 (PLUS 미국채30년액티브)...
2026-01-05 12:42:12,442 - INFO - Success 480310
2026-01-05 12:42:12,442 - INFO - Downloading 025530 (SJM홀딩스)...
2026-01-05 12:42:12,449 - INFO - Success 464470
2026-01-05 12:42:12,449 - INFO - Downloading 444490 (WON 미국S&P500)...
2026-01-05 12:42:12,450 - INFO - Success 004770
2026-01-05 12:42:12,450 - INFO - Downloading 550093 (N2 전력인프라 Top5 ETN)...
2026-01-05 12:42:12,497 - INFO - Success 550093
2026-01-05 12:42:12,497 - INFO - Downloading 520086 (미래에셋-0.5X S&P500 VIX S/T선물 ETN(H)B)...
2026-01-05 12:42:12,507 - INFO - Success 444490
2026-01-05 12:42:12,507 - INFO - Downloading 479850 (HANARO K-뷰티)...
2026-01-05 12:42:12,519 - INFO - Success 025530
2026-01-05 12:42:12,519 - INFO - Downloading 010770 (평화홀딩스)...
2026-01-05 12:42:12,538 - WARNING - Empty data for 520086
2026-01-05 12:42:12,538 - INFO - Downloading 580077 (KB 인버스 2X 미국 나스닥 100 TR ETN B)...
2026-01-05 12:42:12,552 - INFO - Success 479850
2026-01-05 12:42:12,552 - INFO - Downloading 530115 (삼성 레버리지 나스닥 100 TR ETN)...
2026-01-05 12:42:12,572 - WARNING - Empty data for 580077
2026-01-05 12:42:12,572 - INFO - Downloading 007610 (선도전기)...
2026-01-05 12:42:12,591 - INFO - Success 010770
2026-01-05 12:42:12,592 - INFO - Downloading 001620 (케이비아이동국실업)...
2026-01-05 12:42:12,601 - INFO - Success 530115
2026-01-05 12:42:12,601 - INFO - Downloading 069730 (DSR제강)...
2026-01-05 12:42:12,652 - INFO - Success 007610
2026-01-05 12:42:12,652 - INFO - Downloading 410870 (TIMEFOLIO K컬처액티브)...
2026-01-05 12:42:12,666 - INFO - Success 001620
2026-01-05 12:42:12,666 - INFO - Downloading 278620 (PLUS 단기채권액티브)...
2026-01-05 12:42:12,679 - INFO - Success 069730
2026-01-05 12:42:12,679 - INFO - Downloading 455960 (RISE 미국달러SOFR금리액티브(합성))...
2026-01-05 12:42:12,716 - INFO - Success 410870
2026-01-05 12:42:12,716 - INFO - Downloading 009835 (한화솔루션우)...
2026-01-05 12:42:12,736 - INFO - Success 455960
2026-01-05 12:42:12,736 - INFO - Downloading 011230 (삼화전자)...
2026-01-05 12:42:12,737 - INFO - Success 278620
2026-01-05 12:42:12,737 - INFO - Downloading 140700 (KODEX 보험)...
2026-01-05 12:42:12,799 - INFO - Success 009835
2026-01-05 12:42:12,799 - INFO - Downloading 011420 (갤럭시아에스엠)...
2026-01-05 12:42:12,813 - INFO - Success 140700
2026-01-05 12:42:12,814 - INFO - Downloading 138520 (TIGER 삼성그룹펀더멘털)...
2026-01-05 12:42:12,822 - INFO - Success 011230
2026-01-05 12:42:12,822 - INFO - Downloading 051630 (진양화학)...
2026-01-05 12:42:12,880 - INFO - Success 011420
2026-01-05 12:42:12,880 - INFO - Downloading 002410 (범양건영)...
2026-01-05 12:42:12,881 - INFO - Success 051630
2026-01-05 12:42:12,881 - INFO - Downloading 021050 (서원)...
2026-01-05 12:42:12,889 - INFO - Success 138520
2026-01-05 12:42:12,889 - INFO - Downloading 252710 (TIGER 200선물인버스2X)...
2026-01-05 12:42:12,962 - INFO - Success 021050
2026-01-05 12:42:12,963 - INFO - Success 002410
2026-01-05 12:42:12,963 - INFO - Downloading 006125 (SK디스커버리우)...
2026-01-05 12:42:12,963 - INFO - Downloading 001465 (BYC우)...
2026-01-05 12:42:12,968 - INFO - Success 252710
2026-01-05 12:42:12,968 - INFO - Downloading 023960 (에쓰씨엔지니어링)...
2026-01-05 12:42:13,050 - INFO - Success 001465
2026-01-05 12:42:13,050 - INFO - Downloading 118000 (메타케어)...
2026-01-05 12:42:13,051 - INFO - Success 006125
2026-01-05 12:42:13,051 - INFO - Success 023960
2026-01-05 12:42:13,051 - INFO - Downloading 415920 (PLUS 글로벌희토류&전략자원생산기업)...
2026-01-05 12:42:13,051 - INFO - Downloading 0113P0 (HK 머니마켓액티브)...
2026-01-05 12:42:13,110 - INFO - Success 415920
2026-01-05 12:42:13,110 - INFO - Downloading 023350 (한국종합기술)...
2026-01-05 12:42:13,152 - INFO - Success 118000
2026-01-05 12:42:13,152 - INFO - Downloading 500018 (신한 구리 선물 ETN(H))...
2026-01-05 12:42:13,187 - INFO - Success 023350
2026-01-05 12:42:13,187 - INFO - Downloading 461600 (SOL 미국30년국채액티브(H))...
2026-01-05 12:42:13,244 - INFO - Success 500018
2026-01-05 12:42:13,244 - INFO - Downloading 090080 (평화산업)...
2026-01-05 12:42:13,247 - INFO - Success 461600
2026-01-05 12:42:13,247 - INFO - Downloading 025750 (한솔홈데코)...
2026-01-05 12:42:13,336 - INFO - Success 025750
2026-01-05 12:42:13,336 - INFO - Success 090080
2026-01-05 12:42:13,336 - INFO - Downloading 486240 (DAISHIN343 AI반도체&인프라액티브)...
2026-01-05 12:42:13,336 - INFO - Downloading 019175 (신풍제약우)...
2026-01-05 12:42:13,380 - INFO - Success 486240
2026-01-05 12:42:13,380 - INFO - Downloading 352540 (KODEX 일본부동산리츠(H))...
2026-01-05 12:42:13,392 - ERROR - Error downloading 0113P0: 404 Client Error: Not Found for url: https://query2.finance.yahoo.com/v8/finance/chart/0113P0?period1=-32400&period2=1735570800&interval=1d&includeAdjustedClose=true
2026-01-05 12:42:13,392 - INFO - Downloading 008870 (금비)...
2026-01-05 12:42:13,444 - INFO - Success 019175
2026-01-05 12:42:13,445 - INFO - Downloading 012160 (영흥)...
2026-01-05 12:42:13,448 - INFO - Success 352540
2026-01-05 12:42:13,448 - INFO - Downloading 008250 (이건산업)...
2026-01-05 12:42:13,496 - INFO - Success 008870
2026-01-05 12:42:13,496 - INFO - Downloading 002880 (대유에이텍)...
2026-01-05 12:42:13,521 - INFO - Success 012160
2026-01-05 12:42:13,521 - INFO - Downloading 357430 (마스턴프리미어리츠)...
2026-01-05 12:42:13,523 - INFO - Success 008250
2026-01-05 12:42:13,523 - INFO - Downloading 520091 (미래에셋 인버스 천연가스 선물 ETN B)...
2026-01-05 12:42:13,557 - WARNING - Empty data for 520091
2026-01-05 12:42:13,557 - INFO - Downloading 006980 (우성)...
2026-01-05 12:42:13,576 - INFO - Success 002880
2026-01-05 12:42:13,576 - INFO - Downloading 486830 (HANARO 머니마켓액티브)...
2026-01-05 12:42:13,578 - INFO - Success 357430
2026-01-05 12:42:13,578 - INFO - Downloading 0083S0 (1Q 미국메디컬AI)...
2026-01-05 12:42:13,620 - INFO - Success 486830
2026-01-05 12:42:13,620 - INFO - Downloading 010600 (웰바이오텍)...
2026-01-05 12:42:13,635 - INFO - Success 006980
2026-01-05 12:42:13,636 - INFO - Downloading 0065G0 (KODEX 차이나테크TOP10)...
2026-01-05 12:42:13,697 - INFO - Success 010600
2026-01-05 12:42:13,697 - INFO - Downloading 027740 (마니커)...
2026-01-05 12:42:13,770 - INFO - Success 027740
2026-01-05 12:42:13,770 - INFO - Downloading 252400 (RISE 200선물레버리지)...
2026-01-05 12:42:13,851 - INFO - Success 252400
2026-01-05 12:42:13,851 - INFO - Downloading 475260 (ACE 2월만기자동연장회사채AA-이상액티브)...
2026-01-05 12:42:13,864 - ERROR - Error downloading 0083S0: 404 Client Error: Not Found for url: https://query2.finance.yahoo.com/v8/finance/chart/0083S0?period1=-32400&period2=1735570800&interval=1d&includeAdjustedClose=true
2026-01-05 12:42:13,864 - INFO - Downloading 520057 (미래에셋 인버스 2X 코스닥150 선물 ETN)...
2026-01-05 12:42:13,897 - INFO - Success 475260
2026-01-05 12:42:13,898 - INFO - Downloading 298770 (KODEX 한국대만IT프리미어)...
2026-01-05 12:42:13,917 - ERROR - Error downloading 0065G0: 404 Client Error: Not Found for url: https://query2.finance.yahoo.com/v8/finance/chart/0065G0?period1=-32400&period2=1735570800&interval=1d&includeAdjustedClose=true
2026-01-05 12:42:13,917 - INFO - Downloading 461460 (PLUS 국고채10년액티브)...
2026-01-05 12:42:13,919 - INFO - Success 520057
2026-01-05 12:42:13,919 - INFO - Downloading 0020H0 (KoAct 글로벌양자컴퓨팅액티브)...
2026-01-05 12:42:13,966 - INFO - Success 298770
2026-01-05 12:42:13,966 - INFO - Downloading 012280 (영화금속)...
2026-01-05 12:42:13,972 - INFO - Success 461460
2026-01-05 12:42:13,972 - INFO - Downloading 0100K0 (KODEX K방산TOP10레버리지)...
2026-01-05 12:42:14,041 - INFO - Success 012280
2026-01-05 12:42:14,041 - INFO - Downloading 495060 (TIMEFOLIO 코리아밸류업액티브)...
2026-01-05 12:42:14,092 - INFO - Success 495060
2026-01-05 12:42:14,092 - INFO - Downloading 003475 (유안타증권우)...
2026-01-05 12:42:14,171 - INFO - Success 003475
2026-01-05 12:42:14,171 - INFO - Downloading 530023 (삼성 레버리지 China A50 선물 ETN(H))...
2026-01-05 12:42:14,208 - ERROR - Error downloading 0020H0: 404 Client Error: Not Found for url: https://query2.finance.yahoo.com/v8/finance/chart/0020H0?period1=-32400&period2=1735570800&interval=1d&includeAdjustedClose=true
2026-01-05 12:42:14,208 - INFO - Downloading 520077 (미래에셋 -1.5X 천연가스 선물 ETN)...
2026-01-05 12:42:14,250 - INFO - Success 530023
2026-01-05 12:42:14,250 - INFO - Downloading 245360 (TIGER 차이나HSCEI)...
2026-01-05 12:42:14,258 - INFO - Success 520077
2026-01-05 12:42:14,258 - INFO - Downloading 500027 (신한 인버스 2X WTI원유 선물 ETN(H))...
2026-01-05 12:42:14,313 - ERROR - Error downloading 0100K0: 404 Client Error: Not Found for url: https://query2.finance.yahoo.com/v8/finance/chart/0100K0?period1=-32400&period2=1735570800&interval=1d&includeAdjustedClose=true
2026-01-05 12:42:14,313 - INFO - Downloading 0104N0 (TIGER 200타겟위클리커버드콜)...
2026-01-05 12:42:14,327 - INFO - Success 245360
2026-01-05 12:42:14,328 - INFO - Downloading 520072 (미래에셋 미국 AI TOP3 ETN)...
2026-01-05 12:42:14,330 - INFO - Success 500027
2026-01-05 12:42:14,330 - INFO - Downloading 003465 (유화증권우)...
2026-01-05 12:42:14,372 - INFO - Success 520072
2026-01-05 12:42:14,372 - INFO - Downloading 354500 (ACE 코스닥150)...
2026-01-05 12:42:14,402 - INFO - Success 003465
2026-01-05 12:42:14,402 - INFO - Downloading 014910 (성문전자)...
2026-01-05 12:42:14,435 - INFO - Success 354500
2026-01-05 12:42:14,435 - INFO - Downloading 138910 (KODEX 구리선물(H))...
2026-01-05 12:42:14,475 - INFO - Success 014910
2026-01-05 12:42:14,475 - INFO - Downloading 099140 (KODEX 차이나H)...
2026-01-05 12:42:14,521 - INFO - Success 138910
2026-01-05 12:42:14,521 - INFO - Downloading 020760 (일진디스플)...
2026-01-05 12:42:14,582 - INFO - Success 099140
2026-01-05 12:42:14,582 - INFO - Downloading 580026 (KB 레버리지 은 선물 ETN(H))...
2026-01-05 12:42:14,611 - ERROR - Error downloading 0104N0: 404 Client Error: Not Found for url: https://query2.finance.yahoo.com/v8/finance/chart/0104N0?period1=-32400&period2=1735570800&interval=1d&includeAdjustedClose=true
2026-01-05 12:42:14,627 - INFO - Downloading 610038 (메리츠 레버리지 미국채30년 ETN(H))...
2026-01-05 12:42:14,634 - INFO - Success 020760
2026-01-05 12:42:14,634 - INFO - Downloading 530113 (삼성 레버리지 S&P500 선물 ETN)...
2026-01-05 12:42:14,655 - INFO - Success 580026
2026-01-05 12:42:14,655 - INFO - Downloading 0057H0 (PLUS 미국S&P500미국채혼합50액티브)...
2026-01-05 12:42:14,687 - INFO - Success 610038
2026-01-05 12:42:14,687 - INFO - Downloading 256750 (KODEX 차이나심천ChiNext(합성))...
2026-01-05 12:42:14,697 - INFO - Success 530113
2026-01-05 12:42:14,697 - INFO - Downloading 434960 (DAISHIN343 K200)...
2026-01-05 12:42:14,749 - INFO - Success 434960
2026-01-05 12:42:14,749 - INFO - Downloading 495040 (PLUS 코리아밸류업)...
2026-01-05 12:42:14,760 - INFO - Success 256750
2026-01-05 12:42:14,761 - INFO - Downloading 520074 (미래에셋 미국 방위산업 TOP3 ETN)...
2026-01-05 12:42:14,797 - INFO - Success 495040
2026-01-05 12:42:14,797 - INFO - Downloading 0093D0 (KoAct 팔란티어밸류체인액티브)...
2026-01-05 12:42:14,804 - INFO - Success 520074
2026-01-05 12:42:14,804 - INFO - Downloading 006740 (블루산업개발)...
2026-01-05 12:42:14,881 - INFO - Success 006740
2026-01-05 12:42:14,881 - INFO - Downloading 461340 (HANARO 글로벌생성형AI액티브)...
2026-01-05 12:42:14,926 - INFO - Success 461340
2026-01-05 12:42:14,926 - INFO - Downloading 009320 (아진전자부품)...
2026-01-05 12:42:14,953 - ERROR - Error downloading 0057H0: 404 Client Error: Not Found for url: https://query2.finance.yahoo.com/v8/finance/chart/0057H0?period1=-32400&period2=1735570800&interval=1d&includeAdjustedClose=true
2026-01-05 12:42:14,953 - INFO - Downloading 204450 (KODEX 차이나H레버리지(H))...
2026-01-05 12:42:15,002 - INFO - Success 009320
2026-01-05 12:42:15,003 - INFO - Downloading 0088N0 (WON K-글로벌수급상위)...
2026-01-05 12:42:15,038 - INFO - Success 204450
2026-01-05 12:42:15,039 - INFO - Downloading 200030 (KODEX 미국S&P500산업재(합성))...
2026-01-05 12:42:15,083 - ERROR - Error downloading 0093D0: 404 Client Error: Not Found for url: https://query2.finance.yahoo.com/v8/finance/chart/0093D0?period1=-32400&period2=1735570800&interval=1d&includeAdjustedClose=true
2026-01-05 12:42:15,083 - INFO - Downloading 092780 (DYP)...
2026-01-05 12:42:15,126 - INFO - Success 200030
2026-01-05 12:42:15,126 - INFO - Downloading 145270 (케이탑리츠)...
2026-01-05 12:42:15,150 - INFO - Success 092780
2026-01-05 12:42:15,150 - INFO - Downloading 580039 (KB 레버리지 KOSPI 200 선물 ETN)...
2026-01-05 12:42:15,184 - INFO - Success 145270
2026-01-05 12:42:15,184 - INFO - Downloading 0080X0 (SOL 미국S&P500미국채혼합50)...
2026-01-05 12:42:15,201 - INFO - Success 580039
2026-01-05 12:42:15,201 - INFO - Downloading 0141T0 (SOL 중기종합채권(AA-이상)액티브)...
2026-01-05 12:42:15,300 - ERROR - Error downloading 0088N0: 404 Client Error: Not Found for url: https://query2.finance.yahoo.com/v8/finance/chart/0088N0?period1=-32400&period2=1735570800&interval=1d&includeAdjustedClose=true
2026-01-05 12:42:15,301 - INFO - Downloading 37550K (DL이앤씨우)...
2026-01-05 12:42:15,370 - INFO - Success 37550K
2026-01-05 12:42:15,370 - INFO - Downloading 580056 (KB 일본 로보틱스 TOP 10 ETN)...
2026-01-05 12:42:15,419 - INFO - Success 580056
2026-01-05 12:42:15,420 - INFO - Downloading 0046Y0 (ACE 미국배당퀄리티)...
2026-01-05 12:42:15,469 - ERROR - Error downloading 0080X0: 404 Client Error: Not Found for url: https://query2.finance.yahoo.com/v8/finance/chart/0080X0?period1=-32400&period2=1735570800&interval=1d&includeAdjustedClose=true
2026-01-05 12:42:15,470 - INFO - Downloading 0041E0 (KODEX 미국S&P500액티브)...
2026-01-05 12:42:15,535 - ERROR - Error downloading 0141T0: 404 Client Error: Not Found for url: https://query2.finance.yahoo.com/v8/finance/chart/0141T0?period1=-32400&period2=1735570800&interval=1d&includeAdjustedClose=true
2026-01-05 12:42:15,535 - INFO - Downloading 475270 (ACE 5월만기자동연장회사채AA-이상액티브)...
2026-01-05 12:42:15,585 - INFO - Success 475270
2026-01-05 12:42:15,586 - INFO - Downloading 0000Z0 (RISE 바이오TOP10액티브)...
2026-01-05 12:42:15,759 - ERROR - Error downloading 0041E0: 404 Client Error: Not Found for url: https://query2.finance.yahoo.com/v8/finance/chart/0041E0?period1=-32400&period2=1735570800&interval=1d&includeAdjustedClose=true
2026-01-05 12:42:15,760 - ERROR - Error downloading 0046Y0: 404 Client Error: Not Found for url: https://query2.finance.yahoo.com/v8/finance/chart/0046Y0?period1=-32400&period2=1735570800&interval=1d&includeAdjustedClose=true
2026-01-05 12:42:15,760 - INFO - Downloading 0142D0 (TIGER 미국AI데이터센터TOP4Plus)...
2026-01-05 12:42:15,762 - INFO - Downloading 122260 (KIWOOM 통안채1년)...
2026-01-05 12:42:15,844 - INFO - Success 122260
2026-01-05 12:42:15,844 - INFO - Downloading 448570 (FOCUS AI코리아액티브)...
2026-01-05 12:42:15,876 - ERROR - Error downloading 0000Z0: 404 Client Error: Not Found for url: https://query2.finance.yahoo.com/v8/finance/chart/0000Z0?period1=-32400&period2=1735570800&interval=1d&includeAdjustedClose=true
2026-01-05 12:42:15,876 - INFO - Downloading 123310 (TIGER 인버스)...
2026-01-05 12:42:15,908 - INFO - Success 448570
2026-01-05 12:42:15,908 - INFO - Downloading 134790 (시디즈)...
2026-01-05 12:42:15,964 - INFO - Success 123310
2026-01-05 12:42:15,964 - INFO - Downloading 489290 (WON 미국빌리어네어)...
2026-01-05 12:42:15,989 - INFO - Success 134790
2026-01-05 12:42:15,989 - INFO - Downloading 109070 (주성코퍼레이션)...
2026-01-05 12:42:16,017 - INFO - Success 489290
2026-01-05 12:42:16,017 - INFO - Downloading 114470 (KIWOOM 국고채3년)...
2026-01-05 12:42:16,048 - ERROR - Error downloading 0142D0: 404 Client Error: Not Found for url: https://query2.finance.yahoo.com/v8/finance/chart/0142D0?period1=-32400&period2=1735570800&interval=1d&includeAdjustedClose=true
2026-01-05 12:42:16,049 - INFO - Downloading 520068 (미래에셋 2X 홍콩H 선물 ETN)...
2026-01-05 12:42:16,100 - INFO - Success 520068
2026-01-05 12:42:16,101 - INFO - Downloading 580076 (KB 레버리지 미국 나스닥 100 TR ETN B)...
2026-01-05 12:42:16,102 - INFO - Success 114470
2026-01-05 12:42:16,102 - INFO - Downloading 440910 (WON 미국우주항공방산)...
2026-01-05 12:42:16,132 - INFO - Success 109070
2026-01-05 12:42:16,132 - INFO - Downloading 008420 (문배철강)...
2026-01-05 12:42:16,144 - WARNING - Empty data for 580076
2026-01-05 12:42:16,144 - INFO - Downloading 500082 (신한 블룸버그 2X 천연가스 선물 ETN)...
2026-01-05 12:42:16,163 - INFO - Success 440910
2026-01-05 12:42:16,163 - INFO - Downloading 122090 (PLUS 코스피50)...
2026-01-05 12:42:16,196 - INFO - Success 500082
2026-01-05 12:42:16,196 - INFO - Downloading 610007 (메리츠 국채30년 ETN)...
2026-01-05 12:42:16,205 - INFO - Success 008420
2026-01-05 12:42:16,205 - INFO - Downloading 336160 (RISE 금융채액티브)...
2026-01-05 12:42:16,242 - INFO - Success 122090
2026-01-05 12:42:16,242 - INFO - Downloading 002360 (SH에너지화학)...
2026-01-05 12:42:16,255 - INFO - Success 610007
2026-01-05 12:42:16,255 - INFO - Downloading 465770 (STX그린로지스)...
2026-01-05 12:42:16,268 - INFO - Success 336160
2026-01-05 12:42:16,268 - INFO - Downloading 440650 (ACE 미국달러단기채권액티브)...
2026-01-05 12:42:16,304 - INFO - Success 465770
2026-01-05 12:42:16,305 - INFO - Downloading 090370 (메타랩스)...
2026-01-05 12:42:16,319 - INFO - Success 002360
2026-01-05 12:42:16,319 - INFO - Downloading 530106 (삼성 레버리지 코스닥150 선물 ETN)...
2026-01-05 12:42:16,326 - INFO - Success 440650
2026-01-05 12:42:16,326 - INFO - Downloading 580022 (KB 레버리지 금 선물 ETN(H))...
2026-01-05 12:42:16,374 - INFO - Success 530106
2026-01-05 12:42:16,374 - INFO - Downloading 019490 (엑시큐어하이트론)...
2026-01-05 12:42:16,387 - INFO - Success 580022
2026-01-05 12:42:16,387 - INFO - Downloading 414270 (ACE 글로벌자율주행액티브)...
2026-01-05 12:42:16,390 - INFO - Success 090370
2026-01-05 12:42:16,390 - INFO - Downloading 570081 (한투 레버리지 코스닥150선물 ETN)...
2026-01-05 12:42:16,443 - INFO - Success 414270
2026-01-05 12:42:16,443 - INFO - Success 570081
2026-01-05 12:42:16,443 - INFO - Downloading 026940 (부국철강)...
2026-01-05 12:42:16,443 - INFO - Downloading 453650 (KODEX 미국S&P500금융)...
2026-01-05 12:42:16,451 - INFO - Success 019490
2026-01-05 12:42:16,452 - INFO - Downloading 570104 (한투 일본니케이225선물 ETN(H))...
2026-01-05 12:42:16,501 - INFO - Success 570104
2026-01-05 12:42:16,501 - INFO - Downloading 261250 (KODEX 미국달러선물레버리지)...
2026-01-05 12:42:16,502 - INFO - Success 453650
2026-01-05 12:42:16,502 - INFO - Downloading 700017 (하나 레버리지 코스닥150 선물 ETN)...
2026-01-05 12:42:16,515 - INFO - Success 026940
2026-01-05 12:42:16,515 - INFO - Downloading 306950 (KODEX KRX300레버리지)...
2026-01-05 12:42:16,554 - INFO - Success 700017
2026-01-05 12:42:16,554 - INFO - Downloading 437070 (KODEX 아시아달러채권ESG플러스액티브)...
2026-01-05 12:42:16,572 - INFO - Success 261250
2026-01-05 12:42:16,573 - INFO - Downloading 520082 (미래에셋 미국 자율주행대표기업 ETN)...
2026-01-05 12:42:16,573 - INFO - Success 306950
2026-01-05 12:42:16,573 - INFO - Downloading 007815 (코리아써우)...
2026-01-05 12:42:16,614 - INFO - Success 437070
2026-01-05 12:42:16,614 - INFO - Downloading 457990 (PLUS 태양광&ESS)...
2026-01-05 12:42:16,618 - INFO - Success 520082
2026-01-05 12:42:16,618 - INFO - Downloading 495750 (HANARO 코리아밸류업)...
2026-01-05 12:42:16,651 - INFO - Success 007815
2026-01-05 12:42:16,651 - INFO - Downloading 104530 (KIWOOM 고배당)...
2026-01-05 12:42:16,665 - INFO - Success 495750
2026-01-05 12:42:16,665 - INFO - Success 457990
2026-01-05 12:42:16,665 - INFO - Downloading 0005D0 (SOL 전고체배터리&실리콘음극재)...
2026-01-05 12:42:16,665 - INFO - Downloading 002870 (신풍)...
2026-01-05 12:42:16,730 - INFO - Success 104530
2026-01-05 12:42:16,730 - INFO - Downloading 000760 (이화산업)...
2026-01-05 12:42:16,741 - INFO - Success 002870
2026-01-05 12:42:16,741 - INFO - Downloading 550084 (N2 코스피 200 TR ETN)...
2026-01-05 12:42:16,788 - INFO - Success 550084
2026-01-05 12:42:16,788 - INFO - Downloading 0104H0 (KoAct 미국나스닥채권혼합50액티브)...
2026-01-05 12:42:16,805 - INFO - Success 000760
2026-01-05 12:42:16,805 - INFO - Downloading 530119 (삼성 레버리지 항셍테크 TR ETN(H) B)...
2026-01-05 12:42:16,851 - INFO - Success 530119
2026-01-05 12:42:16,851 - INFO - Downloading 455660 (ACE 미국하이일드액티브(H))...
2026-01-05 12:42:16,898 - INFO - Success 455660
2026-01-05 12:42:16,898 - INFO - Downloading 266370 (KODEX IT)...
2026-01-05 12:42:16,966 - INFO - Success 266370
2026-01-05 12:42:16,966 - INFO - Downloading 009810 (플레이그램)...
2026-01-05 12:42:17,015 - ERROR - Error downloading 0005D0: 404 Client Error: Not Found for url: https://query2.finance.yahoo.com/v8/finance/chart/0005D0?period1=-32400&period2=1735570800&interval=1d&includeAdjustedClose=true
2026-01-05 12:42:17,015 - INFO - Downloading 227540 (TIGER 200 헬스케어)...
2026-01-05 12:42:17,040 - INFO - Success 009810
2026-01-05 12:42:17,040 - INFO - Downloading 580034 (KB 레버리지 FANG 플러스 ETN(H))...
2026-01-05 12:42:17,081 - ERROR - Error downloading 0104H0: 404 Client Error: Not Found for url: https://query2.finance.yahoo.com/v8/finance/chart/0104H0?period1=-32400&period2=1735570800&interval=1d&includeAdjustedClose=true
2026-01-05 12:42:17,082 - INFO - Downloading 0098Z0 (FOCUS 200)...
2026-01-05 12:42:17,094 - INFO - Success 227540
2026-01-05 12:42:17,094 - INFO - Downloading 530126 (삼성 코리아 밸류업 TR ETN)...
2026-01-05 12:42:17,101 - INFO - Success 580034
2026-01-05 12:42:17,101 - INFO - Downloading 463300 (RISE 중국본토CSI300)...
2026-01-05 12:42:17,142 - INFO - Success 530126
2026-01-05 12:42:17,142 - INFO - Downloading 0021E0 (ACE TDF2050액티브)...
2026-01-05 12:42:17,155 - INFO - Success 463300
2026-01-05 12:42:17,155 - INFO - Downloading 005030 (부산주공)...
2026-01-05 12:42:17,234 - INFO - Success 005030
2026-01-05 12:42:17,234 - INFO - Downloading 256440 (ACE MSCI인도네시아(합성))...
2026-01-05 12:42:17,302 - INFO - Success 256440
2026-01-05 12:42:17,302 - INFO - Downloading 000215 (DL우)...
2026-01-05 12:42:17,377 - INFO - Success 000215
2026-01-05 12:42:17,377 - INFO - Downloading 520075 (미래에셋 레버리지 미국 방위산업 TOP3 ETN)...
2026-01-05 12:42:17,419 - ERROR - Error downloading 0021E0: 404 Client Error: Not Found for url: https://query2.finance.yahoo.com/v8/finance/chart/0021E0?period1=-32400&period2=1735570800&interval=1d&includeAdjustedClose=true
2026-01-05 12:42:17,420 - INFO - Downloading 101280 (KODEX 일본TOPIX100)...
2026-01-05 12:42:17,427 - INFO - Success 520075
2026-01-05 12:42:17,427 - INFO - Downloading 049800 (우진플라임)...
2026-01-05 12:42:17,440 - ERROR - Error downloading 0098Z0: 404 Client Error: Not Found for url: https://query2.finance.yahoo.com/v8/finance/chart/0098Z0?period1=-32400&period2=1735570800&interval=1d&includeAdjustedClose=true
2026-01-05 12:42:17,441 - INFO - Downloading 570116 (한투 블룸버그레버리지WTI원유선물 ETN B)...
2026-01-05 12:42:17,476 - WARNING - Empty data for 570116
2026-01-05 12:42:17,476 - INFO - Downloading 365040 (TIGER AI코리아그로스액티브)...
2026-01-05 12:42:17,498 - INFO - Success 101280
2026-01-05 12:42:17,499 - INFO - Downloading 475300 (SOL 반도체전공정)...
2026-01-05 12:42:17,501 - INFO - Success 049800
2026-01-05 12:42:17,501 - INFO - Downloading 360140 (KODEX 200롱코스닥150숏선물)...
2026-01-05 12:42:17,538 - INFO - Success 365040
2026-01-05 12:42:17,538 - INFO - Downloading 000040 (KR모터스)...
2026-01-05 12:42:17,545 - INFO - Success 475300
2026-01-05 12:42:17,545 - INFO - Downloading 0047R0 (RISE 팔란티어고정테크100)...
2026-01-05 12:42:17,556 - INFO - Success 360140
2026-01-05 12:42:17,556 - INFO - Downloading 368190 (HANARO Fn K-뉴딜디지털플러스)...
2026-01-05 12:42:17,615 - INFO - Success 368190
2026-01-05 12:42:17,615 - INFO - Success 000040
2026-01-05 12:42:17,615 - INFO - Downloading 074610 (이엔플러스)...
2026-01-05 12:42:17,615 - INFO - Downloading 0111J0 (HANARO 증권고배당TOP3플러스)...
2026-01-05 12:42:17,698 - INFO - Success 074610
2026-01-05 12:42:17,698 - INFO - Downloading 520073 (미래에셋 레버리지 미국 AI TOP3 ETN)...
2026-01-05 12:42:17,740 - INFO - Success 520073
2026-01-05 12:42:17,740 - INFO - Downloading 003535 (한화투자증권우)...
2026-01-05 12:42:17,816 - INFO - Success 003535
2026-01-05 12:42:17,816 - INFO - Downloading 550041 (N2 미국 IT TOP5 ETN(H))...
2026-01-05 12:42:17,883 - INFO - Success 550041
2026-01-05 12:42:17,883 - INFO - Downloading 375770 (KODEX 탄소효율그린뉴딜)...
2026-01-05 12:42:17,896 - ERROR - Error downloading 0047R0: 404 Client Error: Not Found for url: https://query2.finance.yahoo.com/v8/finance/chart/0047R0?period1=-32400&period2=1735570800&interval=1d&includeAdjustedClose=true
2026-01-05 12:42:17,896 - INFO - Downloading 300950 (KODEX 게임산업)...
2026-01-05 12:42:17,939 - INFO - Success 375770
2026-01-05 12:42:17,939 - INFO - Downloading 005360 (모나미)...
2026-01-05 12:42:17,963 - INFO - Success 300950
2026-01-05 12:42:17,964 - INFO - Downloading 479620 (SOL 미국AI반도체칩메이커)...
2026-01-05 12:42:17,967 - ERROR - Error downloading 0111J0: 404 Client Error: Not Found for url: https://query2.finance.yahoo.com/v8/finance/chart/0111J0?period1=-32400&period2=1735570800&interval=1d&includeAdjustedClose=true
2026-01-05 12:42:17,968 - INFO - Downloading 520078 (미래에셋 미국 제약 TOP3 ETN)...
2026-01-05 12:42:18,008 - INFO - Success 479620
2026-01-05 12:42:18,008 - INFO - Downloading 477730 (KODEX 인도타타그룹)...
2026-01-05 12:42:18,019 - INFO - Success 520078
2026-01-05 12:42:18,019 - INFO - Downloading 419430 (KODEX 차이나2차전지MSCI(합성))...
2026-01-05 12:42:18,022 - INFO - Success 005360
2026-01-05 12:42:18,022 - INFO - Downloading 195930 (TIGER 유로스탁스50(합성 H))...
2026-01-05 12:42:18,061 - INFO - Success 477730
2026-01-05 12:42:18,061 - INFO - Downloading 071950 (코아스)...
2026-01-05 12:42:18,073 - INFO - Success 419430
2026-01-05 12:42:18,074 - INFO - Downloading 530118 (삼성 코스닥 150 TR ETN)...
2026-01-05 12:42:18,098 - INFO - Success 195930
2026-01-05 12:42:18,098 - INFO - Downloading 438320 (TIGER 차이나항셍테크레버리지(합성 H))...
2026-01-05 12:42:18,126 - INFO - Success 530118
2026-01-05 12:42:18,126 - INFO - Downloading 570065 (한투 레버리지 베트남 VN30 선물 ETN(H))...
2026-01-05 12:42:18,143 - INFO - Success 071950
2026-01-05 12:42:18,143 - INFO - Downloading 496770 (PLUS 글로벌방산)...
2026-01-05 12:42:18,156 - INFO - Success 438320
2026-01-05 12:42:18,157 - INFO - Downloading 0144M0 (KODEX 미국드론UAM TOP10)...
2026-01-05 12:42:18,189 - INFO - Success 496770
2026-01-05 12:42:18,189 - INFO - Success 570065
2026-01-05 12:42:18,189 - INFO - Downloading 580071 (KB 인버스 2X 천연가스 선물 ETN B)...
2026-01-05 12:42:18,190 - INFO - Downloading 276970 (KODEX 미국S&P500배당귀족커버드콜(합성 H))...
2026-01-05 12:42:18,228 - WARNING - Empty data for 580071
2026-01-05 12:42:18,228 - INFO - Downloading 023150 (MH에탄올)...
2026-01-05 12:42:18,259 - INFO - Success 276970
2026-01-05 12:42:18,259 - INFO - Downloading 292190 (KODEX KRX300)...
2026-01-05 12:42:18,307 - INFO - Success 023150
2026-01-05 12:42:18,307 - INFO - Downloading 117700 (KODEX 건설)...
2026-01-05 12:42:18,329 - INFO - Success 292190
2026-01-05 12:42:18,330 - INFO - Downloading 363510 (SOL KIS단기통안채)...
2026-01-05 12:42:18,388 - INFO - Success 363510
2026-01-05 12:42:18,388 - INFO - Downloading 610075 (메리츠 3X 레버리지 미국채10년 ETN)...
2026-01-05 12:42:18,389 - INFO - Success 117700
2026-01-05 12:42:18,389 - INFO - Downloading 014130 (한익스프레스)...
2026-01-05 12:42:18,435 - INFO - Success 610075
2026-01-05 12:42:18,435 - INFO - Downloading 388280 (RISE K엔터&여행레저)...
2026-01-05 12:42:18,466 - INFO - Success 014130
2026-01-05 12:42:18,466 - INFO - Downloading 446070 (유니드비티플러스)...
2026-01-05 12:42:18,490 - ERROR - Error downloading 0144M0: 404 Client Error: Not Found for url: https://query2.finance.yahoo.com/v8/finance/chart/0144M0?period1=-32400&period2=1735570800&interval=1d&includeAdjustedClose=true
2026-01-05 12:42:18,495 - INFO - Downloading 332610 (PLUS 미국단기회사채(AAA~A))...
2026-01-05 12:42:18,498 - INFO - Success 388280
2026-01-05 12:42:18,498 - INFO - Downloading 428510 (KODEX 차이나AI테크액티브)...
2026-01-05 12:42:18,521 - INFO - Success 446070
2026-01-05 12:42:18,521 - INFO - Downloading 580020 (KB 천연가스 선물 ETN(H))...
2026-01-05 12:42:18,551 - INFO - Success 428510
2026-01-05 12:42:18,551 - INFO - Downloading 473490 (KIWOOM 글로벌AI반도체)...
2026-01-05 12:42:18,560 - INFO - Success 332610
2026-01-05 12:42:18,560 - INFO - Downloading 139320 (TIGER 금은선물(H))...
2026-01-05 12:42:18,581 - INFO - Success 580020
2026-01-05 12:42:18,581 - INFO - Downloading 005820 (원림)...
2026-01-05 12:42:18,602 - INFO - Success 473490
2026-01-05 12:42:18,602 - INFO - Downloading 0103T0 (1Q K소버린AI)...
2026-01-05 12:42:18,655 - INFO - Success 139320
2026-01-05 12:42:18,655 - INFO - Downloading 491220 (PLUS 200TR)...
2026-01-05 12:42:18,701 - INFO - Success 491220
2026-01-05 12:42:18,701 - INFO - Downloading 471460 (KIWOOM 국고채30년액티브)...
2026-01-05 12:42:18,726 - INFO - Success 005820
2026-01-05 12:42:18,726 - INFO - Downloading 468630 (KODEX iShares미국투자등급회사채액티브)...
2026-01-05 12:42:18,752 - INFO - Success 471460
2026-01-05 12:42:18,752 - INFO - Downloading 298340 (PLUS 국채선물3년)...
2026-01-05 12:42:18,773 - INFO - Success 468630
2026-01-05 12:42:18,773 - INFO - Downloading 006570 (대림통상)...
2026-01-05 12:42:18,820 - INFO - Success 298340
2026-01-05 12:42:18,820 - INFO - Downloading 530124 (삼성 레버리지 일본니케이225선물 ETN(H))...
2026-01-05 12:42:18,848 - INFO - Success 006570
2026-01-05 12:42:18,848 - INFO - Downloading 003680 (한성기업)...
2026-01-05 12:42:18,865 - INFO - Success 530124
2026-01-05 12:42:18,865 - INFO - Downloading 530140 (삼성 iSelect 레버리지 조선 TOP10 TR ETN)...
2026-01-05 12:42:18,900 - WARNING - Empty data for 530140
2026-01-05 12:42:18,900 - INFO - Downloading 013000 (세우글로벌)...
2026-01-05 12:42:18,922 - INFO - Success 003680
2026-01-05 12:42:18,922 - INFO - Downloading 332620 (PLUS 미국장기우량회사채)...
2026-01-05 12:42:18,925 - ERROR - Error downloading 0103T0: 404 Client Error: Not Found for url: https://query2.finance.yahoo.com/v8/finance/chart/0103T0?period1=-32400&period2=1735570800&interval=1d&includeAdjustedClose=true
2026-01-05 12:42:18,926 - INFO - Downloading 570117 (한투 블룸버그인버스2XWTI원유선물 ETN B)...
2026-01-05 12:42:18,963 - WARNING - Empty data for 570117
2026-01-05 12:42:18,963 - INFO - Downloading 449780 (KIWOOM 미국S&P500(H))...
2026-01-05 12:42:18,972 - INFO - Success 013000
2026-01-05 12:42:18,972 - INFO - Downloading 760005 (키움 INDXX 미국테크탑10 ETN)...
2026-01-05 12:42:18,986 - INFO - Success 332620
2026-01-05 12:42:18,986 - INFO - Downloading 487130 (KoAct AI인프라액티브)...
2026-01-05 12:42:19,015 - INFO - Success 449780
2026-01-05 12:42:19,015 - INFO - Downloading 433880 (PLUS TDF2060액티브)...
2026-01-05 12:42:19,032 - INFO - Success 760005
2026-01-05 12:42:19,032 - INFO - Downloading 570029 (한투 코스피 양매도 3% OTM ETN)...
2026-01-05 12:42:19,034 - INFO - Success 487130
2026-01-05 12:42:19,034 - INFO - Downloading 010400 (우진아이엔에스)...
2026-01-05 12:42:19,070 - INFO - Success 433880
2026-01-05 12:42:19,070 - INFO - Downloading 530116 (삼성 인버스 2X 나스닥 100 TR ETN)...
2026-01-05 12:42:19,105 - INFO - Success 570029
2026-01-05 12:42:19,106 - INFO - Success 010400
2026-01-05 12:42:19,106 - INFO - Downloading 33637K (솔루스첨단소재1우)...
2026-01-05 12:42:19,106 - INFO - Downloading 001210 (금호전기)...
2026-01-05 12:42:19,119 - INFO - Success 530116
2026-01-05 12:42:19,119 - INFO - Downloading 570057 (한투 은 선물 ETN)...
2026-01-05 12:42:19,177 - INFO - Success 33637K
2026-01-05 12:42:19,177 - INFO - Downloading 001140 (국보)...
2026-01-05 12:42:19,180 - INFO - Success 570057
2026-01-05 12:42:19,180 - INFO - Downloading 500035 (신한 레버리지 미국달러 선물 ETN)...
2026-01-05 12:42:19,186 - INFO - Success 001210
2026-01-05 12:42:19,186 - INFO - Downloading 418670 (TIGER 글로벌AI사이버보안)...
2026-01-05 12:42:19,237 - INFO - Success 418670
2026-01-05 12:42:19,237 - INFO - Downloading 495940 (RISE 미국AI테크액티브)...
2026-01-05 12:42:19,244 - INFO - Success 500035
2026-01-05 12:42:19,244 - INFO - Downloading 520090 (미래에셋 천연가스 선물 ETN B)...
2026-01-05 12:42:19,252 - INFO - Success 001140
2026-01-05 12:42:19,252 - INFO - Downloading 530130 (삼성 S&P500 VIX S/T 선물 ETN B)...
2026-01-05 12:42:19,277 - INFO - Success 495940
2026-01-05 12:42:19,277 - INFO - Downloading 196030 (ACE 일본TOPIX레버리지(H))...
2026-01-05 12:42:19,281 - WARNING - Empty data for 520090
2026-01-05 12:42:19,281 - INFO - Downloading 139270 (TIGER 200 금융)...
2026-01-05 12:42:19,291 - WARNING - Empty data for 530130
2026-01-05 12:42:19,291 - INFO - Downloading 024890 (대원화성)...
2026-01-05 12:42:19,368 - INFO - Success 139270
2026-01-05 12:42:19,368 - INFO - Downloading 001070 (대한방직)...
2026-01-05 12:42:19,368 - INFO - Success 196030
2026-01-05 12:42:19,369 - INFO - Downloading 004365 (세방우)...
2026-01-05 12:42:19,371 - INFO - Success 024890
2026-01-05 12:42:19,372 - INFO - Downloading 500072 (신한 인버스 2X 코스닥 150 선물 ETN)...
2026-01-05 12:42:19,430 - INFO - Success 500072
2026-01-05 12:42:19,430 - INFO - Downloading 002690 (동일제강)...
2026-01-05 12:42:19,449 - INFO - Success 001070
2026-01-05 12:42:19,449 - INFO - Downloading 010640 (진양폴리)...
2026-01-05 12:42:19,450 - INFO - Success 004365
2026-01-05 12:42:19,451 - INFO - Downloading 520037 (미래에셋 코스피200 선물 ETN)...
2026-01-05 12:42:19,505 - INFO - Success 002690
2026-01-05 12:42:19,505 - INFO - Downloading 011090 (에넥스)...
2026-01-05 12:42:19,507 - INFO - Success 520037
2026-01-05 12:42:19,507 - INFO - Downloading 471780 (TIGER 코리아테크액티브)...
2026-01-05 12:42:19,527 - INFO - Success 010640
2026-01-05 12:42:19,527 - INFO - Downloading 280930 (KODEX 미국러셀2000(H))...
2026-01-05 12:42:19,557 - INFO - Success 471780
2026-01-05 12:42:19,557 - INFO - Downloading 610064 (메리츠 KAP 통안채 6개월 ETN)...
2026-01-05 12:42:19,581 - INFO - Success 011090
2026-01-05 12:42:19,581 - INFO - Downloading 0137V0 (KIWOOM 미국S&P500모멘텀)...
2026-01-05 12:42:19,597 - INFO - Success 280930
2026-01-05 12:42:19,597 - INFO - Downloading 0013R0 (RISE 테슬라미국채타겟커버드콜혼합(합성))...
2026-01-05 12:42:19,610 - INFO - Success 610064
2026-01-05 12:42:19,610 - INFO - Downloading 287180 (PLUS 미국나스닥테크)...
2026-01-05 12:42:19,679 - INFO - Success 287180
2026-01-05 12:42:19,679 - INFO - Downloading 033250 (체시스)...
2026-01-05 12:42:19,760 - INFO - Success 033250
2026-01-05 12:42:19,760 - INFO - Downloading 0104P0 (TIGER 코리아배당다우존스위클리커버드콜)...
2026-01-05 12:42:19,867 - ERROR - Error downloading 0137V0: 404 Client Error: Not Found for url: https://query2.finance.yahoo.com/v8/finance/chart/0137V0?period1=-32400&period2=1735570800&interval=1d&includeAdjustedClose=true
2026-01-05 12:42:19,867 - INFO - Downloading 009140 (경인전자)...
2026-01-05 12:42:19,953 - ERROR - Error downloading 0013R0: 404 Client Error: Not Found for url: https://query2.finance.yahoo.com/v8/finance/chart/0013R0?period1=-32400&period2=1735570800&interval=1d&includeAdjustedClose=true
2026-01-05 12:42:19,954 - INFO - Downloading 002820 (SUN&L)...
2026-01-05 12:42:19,958 - INFO - Success 009140
2026-01-05 12:42:19,958 - INFO - Downloading 475380 (RISE 글로벌리얼티인컴)...
2026-01-05 12:42:20,013 - INFO - Success 475380
2026-01-05 12:42:20,013 - INFO - Downloading 002420 (세기상사)...
2026-01-05 12:42:20,047 - INFO - Success 002820
2026-01-05 12:42:20,047 - INFO - Downloading 006200 (한국전자홀딩스)...
2026-01-05 12:42:20,100 - INFO - Success 002420
2026-01-05 12:42:20,100 - INFO - Downloading 009460 (한창제지)...
2026-01-05 12:42:20,102 - ERROR - Error downloading 0104P0: 404 Client Error: Not Found for url: https://query2.finance.yahoo.com/v8/finance/chart/0104P0?period1=-32400&period2=1735570800&interval=1d&includeAdjustedClose=true
2026-01-05 12:42:20,102 - INFO - Downloading 491090 (KODEX 미국테크TOP3플러스)...
2026-01-05 12:42:20,123 - INFO - Success 006200
2026-01-05 12:42:20,123 - INFO - Downloading 004270 (남성)...
2026-01-05 12:42:20,150 - INFO - Success 491090
2026-01-05 12:42:20,150 - INFO - Downloading 385590 (ACE ESG액티브)...
2026-01-05 12:42:20,182 - INFO - Success 009460
2026-01-05 12:42:20,182 - INFO - Downloading 005320 (온타이드)...
2026-01-05 12:42:20,201 - INFO - Success 004270
2026-01-05 12:42:20,201 - INFO - Downloading 276990 (KODEX 글로벌로봇(합성))...
2026-01-05 12:42:20,228 - INFO - Success 385590
2026-01-05 12:42:20,228 - INFO - Downloading 300640 (RISE 게임테마)...
2026-01-05 12:42:20,258 - INFO - Success 005320
2026-01-05 12:42:20,258 - INFO - Downloading 520047 (미래에셋 인버스 2X 옥수수 선물 ETN)...
2026-01-05 12:42:20,269 - INFO - Success 276990
2026-01-05 12:42:20,269 - INFO - Downloading 453010 (PLUS KOFR금리)...
2026-01-05 12:42:20,299 - INFO - Success 300640
2026-01-05 12:42:20,299 - INFO - Downloading 33626L (두산퓨얼셀2우B)...
2026-01-05 12:42:20,316 - INFO - Success 520047
2026-01-05 12:42:20,316 - INFO - Downloading 35320K (대덕전자1우)...
2026-01-05 12:42:20,325 - INFO - Success 453010
2026-01-05 12:42:20,325 - INFO - Downloading 520055 (미래에셋 인버스 2X 코스피200 선물 ETN)...
2026-01-05 12:42:20,365 - INFO - Success 33626L
2026-01-05 12:42:20,366 - INFO - Downloading 498860 (RISE 코리아금융고배당)...
2026-01-05 12:42:20,374 - INFO - Success 35320K
2026-01-05 12:42:20,374 - INFO - Downloading 500040 (신한 레버리지 구리 선물 ETN)...
2026-01-05 12:42:20,378 - INFO - Success 520055
2026-01-05 12:42:20,378 - INFO - Downloading 432600 (RISE 국채선물3년)...
2026-01-05 12:42:20,409 - INFO - Success 498860
2026-01-05 12:42:20,409 - INFO - Downloading 494410 (PLUS 미국S&P500성장주)...
2026-01-05 12:42:20,429 - INFO - Success 432600
2026-01-05 12:42:20,429 - INFO - Downloading 520050 (미래에셋 인버스 2X 원유선물혼합 ETN(H))...
2026-01-05 12:42:20,438 - INFO - Success 500040
2026-01-05 12:42:20,438 - INFO - Downloading 438560 (SOL 국고채3년)...
2026-01-05 12:42:20,458 - INFO - Success 494410
2026-01-05 12:42:20,458 - INFO - Downloading 450910 (SOL 코스닥150)...
2026-01-05 12:42:20,482 - INFO - Success 520050
2026-01-05 12:42:20,482 - INFO - Downloading 45014K (코오롱모빌리티그룹우)...
2026-01-05 12:42:20,495 - INFO - Success 438560
2026-01-05 12:42:20,495 - INFO - Downloading 550097 (N2 레버리지 코스닥150 선물 ETN)...
2026-01-05 12:42:20,517 - INFO - Success 450910
2026-01-05 12:42:20,517 - INFO - Downloading 0132K0 (PLUS 테슬라위클리커버드콜채권혼합)...
2026-01-05 12:42:20,534 - WARNING - Empty data for 550097
2026-01-05 12:42:20,534 - INFO - Downloading 481340 (RISE 미국30년국채액티브)...
2026-01-05 12:42:20,535 - INFO - Success 45014K
2026-01-05 12:42:20,535 - INFO - Downloading 245350 (TIGER 유로스탁스배당30)...
2026-01-05 12:42:20,583 - INFO - Success 481340
2026-01-05 12:42:20,583 - INFO - Downloading 238720 (ACE 일본Nikkei225(H))...
2026-01-05 12:42:20,605 - INFO - Success 245350
2026-01-05 12:42:20,605 - INFO - Downloading 491830 (TIGER 미국AI반도체팹리스)...
2026-01-05 12:42:20,654 - INFO - Success 491830
2026-01-05 12:42:20,654 - INFO - Downloading 429760 (PLUS 미국S&P500)...
2026-01-05 12:42:20,656 - INFO - Success 238720
2026-01-05 12:42:20,656 - INFO - Downloading 520083 (미래에셋 2X 미국 자율주행대표기업 ETN)...
2026-01-05 12:42:20,697 - INFO - Success 520083
2026-01-05 12:42:20,697 - INFO - Downloading 337140 (KODEX 코스피대형주)...
2026-01-05 12:42:20,712 - INFO - Success 429760
2026-01-05 12:42:20,712 - INFO - Downloading 570102 (한투 레버리지 나스닥100 ETN B)...
2026-01-05 12:42:20,753 - INFO - Success 570102
2026-01-05 12:42:20,753 - INFO - Downloading 276650 (RISE 글로벌테크놀로지(합성 H))...
2026-01-05 12:42:20,760 - INFO - Success 337140
2026-01-05 12:42:20,760 - INFO - Downloading 167860 (KIWOOM 국고채10년레버리지)...
2026-01-05 12:42:20,791 - ERROR - Error downloading 0132K0: 404 Client Error: Not Found for url: https://query2.finance.yahoo.com/v8/finance/chart/0132K0?period1=-32400&period2=1735570800&interval=1d&includeAdjustedClose=true
2026-01-05 12:42:20,791 - INFO - Downloading 139220 (TIGER 200 건설)...
2026-01-05 12:42:20,835 - INFO - Success 276650
2026-01-05 12:42:20,835 - INFO - Downloading 570055 (한투 금 선물 ETN)...
2026-01-05 12:42:20,839 - INFO - Success 167860
2026-01-05 12:42:20,839 - INFO - Downloading 261120 (TIGER 미국달러선물인버스2X)...
2026-01-05 12:42:20,872 - INFO - Success 139220
2026-01-05 12:42:20,872 - INFO - Downloading 248270 (TIGER S&P글로벌헬스케어(합성))...
2026-01-05 12:42:20,893 - INFO - Success 570055
2026-01-05 12:42:20,893 - INFO - Downloading 143210 (핸즈코퍼레이션)...
2026-01-05 12:42:20,909 - INFO - Success 261120
2026-01-05 12:42:20,909 - INFO - Downloading 475070 (KoAct 글로벌친환경전력인프라액티브)...
2026-01-05 12:42:20,944 - INFO - Success 248270
2026-01-05 12:42:20,944 - INFO - Downloading 0112X0 (마이티 200TR)...
2026-01-05 12:42:20,951 - INFO - Success 143210
2026-01-05 12:42:20,951 - INFO - Downloading 487750 (BNK 온디바이스AI)...
2026-01-05 12:42:20,957 - INFO - Success 475070
2026-01-05 12:42:20,957 - INFO - Downloading 352560 (KODEX 미국부동산리츠(H))...
2026-01-05 12:42:21,001 - INFO - Success 487750
2026-01-05 12:42:21,001 - INFO - Downloading 610069 (메리츠 KAP 레버리지 일본 엔화 ETN)...
2026-01-05 12:42:21,025 - INFO - Success 352560
2026-01-05 12:42:21,025 - INFO - Downloading 459560 (KODEX 테슬라밸류체인FactSet)...
2026-01-05 12:42:21,058 - INFO - Success 610069
2026-01-05 12:42:21,058 - INFO - Downloading 610036 (메리츠 인버스 2X 대표 농산물 선물 ETN(H))...
2026-01-05 12:42:21,073 - INFO - Success 459560
2026-01-05 12:42:21,073 - INFO - Downloading 024070 (WISCOM)...
2026-01-05 12:42:21,113 - INFO - Success 610036
2026-01-05 12:42:21,113 - INFO - Downloading 530089 (삼성 은 선물 ETN(H))...
2026-01-05 12:42:21,151 - INFO - Success 024070
2026-01-05 12:42:21,151 - INFO - Downloading 0023B0 (PLUS 미국양자컴퓨팅TOP10)...
2026-01-05 12:42:21,173 - INFO - Success 530089
2026-01-05 12:42:21,173 - INFO - Downloading 117460 (KODEX 에너지화학)...
2026-01-05 12:42:21,252 - INFO - Success 117460
2026-01-05 12:42:21,252 - INFO - Downloading 145210 (다이나믹디자인)...
2026-01-05 12:42:21,280 - ERROR - Error downloading 0112X0: 404 Client Error: Not Found for url: https://query2.finance.yahoo.com/v8/finance/chart/0112X0?period1=-32400&period2=1735570800&interval=1d&includeAdjustedClose=true
2026-01-05 12:42:21,280 - INFO - Downloading 008775 (호텔신라우)...
2026-01-05 12:42:21,329 - INFO - Success 145210
2026-01-05 12:42:21,329 - INFO - Downloading 493420 (SOL 미국배당다우존스2호)...
2026-01-05 12:42:21,360 - INFO - Success 008775
2026-01-05 12:42:21,360 - INFO - Downloading 261140 (TIGER 우선주)...
2026-01-05 12:42:21,376 - INFO - Success 493420
2026-01-05 12:42:21,376 - INFO - Downloading 570093 (한투 레버리지 천연가스 선물 ETN B)...
2026-01-05 12:42:21,432 - INFO - Success 570093
2026-01-05 12:42:21,432 - INFO - Downloading 069640 (한세엠케이)...
2026-01-05 12:42:21,433 - INFO - Success 261140
2026-01-05 12:42:21,434 - INFO - Downloading 494840 (TIGER 미국방산TOP10)...
2026-01-05 12:42:21,483 - INFO - Success 494840
2026-01-05 12:42:21,483 - INFO - Downloading 002070 (비비안)...
2026-01-05 12:42:21,495 - ERROR - Error downloading 0023B0: 404 Client Error: Not Found for url: https://query2.finance.yahoo.com/v8/finance/chart/0023B0?period1=-32400&period2=1735570800&interval=1d&includeAdjustedClose=true
2026-01-05 12:42:21,496 - INFO - Downloading 044380 (주연테크)...
2026-01-05 12:42:21,511 - INFO - Success 069640
2026-01-05 12:42:21,511 - INFO - Downloading 140950 (파워 코스피100)...
2026-01-05 12:42:21,570 - INFO - Success 002070
2026-01-05 12:42:21,570 - INFO - Downloading 030720 (동원수산)...
2026-01-05 12:42:21,576 - INFO - Success 044380
2026-01-05 12:42:21,576 - INFO - Downloading 520065 (미래에셋 -2X 미국채울트라30년 선물 ETN)...
2026-01-05 12:42:21,592 - INFO - Success 140950
2026-01-05 12:42:21,592 - INFO - Downloading 007120 (미래아이앤지)...
2026-01-05 12:42:21,635 - INFO - Success 520065
2026-01-05 12:42:21,635 - INFO - Downloading 437350 (RISE 미국단기투자등급회사채액티브)...
2026-01-05 12:42:21,650 - INFO - Success 030720
2026-01-05 12:42:21,650 - INFO - Downloading 0107F0 (KIWOOM 미국고배당&AI테크)...
2026-01-05 12:42:21,669 - INFO - Success 007120
2026-01-05 12:42:21,669 - INFO - Downloading 476850 (KoAct 배당성장액티브)...
2026-01-05 12:42:21,687 - INFO - Success 437350
2026-01-05 12:42:21,687 - INFO - Downloading 236350 (TIGER 인도니프티50레버리지(합성))...
2026-01-05 12:42:21,716 - INFO - Success 476850
2026-01-05 12:42:21,716 - INFO - Downloading 570072 (한투 레버리지 구리 선물 ETN)...
2026-01-05 12:42:21,763 - INFO - Success 236350
2026-01-05 12:42:21,763 - INFO - Downloading 225130 (ACE 골드선물 레버리지(합성 H))...
2026-01-05 12:42:21,773 - INFO - Success 570072
2026-01-05 12:42:21,773 - INFO - Downloading 459750 (RISE 글로벌주식분산액티브)...
2026-01-05 12:42:21,820 - INFO - Success 459750
2026-01-05 12:42:21,820 - INFO - Downloading 138230 (KIWOOM 미국달러선물)...
2026-01-05 12:42:21,834 - INFO - Success 225130
2026-01-05 12:42:21,834 - INFO - Downloading 580057 (KB 일본 컨슈머 TOP 10 ETN)...
2026-01-05 12:42:21,878 - INFO - Success 580057
2026-01-05 12:42:21,878 - INFO - Downloading 442260 (마이티 다이나믹퀀트액티브)...
2026-01-05 12:42:21,901 - INFO - Success 138230
2026-01-05 12:42:21,901 - INFO - Downloading 218420 (KODEX 미국S&P500에너지(합성))...
2026-01-05 12:42:21,928 - INFO - Success 442260
2026-01-05 12:42:21,928 - INFO - Downloading 0067Y0 (TIGER 차이나AI소프트웨어)...
2026-01-05 12:42:21,969 - INFO - Success 218420
2026-01-05 12:42:21,969 - INFO - Downloading 277640 (TIGER 코스피대형주)...
2026-01-05 12:42:21,978 - ERROR - Error downloading 0107F0: 404 Client Error: Not Found for url: https://query2.finance.yahoo.com/v8/finance/chart/0107F0?period1=-32400&period2=1735570800&interval=1d&includeAdjustedClose=true
2026-01-05 12:42:21,978 - INFO - Downloading 0040S0 (HANARO 글로벌피지컬AI액티브)...
2026-01-05 12:42:22,039 - INFO - Success 277640
2026-01-05 12:42:22,039 - INFO - Downloading 147970 (TIGER 모멘텀)...
2026-01-05 12:42:22,111 - INFO - Success 147970
2026-01-05 12:42:22,111 - INFO - Downloading 475310 (SOL 반도체후공정)...
2026-01-05 12:42:22,162 - INFO - Success 475310
2026-01-05 12:42:22,162 - INFO - Downloading 005110 (한창)...
2026-01-05 12:42:22,237 - INFO - Success 005110
2026-01-05 12:42:22,237 - INFO - Downloading 326230 (RISE 내수주플러스)...
2026-01-05 12:42:22,291 - ERROR - Error downloading 0067Y0: 404 Client Error: Not Found for url: https://query2.finance.yahoo.com/v8/finance/chart/0067Y0?period1=-32400&period2=1735570800&interval=1d&includeAdjustedClose=true
2026-01-05 12:42:22,291 - INFO - Downloading 570047 (한투 FTSE100 ETN)...
2026-01-05 12:42:22,299 - INFO - Success 326230
2026-01-05 12:42:22,299 - INFO - Downloading 152500 (ACE 레버리지)...
2026-01-05 12:42:22,320 - ERROR - Error downloading 0040S0: 404 Client Error: Not Found for url: https://query2.finance.yahoo.com/v8/finance/chart/0040S0?period1=-32400&period2=1735570800&interval=1d&includeAdjustedClose=true
2026-01-05 12:42:22,320 - INFO - Downloading 580048 (KB 차이나 대형주 CSI 300 ETN)...
2026-01-05 12:42:22,353 - INFO - Success 570047
2026-01-05 12:42:22,353 - INFO - Downloading 001420 (태원물산)...
2026-01-05 12:42:22,377 - INFO - Success 580048
2026-01-05 12:42:22,377 - INFO - Downloading 003495 (대한항공우)...
2026-01-05 12:42:22,379 - INFO - Success 152500
2026-01-05 12:42:22,379 - INFO - Downloading 448490 (HANARO 32-10 국고채액티브)...
2026-01-05 12:42:22,434 - INFO - Success 448490
2026-01-05 12:42:22,435 - INFO - Downloading 580049 (KB 차이나 중형주 CSI 500 ETN)...
2026-01-05 12:42:22,436 - INFO - Success 001420
2026-01-05 12:42:22,436 - INFO - Downloading 453950 (TIGER TSMC파운드리밸류체인)...
2026-01-05 12:42:22,460 - INFO - Success 003495
2026-01-05 12:42:22,462 - INFO - Downloading 002210 (동성제약)...
2026-01-05 12:42:22,489 - INFO - Success 580049
2026-01-05 12:42:22,489 - INFO - Success 453950
2026-01-05 12:42:22,489 - INFO - Downloading 002025 (코오롱우)...
2026-01-05 12:42:22,490 - INFO - Downloading 610022 (메리츠 미국채10년 ETN(H))...
2026-01-05 12:42:22,535 - INFO - Success 002210
2026-01-05 12:42:22,535 - INFO - Downloading 580073 (KB 레버리지 화웨이 밸류체인 ETN)...
2026-01-05 12:42:22,550 - INFO - Success 610022
2026-01-05 12:42:22,550 - INFO - Downloading 0097L0 (KIWOOM 한국고배당&미국AI테크)...
2026-01-05 12:42:22,569 - INFO - Success 002025
2026-01-05 12:42:22,570 - INFO - Downloading 015020 (이스타코)...
2026-01-05 12:42:22,572 - WARNING - Empty data for 580073
2026-01-05 12:42:22,572 - INFO - Downloading 459790 (KIWOOM 미국성장기업30액티브)...
2026-01-05 12:42:22,624 - INFO - Success 459790
2026-01-05 12:42:22,624 - INFO - Downloading 289480 (TIGER 200커버드콜)...
2026-01-05 12:42:22,645 - INFO - Success 015020
2026-01-05 12:42:22,645 - INFO - Downloading 700012 (하나 인버스 2X 옥수수 선물 ETN(H))...
2026-01-05 12:42:22,692 - INFO - Success 289480
2026-01-05 12:42:22,692 - INFO - Downloading 371450 (TIGER 글로벌클라우드컴퓨팅INDXX)...
2026-01-05 12:42:22,707 - INFO - Success 700012
2026-01-05 12:42:22,707 - INFO - Downloading 500100 (신한 금 선물 ETN)...
2026-01-05 12:42:22,741 - WARNING - Empty data for 500100
2026-01-05 12:42:22,741 - INFO - Downloading 760004 (키움 인버스 미국달러선물 ETN)...
2026-01-05 12:42:22,746 - INFO - Success 371450
2026-01-05 12:42:22,746 - INFO - Downloading 415760 (SOL 차이나육성산업액티브(합성))...
2026-01-05 12:42:22,798 - INFO - Success 760004
2026-01-05 12:42:22,798 - INFO - Downloading 084870 (TBH글로벌)...
2026-01-05 12:42:22,804 - INFO - Success 415760
2026-01-05 12:42:22,804 - INFO - Downloading 088790 (진도)...
2026-01-05 12:42:22,884 - INFO - Success 088790
2026-01-05 12:42:22,884 - INFO - Downloading 580052 (KB 인버스 2X 밀 선물 ETN)...
2026-01-05 12:42:22,885 - INFO - Success 084870
2026-01-05 12:42:22,885 - INFO - Downloading 387270 (TIGER 글로벌이노베이션액티브)...
2026-01-05 12:42:22,936 - INFO - Success 580052
2026-01-05 12:42:22,936 - INFO - Downloading 253150 (PLUS 200선물레버리지)...
2026-01-05 12:42:22,940 - INFO - Success 387270
2026-01-05 12:42:22,940 - INFO - Downloading 580067 (KB 인도 디지털 Select 5 ETN)...
2026-01-05 12:42:22,978 - WARNING - Empty data for 580067
2026-01-05 12:42:22,978 - INFO - Downloading 0139P0 (ACE 고배당주)...
2026-01-05 12:42:23,009 - INFO - Success 253150
2026-01-05 12:42:23,009 - INFO - Downloading 483240 (TIGER 미국나스닥100ETF선물)...
2026-01-05 12:42:23,031 - ERROR - Error downloading 0097L0: 404 Client Error: Not Found for url: https://query2.finance.yahoo.com/v8/finance/chart/0097L0?period1=-32400&period2=1735570800&interval=1d&includeAdjustedClose=true
2026-01-05 12:42:23,031 - INFO - Downloading 483570 (KCGI 미국S&P500 TOP10)...
2026-01-05 12:42:23,062 - INFO - Success 483240
2026-01-05 12:42:23,062 - INFO - Downloading 530105 (삼성 인버스 2X 코스피200 선물 ETN)...
2026-01-05 12:42:23,077 - INFO - Success 483570
2026-01-05 12:42:23,077 - INFO - Downloading 272570 (RISE 중장기국공채액티브)...
2026-01-05 12:42:23,116 - INFO - Success 530105
2026-01-05 12:42:23,116 - INFO - Downloading 0138T0 (RISE 미국S&P500데일리고정커버드콜)...
2026-01-05 12:42:23,144 - INFO - Success 272570
2026-01-05 12:42:23,144 - INFO - Downloading 469050 (RISE 미국반도체NYSE(H))...
2026-01-05 12:42:23,188 - INFO - Success 469050
2026-01-05 12:42:23,189 - INFO - Downloading 415340 (KODEX 차이나과창판STAR50(합성))...
2026-01-05 12:42:23,257 - INFO - Success 415340
2026-01-05 12:42:23,257 - INFO - Downloading 253250 (KIWOOM 200선물레버리지)...
2026-01-05 12:42:23,260 - ERROR - Error downloading 0139P0: 404 Client Error: Not Found for url: https://query2.finance.yahoo.com/v8/finance/chart/0139P0?period1=-32400&period2=1735570800&interval=1d&includeAdjustedClose=true
2026-01-05 12:42:23,260 - INFO - Downloading 520079 (미래에셋 레버리지 미국 제약 TOP3 ETN)...
2026-01-05 12:42:23,310 - INFO - Success 520079
2026-01-05 12:42:23,310 - INFO - Downloading 469060 (RISE 미국반도체NYSE)...
2026-01-05 12:42:23,331 - INFO - Success 253250
2026-01-05 12:42:23,332 - INFO - Downloading 610001 (메리츠 인플레이션 국채 ETN)...
2026-01-05 12:42:23,364 - INFO - Success 469060
2026-01-05 12:42:23,364 - INFO - Downloading 139250 (TIGER 200 에너지화학)...
2026-01-05 12:42:23,391 - INFO - Success 610001
2026-01-05 12:42:23,391 - INFO - Downloading 275300 (KODEX 우량주)...
2026-01-05 12:42:23,439 - INFO - Success 139250
2026-01-05 12:42:23,439 - INFO - Downloading 271060 (KODEX 3대농산물선물(H))...
2026-01-05 12:42:23,451 - ERROR - Error downloading 0138T0: 404 Client Error: Not Found for url: https://query2.finance.yahoo.com/v8/finance/chart/0138T0?period1=-32400&period2=1735570800&interval=1d&includeAdjustedClose=true
2026-01-05 12:42:23,451 - INFO - Downloading 700034 (하나 레버리지 K방산TOP10 ETN)...
2026-01-05 12:42:23,463 - INFO - Success 275300
2026-01-05 12:42:23,463 - INFO - Downloading 400570 (KODEX 유럽탄소배출권선물ICE(H))...
2026-01-05 12:42:23,491 - WARNING - Empty data for 700034
2026-01-05 12:42:23,492 - INFO - Downloading 500023 (신한 콩 선물 ETN(H))...
2026-01-05 12:42:23,507 - INFO - Success 271060
2026-01-05 12:42:23,507 - INFO - Downloading 169950 (KODEX 차이나A50)...
2026-01-05 12:42:23,521 - INFO - Success 400570
2026-01-05 12:42:23,521 - INFO - Downloading 019685 (대교우B)...
2026-01-05 12:42:23,571 - INFO - Success 500023
2026-01-05 12:42:23,571 - INFO - Downloading 610085 (메리츠 레버리지 미국채30년 스트립 ETN(H))...
2026-01-05 12:42:23,586 - INFO - Success 169950
2026-01-05 12:42:23,586 - INFO - Downloading 0051A0 (KoAct 브로드컴밸류체인액티브)...
2026-01-05 12:42:23,601 - INFO - Success 019685
2026-01-05 12:42:23,601 - INFO - Downloading 002355 (넥센타이어1우B)...
2026-01-05 12:42:23,613 - WARNING - Empty data for 610085
2026-01-05 12:42:23,613 - INFO - Downloading 457690 (KODEX 33-06 국고채액티브)...
2026-01-05 12:42:23,671 - INFO - Success 457690
2026-01-05 12:42:23,671 - INFO - Downloading 130680 (TIGER 원유선물Enhanced(H))...
2026-01-05 12:42:23,679 - INFO - Success 002355
2026-01-05 12:42:23,679 - INFO - Downloading 176950 (KODEX 국채선물10년인버스)...
2026-01-05 12:42:23,747 - INFO - Success 130680
2026-01-05 12:42:23,747 - INFO - Downloading 580072 (KB 화웨이 밸류체인 ETN)...
2026-01-05 12:42:23,755 - INFO - Success 176950
2026-01-05 12:42:23,756 - INFO - Downloading 760008 (키움 코스닥 150 TR ETN)...
2026-01-05 12:42:23,781 - WARNING - Empty data for 580072
2026-01-05 12:42:23,781 - INFO - Downloading 445690 (BNK 주주가치액티브)...
2026-01-05 12:42:23,801 - INFO - Success 760008
2026-01-05 12:42:23,801 - INFO - Downloading 322410 (HANARO K고배당)...
2026-01-05 12:42:23,835 - INFO - Success 445690
2026-01-05 12:42:23,835 - INFO - Downloading 520039 (미래에셋 코스닥150 선물 ETN)...
2026-01-05 12:42:23,865 - INFO - Success 322410
2026-01-05 12:42:23,865 - INFO - Downloading 550085 (N2 코스닥 150 TR ETN)...
2026-01-05 12:42:23,889 - INFO - Success 520039
2026-01-05 12:42:23,889 - INFO - Downloading 001685 (대상우)...
2026-01-05 12:42:23,908 - INFO - Success 550085
2026-01-05 12:42:23,908 - INFO - Downloading 580066 (KB 인도 대형 성장주 Select 5 ETN)...
2026-01-05 12:42:23,929 - ERROR - Error downloading 0051A0: 404 Client Error: Not Found for url: https://query2.finance.yahoo.com/v8/finance/chart/0051A0?period1=-32400&period2=1735570800&interval=1d&includeAdjustedClose=true
2026-01-05 12:42:23,930 - INFO - Downloading 530083 (삼성 금 선물 ETN(H))...
2026-01-05 12:42:23,944 - WARNING - Empty data for 580066
2026-01-05 12:42:23,944 - INFO - Downloading 610008 (메리츠 레버리지 국채30년 ETN)...
2026-01-05 12:42:23,968 - INFO - Success 001685
2026-01-05 12:42:23,968 - INFO - Downloading 530128 (삼성 레버리지 미국다우존스 선물 ETN)...
2026-01-05 12:42:23,984 - INFO - Success 530083
2026-01-05 12:42:23,984 - INFO - Downloading 453820 (KODEX 인도Nifty50레버리지(합성))...
2026-01-05 12:42:24,003 - INFO - Success 610008
2026-01-05 12:42:24,003 - INFO - Downloading 0015F0 (KIWOOM 팔란티어미국30년국채혼합액티브(H))...
2026-01-05 12:42:24,028 - INFO - Success 530128
2026-01-05 12:42:24,028 - INFO - Downloading 610028 (메리츠 레버리지 구리 선물 ETN(H))...
2026-01-05 12:42:24,058 - INFO - Success 453820
2026-01-05 12:42:24,058 - INFO - Downloading 117680 (KODEX 철강)...
2026-01-05 12:42:24,083 - INFO - Success 610028
2026-01-05 12:42:24,083 - INFO - Downloading 570054 (한투 레버리지 유로스탁스50 ETN(H) B)...
2026-01-05 12:42:24,138 - INFO - Success 117680
2026-01-05 12:42:24,139 - INFO - Downloading 550069 (N2 레버리지 구리 선물 ETN(H))...
2026-01-05 12:42:24,140 - INFO - Success 570054
2026-01-05 12:42:24,140 - INFO - Downloading 530063 (삼성 레버리지 구리 선물 ETN(H))...
2026-01-05 12:42:24,196 - INFO - Success 550069
2026-01-05 12:42:24,196 - INFO - Downloading 550087 (N2 선진국 1등주 ETN)...
2026-01-05 12:42:24,207 - INFO - Success 530063
2026-01-05 12:42:24,207 - INFO - Downloading 580075 (KB 레버리지 BYD 밸류체인 ETN)...
2026-01-05 12:42:24,242 - WARNING - Empty data for 580075
2026-01-05 12:42:24,242 - INFO - Downloading 449690 (TIGER 한중반도체(합성))...
2026-01-05 12:42:24,244 - INFO - Success 550087
2026-01-05 12:42:24,244 - INFO - Downloading 195970 (PLUS 선진국MSCI(합성 H))...
2026-01-05 12:42:24,303 - INFO - Success 449690
2026-01-05 12:42:24,303 - INFO - Downloading 0005G0 (ITF K-AI반도체코어테크)...
2026-01-05 12:42:24,308 - ERROR - Error downloading 0015F0: 404 Client Error: Not Found for url: https://query2.finance.yahoo.com/v8/finance/chart/0015F0?period1=-32400&period2=1735570800&interval=1d&includeAdjustedClose=true
2026-01-05 12:42:24,309 - INFO - Downloading 530138 (삼성 KRX 레버리지 2차전지 TOP10 TR ETN)...
2026-01-05 12:42:24,318 - INFO - Success 195970
2026-01-05 12:42:24,318 - INFO - Downloading 269420 (KODEX S&P글로벌인프라(합성))...
2026-01-05 12:42:24,345 - WARNING - Empty data for 530138
2026-01-05 12:42:24,345 - INFO - Downloading 00499K (롯데지주우)...
2026-01-05 12:42:24,387 - INFO - Success 269420
2026-01-05 12:42:24,387 - INFO - Downloading 550088 (N2 월간 레버리지 선진국 1등주 ETN)...
2026-01-05 12:42:24,409 - INFO - Success 00499K
2026-01-05 12:42:24,409 - INFO - Downloading 570115 (한투 인버스0.5X S&P500 VIX S/T선물 ETN B)...
2026-01-05 12:42:24,431 - INFO - Success 550088
2026-01-05 12:42:24,431 - INFO - Downloading 005257 (녹십자홀딩스2우)...
2026-01-05 12:42:24,443 - WARNING - Empty data for 570115
2026-01-05 12:42:24,443 - INFO - Downloading 001770 (SHD)...
2026-01-05 12:42:24,506 - INFO - Success 005257
2026-01-05 12:42:24,506 - INFO - Downloading 580070 (KB 레버리지 2차전지 TOP 10 TR ETN)...
2026-01-05 12:42:24,517 - INFO - Success 001770
2026-01-05 12:42:24,517 - INFO - Downloading 0089B0 (PLUS 미국나스닥100미국채혼합50)...
2026-01-05 12:42:24,543 - WARNING - Empty data for 580070
2026-01-05 12:42:24,543 - INFO - Downloading 700027 (하나 반도체 ETN)...
2026-01-05 12:42:24,584 - WARNING - Empty data for 700027
2026-01-05 12:42:24,584 - INFO - Downloading 008600 (윌비스)...
2026-01-05 12:42:24,647 - ERROR - Error downloading 0005G0: 404 Client Error: Not Found for url: https://query2.finance.yahoo.com/v8/finance/chart/0005G0?period1=-32400&period2=1735570800&interval=1d&includeAdjustedClose=true
2026-01-05 12:42:24,648 - INFO - Downloading 464610 (SOL 의료기기소부장Fn)...
2026-01-05 12:42:24,657 - INFO - Success 008600
2026-01-05 12:42:24,657 - INFO - Downloading 0094X0 (1Q 샤오미밸류체인액티브)...
2026-01-05 12:42:24,698 - INFO - Success 464610
2026-01-05 12:42:24,698 - INFO - Downloading 580074 (KB BYD 밸류체인 ETN)...
2026-01-05 12:42:24,732 - WARNING - Empty data for 580074
2026-01-05 12:42:24,732 - INFO - Downloading 385520 (KODEX 자율주행액티브)...
2026-01-05 12:42:24,792 - INFO - Success 385520
2026-01-05 12:42:24,792 - INFO - Downloading 100910 (KIWOOM KRX100)...
2026-01-05 12:42:24,805 - ERROR - Error downloading 0089B0: 404 Client Error: Not Found for url: https://query2.finance.yahoo.com/v8/finance/chart/0089B0?period1=-32400&period2=1735570800&interval=1d&includeAdjustedClose=true
2026-01-05 12:42:24,805 - INFO - Downloading 500091 (신한 33-12 국고채 플러스 ETN)...
2026-01-05 12:42:24,851 - INFO - Success 500091
2026-01-05 12:42:24,851 - INFO - Downloading 570052 (한투 플래티넘 선물 ETN)...
2026-01-05 12:42:24,866 - INFO - Success 100910
2026-01-05 12:42:24,866 - INFO - Downloading 282000 (RISE 국고채3년선물인버스)...
2026-01-05 12:42:24,914 - INFO - Success 570052
2026-01-05 12:42:24,914 - INFO - Downloading 18064K (한진칼우)...
2026-01-05 12:42:24,939 - INFO - Success 282000
2026-01-05 12:42:24,940 - INFO - Downloading 371150 (RISE 차이나항셍테크)...
2026-01-05 12:42:24,994 - INFO - Success 18064K
2026-01-05 12:42:24,995 - INFO - Downloading 497780 (KoAct 미국천연가스인프라액티브)...
2026-01-05 12:42:24,999 - INFO - Success 371150
2026-01-05 12:42:24,999 - INFO - Downloading 156080 (KODEX MSCI Korea)...
2026-01-05 12:42:25,002 - ERROR - Error downloading 0094X0: 404 Client Error: Not Found for url: https://query2.finance.yahoo.com/v8/finance/chart/0094X0?period1=-32400&period2=1735570800&interval=1d&includeAdjustedClose=true
2026-01-05 12:42:25,003 - INFO - Downloading 0085N0 (ACE 미국10년국채액티브(H))...
2026-01-05 12:42:25,042 - INFO - Success 497780
2026-01-05 12:42:25,042 - INFO - Downloading 500090 (신한 2X 26-05 공사채(AAA) ETN)...
2026-01-05 12:42:25,076 - INFO - Success 156080
2026-01-05 12:42:25,076 - INFO - Downloading 500087 (신한 26-05 은행채(AAA) ETN)...
2026-01-05 12:42:25,095 - INFO - Success 500090
2026-01-05 12:42:25,095 - INFO - Downloading 500089 (신한 26-05 공사채(AAA) ETN)...
2026-01-05 12:42:25,130 - INFO - Success 500087
2026-01-05 12:42:25,130 - INFO - Downloading 500088 (신한 2X 26-05 은행채(AAA) ETN)...
2026-01-05 12:42:25,145 - INFO - Success 500089
2026-01-05 12:42:25,145 - INFO - Downloading 0028X0 (KODEX 미국금융테크액티브)...
2026-01-05 12:42:25,173 - INFO - Success 500088
2026-01-05 12:42:25,173 - INFO - Downloading 0036D0 (TIMEFOLIO 미국배당다우존스액티브)...
2026-01-05 12:42:25,472 - ERROR - Error downloading 0036D0: 404 Client Error: Not Found for url: https://query2.finance.yahoo.com/v8/finance/chart/0036D0?period1=-32400&period2=1735570800&interval=1d&includeAdjustedClose=true
2026-01-05 12:42:25,473 - INFO - Downloading 610047 (메리츠 인버스 국채3년 ETN)...
2026-01-05 12:42:25,487 - ERROR - Error downloading 0085N0: 404 Client Error: Not Found for url: https://query2.finance.yahoo.com/v8/finance/chart/0085N0?period1=-32400&period2=1735570800&interval=1d&includeAdjustedClose=true
2026-01-05 12:42:25,488 - INFO - Downloading 0105D0 (SOL 한국AI소프트웨어)...
2026-01-05 12:42:25,532 - INFO - Success 610047
2026-01-05 12:42:25,532 - INFO - Downloading 610018 (메리츠 국채10년 ETN)...
2026-01-05 12:42:25,591 - INFO - Success 610018
2026-01-05 12:42:25,591 - INFO - Downloading 760022 (키움 K방산 TOP5 ETN)...
2026-01-05 12:42:25,628 - WARNING - Empty data for 760022
2026-01-05 12:42:25,628 - INFO - Downloading 305050 (ACE 코스피)...
2026-01-05 12:42:25,638 - ERROR - Error downloading 0028X0: 404 Client Error: Not Found for url: https://query2.finance.yahoo.com/v8/finance/chart/0028X0?period1=-32400&period2=1735570800&interval=1d&includeAdjustedClose=true
2026-01-05 12:42:25,639 - INFO - Downloading 760023 (키움 레버리지 K방산 TOP5 ETN)...
2026-01-05 12:42:25,681 - WARNING - Empty data for 760023
2026-01-05 12:42:25,681 - INFO - Downloading 223190 (KODEX 200가치저변동)...
2026-01-05 12:42:25,693 - INFO - Success 305050
2026-01-05 12:42:25,693 - INFO - Downloading 580043 (KB 레버리지 KOSDAQ 150 선물 ETN)...
2026-01-05 12:42:25,755 - INFO - Success 580043
2026-01-05 12:42:25,755 - INFO - Downloading 409810 (KODEX 미국나스닥100선물인버스(H))...
2026-01-05 12:42:25,757 - INFO - Success 223190
2026-01-05 12:42:25,757 - INFO - Downloading 0000H0 (KODEX 인도Nifty미드캡100)...
2026-01-05 12:42:25,813 - INFO - Success 409810
2026-01-05 12:42:25,813 - INFO - Downloading 015260 (에이엔피)...
2026-01-05 12:42:25,821 - ERROR - Error downloading 0105D0: 404 Client Error: Not Found for url: https://query2.finance.yahoo.com/v8/finance/chart/0105D0?period1=-32400&period2=1735570800&interval=1d&includeAdjustedClose=true
2026-01-05 12:42:25,822 - INFO - Downloading 250730 (RISE 차이나HSCEI(H))...
2026-01-05 12:42:25,892 - INFO - Success 250730
2026-01-05 12:42:25,893 - INFO - Downloading 417450 (RISE 글로벌수소경제)...
2026-01-05 12:42:25,894 - INFO - Success 015260
2026-01-05 12:42:25,894 - INFO - Downloading 580047 (KB 레버리지 항셍테크 선물 ETN(H) B)...
2026-01-05 12:42:25,950 - INFO - Success 417450
2026-01-05 12:42:25,950 - INFO - Downloading 025890 (한국주강)...
2026-01-05 12:42:25,952 - INFO - Success 580047
2026-01-05 12:42:25,952 - INFO - Downloading 0084E0 (KIWOOM 미국대형주500월간목표헤지액티브)...
2026-01-05 12:42:26,026 - INFO - Success 025890
2026-01-05 12:42:26,026 - INFO - Downloading 700035 (하나 인버스 2X K방산TOP10 ETN)...
2026-01-05 12:42:26,062 - WARNING - Empty data for 700035
2026-01-05 12:42:26,062 - INFO - Downloading 105780 (RISE 5대그룹주)...
2026-01-05 12:42:26,085 - ERROR - Error downloading 0000H0: 404 Client Error: Not Found for url: https://query2.finance.yahoo.com/v8/finance/chart/0000H0?period1=-32400&period2=1735570800&interval=1d&includeAdjustedClose=true
2026-01-05 12:42:26,086 - INFO - Downloading 520076 (미래에셋 1.5X 천연가스 선물 ETN)...
2026-01-05 12:42:26,138 - INFO - Success 520076
2026-01-05 12:42:26,138 - INFO - Downloading 277540 (ACE 아시아TOP50)...
2026-01-05 12:42:26,140 - INFO - Success 105780
2026-01-05 12:42:26,140 - INFO - Downloading 500085 (신한 코스피 200 TR ETN)...
2026-01-05 12:42:26,188 - INFO - Success 500085
2026-01-05 12:42:26,188 - INFO - Downloading 185680 (KODEX 미국S&P바이오(합성))...
2026-01-05 12:42:26,206 - INFO - Success 277540
2026-01-05 12:42:26,206 - INFO - Downloading 530117 (삼성 코스피 200 TR ETN)...
2026-01-05 12:42:26,229 - ERROR - Error downloading 0084E0: 404 Client Error: Not Found for url: https://query2.finance.yahoo.com/v8/finance/chart/0084E0?period1=-32400&period2=1735570800&interval=1d&includeAdjustedClose=true
2026-01-05 12:42:26,230 - INFO - Downloading 102960 (KODEX 기계장비)...
2026-01-05 12:42:26,254 - INFO - Success 530117
2026-01-05 12:42:26,254 - INFO - Downloading 700032 (하나 인버스 2X 천연가스 선물 ETN(H))...
2026-01-05 12:42:26,269 - INFO - Success 185680
2026-01-05 12:42:26,270 - INFO - Downloading 0047P0 (RISE 테슬라고정테크100)...
2026-01-05 12:42:26,292 - WARNING - Empty data for 700032
2026-01-05 12:42:26,294 - INFO - Downloading 396510 (TIGER 차이나클린에너지SOLACTIVE)...
2026-01-05 12:42:26,301 - INFO - Success 102960
2026-01-05 12:42:26,301 - INFO - Downloading 474920 (에셋플러스 차이나일등기업포커스10액티브)...
2026-01-05 12:42:26,350 - INFO - Success 474920
2026-01-05 12:42:26,350 - INFO - Downloading 610096 (메리츠 -2X 천연가스 선물 ETN(H))...
2026-01-05 12:42:26,352 - INFO - Success 396510
2026-01-05 12:42:26,352 - INFO - Downloading 489000 (PLUS 일본엔화초단기국채(합성))...
2026-01-05 12:42:26,388 - WARNING - Empty data for 610096
2026-01-05 12:42:26,388 - INFO - Downloading 570105 (한투 인버스일본니케이225선물 ETN(H))...
2026-01-05 12:42:26,399 - INFO - Success 489000
2026-01-05 12:42:26,399 - INFO - Downloading 700013 (하나 레버리지 콩 선물 ETN(H))...
2026-01-05 12:42:26,434 - INFO - Success 570105
2026-01-05 12:42:26,434 - INFO - Downloading 570100 (한투 일본종합상사TOP5 ETN)...
2026-01-05 12:42:26,455 - INFO - Success 700013
2026-01-05 12:42:26,455 - INFO - Downloading 700029 (하나 S&P 레버리지 WTI원유 선물 ETN B)...
2026-01-05 12:42:26,481 - INFO - Success 570100
2026-01-05 12:42:26,481 - INFO - Downloading 419650 (PLUS 글로벌수소&차세대연료전지)...
2026-01-05 12:42:26,492 - WARNING - Empty data for 700029
2026-01-05 12:42:26,492 - INFO - Downloading 438900 (HANARO Fn K-푸드)...
2026-01-05 12:42:26,543 - INFO - Success 419650
2026-01-05 12:42:26,543 - INFO - Downloading 550100 (N2 인버스 2X 천연가스 선물 ETN)...
2026-01-05 12:42:26,545 - INFO - Success 438900
2026-01-05 12:42:26,545 - INFO - Downloading 483420 (ACE 애플밸류체인액티브)...
2026-01-05 12:42:26,550 - ERROR - Error downloading 0047P0: 404 Client Error: Not Found for url: https://query2.finance.yahoo.com/v8/finance/chart/0047P0?period1=-32400&period2=1735570800&interval=1d&includeAdjustedClose=true
2026-01-05 12:42:26,551 - INFO - Downloading 0010E0 (ACE FTSE WGBI Korea)...
2026-01-05 12:42:26,589 - WARNING - Empty data for 550100
2026-01-05 12:42:26,589 - INFO - Downloading 570107 (한투 인버스2X일본니케이225선물 ETN(H))...
2026-01-05 12:42:26,604 - INFO - Success 483420
2026-01-05 12:42:26,604 - INFO - Downloading 520088 (미래에셋 S&P500 VIX S/T 선물 ETN(H))...
2026-01-05 12:42:26,637 - INFO - Success 570107
2026-01-05 12:42:26,637 - INFO - Downloading 580068 (KB S&P 레버리지 WTI원유 선물 ETN B)...
2026-01-05 12:42:26,640 - WARNING - Empty data for 520088
2026-01-05 12:42:26,640 - INFO - Downloading 009310 (참엔지니어링)...
2026-01-05 12:42:26,675 - WARNING - Empty data for 580068
2026-01-05 12:42:26,675 - INFO - Downloading 500093 (신한 블룸버그 레버리지 WTI원유선물 ETN B)...
2026-01-05 12:42:26,712 - INFO - Success 009310
2026-01-05 12:42:26,712 - WARNING - Empty data for 500093
2026-01-05 12:42:26,712 - INFO - Downloading 530133 (삼성 블룸버그 레버리지 WTI원유선물 ETN B)...
2026-01-05 12:42:26,713 - INFO - Downloading 0104G0 (PLUS K방산레버리지)...
2026-01-05 12:42:26,756 - WARNING - Empty data for 530133
2026-01-05 12:42:26,756 - INFO - Downloading 461910 (PLUS 미국테크TOP10레버리지(합성))...
2026-01-05 12:42:26,810 - INFO - Success 461910
2026-01-05 12:42:26,810 - INFO - Downloading 153270 (KIWOOM 코스피100)...
2026-01-05 12:42:26,840 - ERROR - Error downloading 0010E0: 404 Client Error: Not Found for url: https://query2.finance.yahoo.com/v8/finance/chart/0010E0?period1=-32400&period2=1735570800&interval=1d&includeAdjustedClose=true
2026-01-05 12:42:26,841 - INFO - Downloading 610088 (메리츠 솔랙티브 2X WTI원유 선물 ETN(H))...
2026-01-05 12:42:26,877 - WARNING - Empty data for 610088
2026-01-05 12:42:26,878 - INFO - Downloading 012170 (아센디오)...
2026-01-05 12:42:26,884 - INFO - Success 153270
2026-01-05 12:42:26,884 - INFO - Downloading 610003 (메리츠 미국 인플레이션 국채 ETN(H))...
2026-01-05 12:42:26,945 - INFO - Success 610003
2026-01-05 12:42:26,945 - INFO - Downloading 114460 (ACE 국고채3년)...
2026-01-05 12:42:26,949 - INFO - Success 012170
2026-01-05 12:42:26,949 - INFO - Downloading 183700 (RISE 채권혼합)...
2026-01-05 12:42:27,000 - ERROR - Error downloading 0104G0: 404 Client Error: Not Found for url: https://query2.finance.yahoo.com/v8/finance/chart/0104G0?period1=-32400&period2=1735570800&interval=1d&includeAdjustedClose=true
2026-01-05 12:42:27,001 - INFO - Downloading 530112 (삼성 S&P500 TR ETN)...
2026-01-05 12:42:27,038 - INFO - Success 114460
2026-01-05 12:42:27,038 - INFO - Downloading 449580 (RISE 테슬라애플아마존채권혼합)...
2026-01-05 12:42:27,039 - INFO - Success 183700
2026-01-05 12:42:27,039 - INFO - Downloading 442560 (RISE TDF2040액티브)...
2026-01-05 12:42:27,061 - INFO - Success 530112
2026-01-05 12:42:27,061 - INFO - Downloading 316670 (KIWOOM 코스닥150)...
2026-01-05 12:42:27,095 - INFO - Success 449580
2026-01-05 12:42:27,095 - INFO - Success 442560
2026-01-05 12:42:27,095 - INFO - Downloading 442090 (에셋플러스 코리아대장장이액티브)...
2026-01-05 12:42:27,096 - INFO - Downloading 760017 (키움 조선TOP10 ETN)...
2026-01-05 12:42:27,134 - INFO - Success 316670
2026-01-05 12:42:27,134 - INFO - Downloading 450190 (KODEX 한중반도체(합성))...
2026-01-05 12:42:27,145 - INFO - Success 760017
2026-01-05 12:42:27,146 - INFO - Downloading 304770 (HANARO 코스닥150)...
2026-01-05 12:42:27,153 - INFO - Success 442090
2026-01-05 12:42:27,153 - INFO - Downloading 275280 (KODEX 모멘텀주)...
2026-01-05 12:42:27,187 - INFO - Success 450190
2026-01-05 12:42:27,187 - INFO - Downloading 447660 (PLUS 애플채권혼합)...
2026-01-05 12:42:27,206 - INFO - Success 304770
2026-01-05 12:42:27,206 - INFO - Downloading 008500 (일정실업)...
2026-01-05 12:42:27,217 - INFO - Success 275280
2026-01-05 12:42:27,217 - INFO - Downloading 472840 (ITF 200)...
2026-01-05 12:42:27,241 - INFO - Success 447660
2026-01-05 12:42:27,241 - INFO - Downloading 385600 (ACE 2차전지&친환경차액티브)...
2026-01-05 12:42:27,268 - INFO - Success 472840
2026-01-05 12:42:27,268 - INFO - Downloading 0137W0 (KIWOOM 미국S&P500&GOLD)...
2026-01-05 12:42:27,279 - INFO - Success 008500
2026-01-05 12:42:27,279 - INFO - Downloading 610089 (메리츠 솔랙티브 -2X WTI원유 선물 ETN(H))...
2026-01-05 12:42:27,300 - INFO - Success 385600
2026-01-05 12:42:27,301 - INFO - Downloading 468370 (KODEX iShares미국인플레이션국채액티브)...
2026-01-05 12:42:27,318 - WARNING - Empty data for 610089
2026-01-05 12:42:27,318 - INFO - Downloading 009440 (KC그린홀딩스)...
2026-01-05 12:42:27,347 - INFO - Success 468370
2026-01-05 12:42:27,347 - INFO - Downloading 108675 (LX하우시스우)...
2026-01-05 12:42:27,389 - INFO - Success 009440
2026-01-05 12:42:27,389 - INFO - Downloading 494420 (PLUS 미국배당증가성장주데일리커버드콜)...
2026-01-05 12:42:27,426 - INFO - Success 108675
2026-01-05 12:42:27,426 - INFO - Downloading 354350 (HANARO 글로벌럭셔리S&P(합성))...
2026-01-05 12:42:27,435 - INFO - Success 494420
2026-01-05 12:42:27,435 - INFO - Downloading 275290 (KODEX 가치주)...
2026-01-05 12:42:27,489 - INFO - Success 354350
2026-01-05 12:42:27,490 - INFO - Downloading 45226K (한화갤러리아우)...
2026-01-05 12:42:27,498 - INFO - Success 275290
2026-01-05 12:42:27,498 - INFO - Downloading 498050 (HANARO 바이오코리아액티브)...
2026-01-05 12:42:27,542 - INFO - Success 45226K
2026-01-05 12:42:27,542 - INFO - Success 498050
2026-01-05 12:42:27,542 - INFO - Downloading 0138Y0 (PLUS 금채권혼합)...
2026-01-05 12:42:27,542 - INFO - Downloading 213630 (PLUS 미국다우존스고배당주(합성 H))...
2026-01-05 12:42:27,608 - ERROR - Error downloading 0137W0: 404 Client Error: Not Found for url: https://query2.finance.yahoo.com/v8/finance/chart/0137W0?period1=-32400&period2=1735570800&interval=1d&includeAdjustedClose=true
2026-01-05 12:42:27,610 - INFO - Downloading 241390 (RISE V&S셀렉트밸류채권혼합)...
2026-01-05 12:42:27,612 - INFO - Success 213630
2026-01-05 12:42:27,612 - INFO - Downloading 000087 (하이트진로2우B)...
2026-01-05 12:42:27,679 - INFO - Success 241390
2026-01-05 12:42:27,679 - INFO - Downloading 145850 (TREX 펀더멘탈 200)...
2026-01-05 12:42:27,693 - INFO - Success 000087
2026-01-05 12:42:27,693 - INFO - Downloading 580069 (KB S&P 인버스 2X WTI원유 선물 ETN B)...
2026-01-05 12:42:27,728 - WARNING - Empty data for 580069
2026-01-05 12:42:27,728 - INFO - Downloading 411860 (KIWOOM 독일DAX)...
2026-01-05 12:42:27,766 - INFO - Success 145850
2026-01-05 12:42:27,766 - INFO - Downloading 530129 (삼성 인버스 2X 미국다우존스 선물 ETN)...
2026-01-05 12:42:27,786 - INFO - Success 411860
2026-01-05 12:42:27,786 - INFO - Downloading 700030 (하나 S&P 인버스 2X WTI원유 선물 ETN B)...
2026-01-05 12:42:27,810 - INFO - Success 530129
2026-01-05 12:42:27,810 - INFO - Downloading 500094 (신한 블룸버그 인버스2X WTI원유선물 ETN B)...
2026-01-05 12:42:27,823 - WARNING - Empty data for 700030
2026-01-05 12:42:27,823 - INFO - Downloading 239660 (PLUS 우량회사채50)...
2026-01-05 12:42:27,847 - WARNING - Empty data for 500094
2026-01-05 12:42:27,847 - INFO - Downloading 407820 (에셋플러스 코리아플랫폼액티브)...
2026-01-05 12:42:27,901 - INFO - Success 239660
2026-01-05 12:42:27,902 - INFO - Downloading 417630 (TIGER KEDI혁신기업ESG30)...
2026-01-05 12:42:27,906 - INFO - Success 407820
2026-01-05 12:42:27,906 - INFO - Downloading 300610 (TIGER K게임)...
2026-01-05 12:42:27,960 - INFO - Success 417630
2026-01-05 12:42:27,960 - INFO - Downloading 491510 (파워 K-주주가치액티브)...
2026-01-05 12:42:27,972 - INFO - Success 300610
2026-01-05 12:42:27,972 - INFO - Downloading 570071 (한투 구리 선물 ETN)...
2026-01-05 12:42:28,007 - INFO - Success 491510
2026-01-05 12:42:28,007 - INFO - Downloading 0094M0 (RISE 코리아밸류업위클리고정커버드콜)...
2026-01-05 12:42:28,031 - INFO - Success 570071
2026-01-05 12:42:28,032 - INFO - Downloading 440340 (TIGER 글로벌멀티에셋TIF액티브)...
2026-01-05 12:42:28,073 - ERROR - Error downloading 0138Y0: 404 Client Error: Not Found for url: https://query2.finance.yahoo.com/v8/finance/chart/0138Y0?period1=-32400&period2=1735570800&interval=1d&includeAdjustedClose=true
2026-01-05 12:42:28,073 - INFO - Downloading 494180 (TIMEFOLIO 글로벌소비트렌드액티브)...
2026-01-05 12:42:28,087 - INFO - Success 440340
2026-01-05 12:42:28,087 - INFO - Downloading 461900 (PLUS 미국테크TOP10)...
2026-01-05 12:42:28,120 - INFO - Success 494180
2026-01-05 12:42:28,120 - INFO - Downloading 610040 (메리츠 인버스 2X 미국채30년 ETN(H))...
2026-01-05 12:42:28,136 - INFO - Success 461900
2026-01-05 12:42:28,136 - INFO - Downloading 580054 (KB 인버스 2X 콩 선물 ETN)...
2026-01-05 12:42:28,173 - INFO - Success 610040
2026-01-05 12:42:28,173 - INFO - Downloading 0113G0 (KoAct 미국바이오헬스케어액티브)...
2026-01-05 12:42:28,181 - INFO - Success 580054
2026-01-05 12:42:28,181 - INFO - Downloading 500024 (신한 인버스 콩 선물 ETN(H))...
2026-01-05 12:42:28,247 - INFO - Success 500024
2026-01-05 12:42:28,247 - INFO - Downloading 001795 (대한제당우)...
2026-01-05 12:42:28,318 - INFO - Success 001795
2026-01-05 12:42:28,318 - INFO - Downloading 550099 (N2 레버리지 천연가스 선물 ETN)...
2026-01-05 12:42:28,356 - WARNING - Empty data for 550099
2026-01-05 12:42:28,356 - INFO - Downloading 280320 (ACE 미국IT인터넷(합성 H))...
2026-01-05 12:42:28,420 - ERROR - Error downloading 0094M0: 404 Client Error: Not Found for url: https://query2.finance.yahoo.com/v8/finance/chart/0094M0?period1=-32400&period2=1735570800&interval=1d&includeAdjustedClose=true
2026-01-05 12:42:28,420 - INFO - Downloading 0018Z0 (RISE 미국양자컴퓨팅)...
2026-01-05 12:42:28,420 - INFO - Success 280320
2026-01-05 12:42:28,421 - INFO - Downloading 460660 (RISE 미국S&P배당킹)...
2026-01-05 12:42:28,470 - INFO - Success 460660
2026-01-05 12:42:28,470 - INFO - Downloading 391670 (HK 베스트일레븐액티브)...
2026-01-05 12:42:28,504 - ERROR - Error downloading 0113G0: 404 Client Error: Not Found for url: https://query2.finance.yahoo.com/v8/finance/chart/0113G0?period1=-32400&period2=1735570800&interval=1d&includeAdjustedClose=true
2026-01-05 12:42:28,504 - INFO - Downloading 091220 (TIGER 은행)...
2026-01-05 12:42:28,529 - INFO - Success 391670
2026-01-05 12:42:28,530 - INFO - Downloading 284980 (RISE 200금융)...
2026-01-05 12:42:28,581 - INFO - Success 091220
2026-01-05 12:42:28,581 - INFO - Downloading 219390 (RISE 미국S&P원유생산기업(합성 H))...
2026-01-05 12:42:28,606 - INFO - Success 284980
2026-01-05 12:42:28,606 - INFO - Downloading 433220 (에셋플러스 글로벌대장장이액티브)...
2026-01-05 12:42:28,661 - INFO - Success 219390
2026-01-05 12:42:28,661 - INFO - Downloading 496120 (ACE 코리아밸류업)...
2026-01-05 12:42:28,666 - INFO - Success 433220
2026-01-05 12:42:28,666 - INFO - Downloading 250780 (TIGER 코스닥150선물인버스)...
2026-01-05 12:42:28,705 - ERROR - Error downloading 0018Z0: 404 Client Error: Not Found for url: https://query2.finance.yahoo.com/v8/finance/chart/0018Z0?period1=-32400&period2=1735570800&interval=1d&includeAdjustedClose=true
2026-01-05 12:42:28,707 - INFO - Downloading 290080 (RISE 200고배당커버드콜ATM)...
2026-01-05 12:42:28,708 - INFO - Success 496120
2026-01-05 12:42:28,709 - INFO - Downloading 005725 (넥센우)...
2026-01-05 12:42:28,741 - INFO - Success 250780
2026-01-05 12:42:28,741 - INFO - Downloading 371870 (ACE 차이나항셍테크)...
2026-01-05 12:42:28,776 - INFO - Success 290080
2026-01-05 12:42:28,776 - INFO - Downloading 226980 (KODEX 200 중소형)...
2026-01-05 12:42:28,786 - INFO - Success 005725
2026-01-05 12:42:28,786 - INFO - Downloading 204210 (스타에스엠리츠)...
2026-01-05 12:42:28,797 - INFO - Success 371870
2026-01-05 12:42:28,797 - INFO - Downloading 457700 (KODEX 53-09 국고채액티브)...
2026-01-05 12:42:28,856 - INFO - Success 457700
2026-01-05 12:42:28,856 - INFO - Downloading 0049K0 (ACE 미국배당퀄리티채권혼합50)...
2026-01-05 12:42:28,857 - INFO - Success 226980
2026-01-05 12:42:28,857 - INFO - Downloading 291130 (ACE MSCI멕시코(합성))...
2026-01-05 12:42:28,858 - INFO - Success 204210
2026-01-05 12:42:28,858 - INFO - Downloading 265690 (ACE 러시아MSCI(합성))...
2026-01-05 12:42:28,929 - INFO - Success 291130
2026-01-05 12:42:28,929 - INFO - Downloading 387280 (TIGER 퓨처모빌리티액티브)...
2026-01-05 12:42:28,930 - INFO - Success 265690
2026-01-05 12:42:28,930 - INFO - Downloading 446690 (KODEX 아시아AI반도체exChina액티브)...
2026-01-05 12:42:28,983 - INFO - Success 446690
2026-01-05 12:42:28,983 - INFO - Downloading 530121 (삼성 항셍테크 TR ETN(H) B)...
2026-01-05 12:42:28,985 - INFO - Success 387280
2026-01-05 12:42:28,985 - INFO - Downloading 253290 (RISE 헬스케어채권혼합)...
2026-01-05 12:42:29,036 - INFO - Success 530121
2026-01-05 12:42:29,036 - INFO - Downloading 416090 (ACE 중국과창판STAR50)...
2026-01-05 12:42:29,061 - INFO - Success 253290
2026-01-05 12:42:29,061 - INFO - Downloading 610081 (메리츠 레버리지 멕시코 페소화 ETN)...
2026-01-05 12:42:29,104 - INFO - Success 416090
2026-01-05 12:42:29,104 - INFO - Downloading 0013P0 (RISE 미국은행TOP10)...
2026-01-05 12:42:29,124 - INFO - Success 610081
2026-01-05 12:42:29,124 - INFO - Downloading 570063 (한투 베트남 VN30 선물 ETN(H))...
2026-01-05 12:42:29,180 - INFO - Success 570063
2026-01-05 12:42:29,180 - INFO - Downloading 483330 (ACE 마이크로소프트밸류체인액티브)...
2026-01-05 12:42:29,245 - INFO - Success 483330
2026-01-05 12:42:29,245 - INFO - Downloading 477490 (에셋플러스 글로벌일등기업포커스10액티브)...
2026-01-05 12:42:29,290 - INFO - Success 477490
2026-01-05 12:42:29,290 - INFO - Downloading 0087F0 (ACE 차이나AI빅테크TOP2+액티브)...
2026-01-05 12:42:29,335 - ERROR - Error downloading 0049K0: 404 Client Error: Not Found for url: https://query2.finance.yahoo.com/v8/finance/chart/0049K0?period1=-32400&period2=1735570800&interval=1d&includeAdjustedClose=true
2026-01-05 12:42:29,336 - INFO - Downloading 376410 (TIGER 탄소효율그린뉴딜)...
2026-01-05 12:42:29,390 - INFO - Success 376410
2026-01-05 12:42:29,390 - INFO - Downloading 0086C0 (TIGER 리츠부동산인프라10채권혼합액티브)...
2026-01-05 12:42:29,444 - ERROR - Error downloading 0013P0: 404 Client Error: Not Found for url: https://query2.finance.yahoo.com/v8/finance/chart/0013P0?period1=-32400&period2=1735570800&interval=1d&includeAdjustedClose=true
2026-01-05 12:42:29,445 - INFO - Downloading 469790 (KIWOOM K-테크TOP10)...
2026-01-05 12:42:29,492 - INFO - Success 469790
2026-01-05 12:42:29,492 - INFO - Downloading 461450 (KODEX 코스닥글로벌)...
2026-01-05 12:42:29,540 - INFO - Success 461450
2026-01-05 12:42:29,540 - INFO - Downloading 292500 (SOL KRX300)...
2026-01-05 12:42:29,604 - INFO - Success 292500
2026-01-05 12:42:29,604 - INFO - Downloading 381560 (HANARO Fn전기&수소차)...
2026-01-05 12:42:29,640 - ERROR - Error downloading 0087F0: 404 Client Error: Not Found for url: https://query2.finance.yahoo.com/v8/finance/chart/0087F0?period1=-32400&period2=1735570800&interval=1d&includeAdjustedClose=true
2026-01-05 12:42:29,640 - INFO - Downloading 610025 (메리츠 인버스 2X 미국채10년 ETN(H))...
2026-01-05 12:42:29,659 - INFO - Success 381560
2026-01-05 12:42:29,659 - INFO - Downloading 570085 (한투 블룸버그 인도네시아 대표원자재 ETN)...
2026-01-05 12:42:29,697 - INFO - Success 610025
2026-01-05 12:42:29,697 - INFO - Downloading 276000 (TIGER 글로벌자원생산기업(합성 H))...
2026-01-05 12:42:29,713 - INFO - Success 570085
2026-01-05 12:42:29,713 - INFO - Downloading 465660 (TIGER 일본반도체FACTSET)...
2026-01-05 12:42:29,725 - ERROR - Error downloading 0086C0: 404 Client Error: Not Found for url: https://query2.finance.yahoo.com/v8/finance/chart/0086C0?period1=-32400&period2=1735570800&interval=1d&includeAdjustedClose=true
2026-01-05 12:42:29,726 - INFO - Downloading 292160 (TIGER KRX300)...
2026-01-05 12:42:29,764 - INFO - Success 465660
2026-01-05 12:42:29,765 - INFO - Downloading 0021D0 (ACE TDF2030액티브)...
2026-01-05 12:42:29,766 - INFO - Success 276000
2026-01-05 12:42:29,766 - INFO - Downloading 432840 (HANARO 미국S&P500)...
2026-01-05 12:42:29,791 - INFO - Success 292160
2026-01-05 12:42:29,791 - INFO - Downloading 451600 (PLUS 국고채30년액티브)...
2026-01-05 12:42:29,821 - INFO - Success 432840
2026-01-05 12:42:29,821 - INFO - Downloading 195920 (TIGER 일본TOPIX(합성 H))...
2026-01-05 12:42:29,844 - INFO - Success 451600
2026-01-05 12:42:29,844 - INFO - Downloading 422260 (VITA MZ소비액티브)...
2026-01-05 12:42:29,903 - INFO - Success 422260
2026-01-05 12:42:29,903 - INFO - Downloading 404260 (KODEX 기후변화솔루션)...
2026-01-05 12:42:29,904 - INFO - Success 195920
2026-01-05 12:42:29,904 - INFO - Downloading 446700 (RISE 배터리 리사이클링)...
2026-01-05 12:42:29,958 - INFO - Success 446700
2026-01-05 12:42:29,958 - INFO - Downloading 428560 (KODEX 미국ETF산업Top10 Indxx)...
2026-01-05 12:42:29,958 - INFO - Success 404260
2026-01-05 12:42:29,959 - INFO - Downloading 610095 (메리츠 2X 천연가스 선물 ETN(H))...
2026-01-05 12:42:29,995 - WARNING - Empty data for 610095
2026-01-05 12:42:29,995 - INFO - Downloading 152550 (한국ANKOR유전)...
2026-01-05 12:42:30,015 - INFO - Success 428560
2026-01-05 12:42:30,015 - INFO - Downloading 0094L0 (RISE 차이나테크TOP10위클리타겟커버드콜)...
2026-01-05 12:42:30,046 - ERROR - Error downloading 0021D0: 404 Client Error: Not Found for url: https://query2.finance.yahoo.com/v8/finance/chart/0021D0?period1=-32400&period2=1735570800&interval=1d&includeAdjustedClose=true
2026-01-05 12:42:30,046 - INFO - Downloading 354240 (RISE 미국고정배당우선증권)...
2026-01-05 12:42:30,068 - INFO - Success 152550
2026-01-05 12:42:30,068 - INFO - Downloading 700031 (하나 레버리지 천연가스 선물 ETN(H))...
2026-01-05 12:42:30,103 - WARNING - Empty data for 700031
2026-01-05 12:42:30,104 - INFO - Downloading 0047N0 (PLUS 차이나AI테크TOP10)...
2026-01-05 12:42:30,109 - INFO - Success 354240
2026-01-05 12:42:30,109 - INFO - Downloading 364690 (KODEX 혁신기술테마액티브)...
2026-01-05 12:42:30,167 - INFO - Success 364690
2026-01-05 12:42:30,167 - INFO - Downloading 0115C0 (RISE 미국고배당다우존스TOP10)...
2026-01-05 12:42:30,352 - ERROR - Error downloading 0094L0: 404 Client Error: Not Found for url: https://query2.finance.yahoo.com/v8/finance/chart/0094L0?period1=-32400&period2=1735570800&interval=1d&includeAdjustedClose=true
2026-01-05 12:42:30,352 - INFO - Downloading 520064 (미래에셋 2X 미국채울트라30년 선물 ETN)...
2026-01-05 12:42:30,383 - ERROR - Error downloading 0047N0: 404 Client Error: Not Found for url: https://query2.finance.yahoo.com/v8/finance/chart/0047N0?period1=-32400&period2=1735570800&interval=1d&includeAdjustedClose=true
2026-01-05 12:42:30,384 - INFO - Downloading 700014 (하나 인버스 2X 콩 선물 ETN(H))...
2026-01-05 12:42:30,407 - INFO - Success 520064
2026-01-05 12:42:30,408 - INFO - Downloading 530120 (삼성 나스닥 100 TR ETN)...
2026-01-05 12:42:30,444 - INFO - Success 700014
2026-01-05 12:42:30,444 - INFO - Downloading 159800 (마이티 코스피100)...
2026-01-05 12:42:30,455 - INFO - Success 530120
2026-01-05 12:42:30,455 - INFO - Downloading 337150 (KODEX 200exTOP)...
2026-01-05 12:42:30,509 - ERROR - Error downloading 0115C0: 404 Client Error: Not Found for url: https://query2.finance.yahoo.com/v8/finance/chart/0115C0?period1=-32400&period2=1735570800&interval=1d&includeAdjustedClose=true
2026-01-05 12:42:30,510 - INFO - Downloading 570099 (한투 S&P 인버스 2X 엔달러 선물 ETN(H))...
2026-01-05 12:42:30,524 - INFO - Success 159800
2026-01-05 12:42:30,524 - INFO - Downloading 310080 (RISE 중국MSCI China(H))...
2026-01-05 12:42:30,527 - INFO - Success 337150
2026-01-05 12:42:30,527 - INFO - Downloading 419420 (KODEX 미국클린에너지나스닥)...
2026-01-05 12:42:30,570 - INFO - Success 570099
2026-01-05 12:42:30,570 - INFO - Downloading 138530 (TIGER LG그룹+펀더멘털)...
2026-01-05 12:42:30,580 - INFO - Success 419420
2026-01-05 12:42:30,580 - INFO - Downloading 488200 (KIWOOM K-2차전지북미공급망)...
2026-01-05 12:42:30,595 - INFO - Success 310080
2026-01-05 12:42:30,595 - INFO - Downloading 485810 (TIMEFOLIO 글로벌바이오액티브)...
2026-01-05 12:42:30,630 - INFO - Success 488200
2026-01-05 12:42:30,630 - INFO - Downloading 610039 (메리츠 인버스 미국채30년 ETN(H))...
2026-01-05 12:42:30,641 - INFO - Success 485810
2026-01-05 12:42:30,641 - INFO - Downloading 456250 (KODEX 유럽명품TOP10 STOXX)...
2026-01-05 12:42:30,649 - INFO - Success 138530
2026-01-05 12:42:30,649 - INFO - Downloading 140910 (에이리츠)...
2026-01-05 12:42:30,684 - INFO - Success 610039
2026-01-05 12:42:30,684 - INFO - Downloading 271050 (KODEX WTI원유선물인버스(H))...
2026-01-05 12:42:30,691 - INFO - Success 456250
2026-01-05 12:42:30,691 - INFO - Downloading 131890 (ACE 삼성그룹동일가중)...
2026-01-05 12:42:30,723 - INFO - Success 140910
2026-01-05 12:42:30,723 - INFO - Downloading 463640 (KODEX 미국S&P500유틸리티)...
2026-01-05 12:42:30,753 - INFO - Success 271050
2026-01-05 12:42:30,753 - INFO - Downloading 453630 (KODEX 미국S&P500필수소비재)...
2026-01-05 12:42:30,764 - INFO - Success 131890
2026-01-05 12:42:30,764 - INFO - Downloading 0141S0 (SOL 조선기자재)...
2026-01-05 12:42:30,774 - INFO - Success 463640
2026-01-05 12:42:30,774 - INFO - Downloading 33637L (솔루스첨단소재2우B)...
2026-01-05 12:42:30,808 - INFO - Success 453630
2026-01-05 12:42:30,809 - INFO - Downloading 610072 (메리츠 KAP 레버리지 중국 위안화 ETN)...
2026-01-05 12:42:30,841 - INFO - Success 33637L
2026-01-05 12:42:30,841 - INFO - Downloading 375760 (HANARO 탄소효율그린뉴딜)...
2026-01-05 12:42:30,860 - INFO - Success 610072
2026-01-05 12:42:30,861 - INFO - Downloading 530139 (삼성 iSelect 조선 TOP10 TR ETN)...
2026-01-05 12:42:30,897 - WARNING - Empty data for 530139
2026-01-05 12:42:30,897 - INFO - Downloading 0093B0 (RISE 엔비디아고정테크100)...
2026-01-05 12:42:30,905 - INFO - Success 375760
2026-01-05 12:42:30,905 - INFO - Downloading 0106J0 (대신 KOSPI200인덱스 X클래스)...
2026-01-05 12:42:31,106 - ERROR - Error downloading 0141S0: 404 Client Error: Not Found for url: https://query2.finance.yahoo.com/v8/finance/chart/0141S0?period1=-32400&period2=1735570800&interval=1d&includeAdjustedClose=true
2026-01-05 12:42:31,107 - INFO - Downloading 117690 (TIGER 차이나항셍30)...
2026-01-05 12:42:31,184 - ERROR - Error downloading 0093B0: 404 Client Error: Not Found for url: https://query2.finance.yahoo.com/v8/finance/chart/0093B0?period1=-32400&period2=1735570800&interval=1d&includeAdjustedClose=true
2026-01-05 12:42:31,185 - INFO - Downloading 530123 (삼성 일본니케이225선물 ETN(H))...
2026-01-05 12:42:31,189 - INFO - Success 117690
2026-01-05 12:42:31,189 - INFO - Downloading 0001P0 (마이티 바이오시밀러&CDMO액티브)...
2026-01-05 12:42:31,236 - ERROR - Error downloading 0106J0: 404 Client Error: Not Found for url: https://query2.finance.yahoo.com/v8/finance/chart/0106J0?period1=-32400&period2=1735570800&interval=1d&includeAdjustedClose=true
2026-01-05 12:42:31,237 - INFO - Downloading 530095 (삼성 구리 선물 ETN(H))...
2026-01-05 12:42:31,239 - INFO - Success 530123
2026-01-05 12:42:31,239 - INFO - Downloading 530064 (삼성 인버스 2X 구리 선물 ETN(H))...
2026-01-05 12:42:31,292 - INFO - Success 530095
2026-01-05 12:42:31,292 - INFO - Downloading 289040 (KODEX MSCI KOREA ESG유니버설)...
2026-01-05 12:42:31,302 - INFO - Success 530064
2026-01-05 12:42:31,302 - INFO - Downloading 0008E0 (ACE 미국중심중소형제조업)...
2026-01-05 12:42:31,359 - INFO - Success 289040
2026-01-05 12:42:31,359 - INFO - Downloading 145995 (삼양사우)...
2026-01-05 12:42:31,435 - INFO - Success 145995
2026-01-05 12:42:31,435 - INFO - Downloading 289260 (TIGER MSCI KOREA ESG리더스)...
2026-01-05 12:42:31,499 - INFO - Success 289260
2026-01-05 12:42:31,499 - INFO - Downloading 004255 (NPC우)...
2026-01-05 12:42:31,529 - ERROR - Error downloading 0001P0: 404 Client Error: Not Found for url: https://query2.finance.yahoo.com/v8/finance/chart/0001P0?period1=-32400&period2=1735570800&interval=1d&includeAdjustedClose=true
2026-01-05 12:42:31,529 - INFO - Downloading 610024 (메리츠 인버스 미국채10년 ETN(H))...
2026-01-05 12:42:31,577 - INFO - Success 004255
2026-01-05 12:42:31,577 - INFO - Downloading 337120 (KODEX 멀티팩터)...
2026-01-05 12:42:31,583 - INFO - Success 610024
2026-01-05 12:42:31,583 - INFO - Downloading 266410 (KODEX 필수소비재)...
2026-01-05 12:42:31,636 - ERROR - Error downloading 0008E0: 404 Client Error: Not Found for url: https://query2.finance.yahoo.com/v8/finance/chart/0008E0?period1=-32400&period2=1735570800&interval=1d&includeAdjustedClose=true
2026-01-05 12:42:31,638 - INFO - Downloading 225060 (TIGER 이머징마켓MSCI레버리지(합성 H))...
2026-01-05 12:42:31,643 - INFO - Success 337120
2026-01-05 12:42:31,643 - INFO - Downloading 610009 (메리츠 인버스 국채30년 ETN)...
2026-01-05 12:42:31,657 - INFO - Success 266410
2026-01-05 12:42:31,657 - INFO - Downloading 580050 (KB 차이나 과창판 STAR 50 ETN)...
2026-01-05 12:42:31,696 - INFO - Success 610009
2026-01-05 12:42:31,696 - INFO - Downloading 360150 (KODEX 코스닥150롱코스피200숏선물)...
2026-01-05 12:42:31,719 - INFO - Success 580050
2026-01-05 12:42:31,719 - INFO - Downloading 453660 (KODEX 미국S&P500경기소비재)...
2026-01-05 12:42:31,720 - INFO - Success 225060
2026-01-05 12:42:31,720 - INFO - Downloading 108590 (TREX 200)...
2026-01-05 12:42:31,755 - INFO - Success 360150
2026-01-05 12:42:31,755 - INFO - Downloading 464920 (PLUS 일본반도체소부장)...
2026-01-05 12:42:31,769 - INFO - Success 453660
2026-01-05 12:42:31,769 - INFO - Downloading 760012 (키움 반도체TOP10 ETN)...
2026-01-05 12:42:31,798 - INFO - Success 108590
2026-01-05 12:42:31,798 - INFO - Downloading 38380K (LX홀딩스1우)...
2026-01-05 12:42:31,804 - INFO - Success 464920
2026-01-05 12:42:31,804 - INFO - Downloading 435040 (ACE 글로벌브랜드TOP10)...
2026-01-05 12:42:31,814 - INFO - Success 760012
2026-01-05 12:42:31,814 - INFO - Downloading 427120 (RISE AI플랫폼)...
2026-01-05 12:42:31,861 - INFO - Success 435040
2026-01-05 12:42:31,861 - INFO - Downloading 570074 (한투 S&P 유럽탄소배출권 선물 ETN(H))...
2026-01-05 12:42:31,862 - INFO - Success 38380K
2026-01-05 12:42:31,862 - INFO - Downloading 610080 (메리츠 멕시코 페소화 ETN)...
2026-01-05 12:42:31,875 - INFO - Success 427120
2026-01-05 12:42:31,875 - INFO - Downloading 500063 (신한 인버스 코스닥 150 선물 ETN)...
2026-01-05 12:42:31,914 - INFO - Success 610080
2026-01-05 12:42:31,914 - INFO - Downloading 289250 (TIGER MSCI KOREA ESG유니버설)...
2026-01-05 12:42:31,921 - INFO - Success 570074
2026-01-05 12:42:31,921 - INFO - Downloading 610030 (메리츠 S&P 유럽탄소배출권 선물 ETN(H))...
2026-01-05 12:42:31,927 - INFO - Success 500063
2026-01-05 12:42:31,928 - INFO - Downloading 520040 (미래에셋 인버스 코스닥150 선물 ETN)...
2026-01-05 12:42:31,989 - INFO - Success 520040
2026-01-05 12:42:31,990 - INFO - Success 610030
2026-01-05 12:42:31,990 - INFO - Downloading 0127V0 (KIWOOM 미국S&P500 TOP10&배당다우비중전환)...
2026-01-05 12:42:31,990 - INFO - Downloading 192720 (파워 고배당저변동성)...
2026-01-05 12:42:31,991 - INFO - Success 289250
2026-01-05 12:42:31,991 - INFO - Downloading 404120 (TIMEFOLIO K신재생에너지액티브)...
2026-01-05 12:42:32,057 - INFO - Success 404120
2026-01-05 12:42:32,057 - INFO - Downloading 0090B0 (PLUS K방산소부장)...
2026-01-05 12:42:32,074 - INFO - Success 192720
2026-01-05 12:42:32,074 - INFO - Downloading 137610 (TIGER 농산물선물Enhanced(H))...
2026-01-05 12:42:32,150 - INFO - Success 137610
2026-01-05 12:42:32,150 - INFO - Downloading 0021C0 (ACE 장기자산배분액티브)...
2026-01-05 12:42:32,340 - ERROR - Error downloading 0127V0: 404 Client Error: Not Found for url: https://query2.finance.yahoo.com/v8/finance/chart/0127V0?period1=-32400&period2=1735570800&interval=1d&includeAdjustedClose=true
2026-01-05 12:42:32,340 - INFO - Downloading 500086 (신한 코스닥 150 TR ETN)...
2026-01-05 12:42:32,389 - INFO - Success 500086
2026-01-05 12:42:32,389 - INFO - Downloading 001067 (JW중외제약2우B)...
2026-01-05 12:42:32,400 - ERROR - Error downloading 0090B0: 404 Client Error: Not Found for url: https://query2.finance.yahoo.com/v8/finance/chart/0090B0?period1=-32400&period2=1735570800&interval=1d&includeAdjustedClose=true
2026-01-05 12:42:32,400 - INFO - Downloading 183710 (RISE 주식혼합)...
2026-01-05 12:42:32,465 - INFO - Success 001067
2026-01-05 12:42:32,465 - INFO - Downloading 465670 (TIGER 미국캐시카우100)...
2026-01-05 12:42:32,477 - INFO - Success 183710
2026-01-05 12:42:32,477 - INFO - Downloading 520093 (미래에셋 인버스 2X 은 선물 ETN B)...
2026-01-05 12:42:32,480 - ERROR - Error downloading 0021C0: 404 Client Error: Not Found for url: https://query2.finance.yahoo.com/v8/finance/chart/0021C0?period1=-32400&period2=1735570800&interval=1d&includeAdjustedClose=true
2026-01-05 12:42:32,480 - INFO - Downloading 520085 (미래에셋 -2X 미국 AI TOP3 ETN)...
2026-01-05 12:42:32,514 - WARNING - Empty data for 520093
2026-01-05 12:42:32,515 - INFO - Downloading 580065 (KB 코스닥 150 TR ETN)...
2026-01-05 12:42:32,517 - INFO - Success 465670
2026-01-05 12:42:32,517 - INFO - Downloading 610071 (메리츠 KAP 중국 위안화 ETN)...
2026-01-05 12:42:32,522 - INFO - Success 520085
2026-01-05 12:42:32,522 - INFO - Downloading 140710 (KODEX 운송)...
2026-01-05 12:42:32,557 - INFO - Success 580065
2026-01-05 12:42:32,557 - INFO - Downloading 395150 (KODEX 웹툰&드라마)...
2026-01-05 12:42:32,563 - INFO - Success 610071
2026-01-05 12:42:32,563 - INFO - Downloading 229720 (KODEX KTOP30)...
2026-01-05 12:42:32,599 - INFO - Success 140710
2026-01-05 12:42:32,599 - INFO - Downloading 084695 (대상홀딩스우)...
2026-01-05 12:42:32,621 - INFO - Success 395150
2026-01-05 12:42:32,621 - INFO - Downloading 269370 (TIGER S&P글로벌인프라(합성))...
2026-01-05 12:42:32,635 - INFO - Success 229720
2026-01-05 12:42:32,635 - INFO - Downloading 451150 (에셋플러스 글로벌영에이지액티브)...
2026-01-05 12:42:32,676 - INFO - Success 084695
2026-01-05 12:42:32,676 - INFO - Downloading 261110 (TIGER 미국달러선물레버리지)...
2026-01-05 12:42:32,700 - INFO - Success 451150
2026-01-05 12:42:32,700 - INFO - Downloading 367740 (HANARO Fn5G산업)...
2026-01-05 12:42:32,702 - INFO - Success 269370
2026-01-05 12:42:32,702 - INFO - Downloading 453060 (HANARO KOFR금리액티브(합성))...
2026-01-05 12:42:32,744 - INFO - Success 261110
2026-01-05 12:42:32,744 - INFO - Downloading 104520 (KIWOOM 블루칩)...
2026-01-05 12:42:32,759 - INFO - Success 453060
2026-01-05 12:42:32,759 - INFO - Downloading 760020 (키움 레버리지 리츠부동산인프라 ETN)...
2026-01-05 12:42:32,760 - INFO - Success 367740
2026-01-05 12:42:32,760 - INFO - Downloading 487950 (KODEX 대만테크고배당다우존스)...
2026-01-05 12:42:32,795 - WARNING - Empty data for 760020
2026-01-05 12:42:32,795 - INFO - Downloading 189400 (PLUS 글로벌MSCI(합성 H))...
2026-01-05 12:42:32,807 - INFO - Success 487950
2026-01-05 12:42:32,807 - INFO - Downloading 760006 (키움 KPOP ETN)...
2026-01-05 12:42:32,828 - INFO - Success 104520
2026-01-05 12:42:32,828 - INFO - Downloading 445910 (TIGER MKF배당귀족)...
2026-01-05 12:42:32,852 - INFO - Success 760006
2026-01-05 12:42:32,852 - INFO - Downloading 500080 (신한 S&P 레버리지 유로 선물 ETN(H))...
2026-01-05 12:42:32,874 - INFO - Success 189400
2026-01-05 12:42:32,874 - INFO - Downloading 442550 (RISE TDF2030액티브)...
2026-01-05 12:42:32,888 - INFO - Success 445910
2026-01-05 12:42:32,888 - INFO - Downloading 760021 (키움 코스피200 선물 달러노출 ETN)...
2026-01-05 12:42:32,915 - INFO - Success 500080
2026-01-05 12:42:32,915 - INFO - Downloading 550098 (N2 인버스 2X 코스닥150 선물 ETN)...
2026-01-05 12:42:32,928 - WARNING - Empty data for 760021
2026-01-05 12:42:32,928 - INFO - Downloading 452440 (VITA 밸류알파액티브)...
2026-01-05 12:42:32,929 - INFO - Success 442550
2026-01-05 12:42:32,929 - INFO - Downloading 292770 (KODEX 국채선물3년인버스)...
2026-01-05 12:42:32,952 - WARNING - Empty data for 550098
2026-01-05 12:42:32,952 - INFO - Downloading 610074 (메리츠 미국채10년 ETN)...
2026-01-05 12:42:32,985 - INFO - Success 452440
2026-01-05 12:42:32,985 - INFO - Downloading 304760 (HANARO KRX300)...
2026-01-05 12:42:33,000 - INFO - Success 292770
2026-01-05 12:42:33,006 - INFO - Downloading 0127T0 (KIWOOM 미국S&P500&배당다우존스비중전환)...
2026-01-05 12:42:33,015 - INFO - Success 610074
2026-01-05 12:42:33,015 - INFO - Downloading 463690 (KODEX 미국S&P500커뮤니케이션)...
2026-01-05 12:42:33,073 - INFO - Success 463690
2026-01-05 12:42:33,073 - INFO - Downloading 500078 (신한 S&P 유로 선물 ETN(H))...
2026-01-05 12:42:33,074 - INFO - Success 304760
2026-01-05 12:42:33,075 - INFO - Downloading 760015 (키움 레버리지 바이오TOP10 ETN)...
2026-01-05 12:42:33,119 - INFO - Success 760015
2026-01-05 12:42:33,119 - INFO - Downloading 0120X0 (유진 챔피언중단기크레딧 X클래스)...
2026-01-05 12:42:33,125 - INFO - Success 500078
2026-01-05 12:42:33,125 - INFO - Downloading 610049 (메리츠 국채5년 ETN)...
2026-01-05 12:42:33,177 - INFO - Success 610049
2026-01-05 12:42:33,177 - INFO - Downloading 500028 (신한 인버스 2X 다우존스지수 선물 ETN(H))...
2026-01-05 12:42:33,244 - INFO - Success 500028
2026-01-05 12:42:33,244 - INFO - Downloading 457930 (BNK 미래전략기술액티브)...
2026-01-05 12:42:33,302 - INFO - Success 457930
2026-01-05 12:42:33,302 - INFO - Downloading 000225 (유유제약1우)...
2026-01-05 12:42:33,350 - ERROR - Error downloading 0127T0: 404 Client Error: Not Found for url: https://query2.finance.yahoo.com/v8/finance/chart/0127T0?period1=-32400&period2=1735570800&interval=1d&includeAdjustedClose=true
2026-01-05 12:42:33,350 - INFO - Downloading 395760 (PLUS ESG성장주액티브)...
2026-01-05 12:42:33,379 - INFO - Success 000225
2026-01-05 12:42:33,379 - INFO - Downloading 227830 (PLUS 코스피)...
2026-01-05 12:42:33,405 - ERROR - Error downloading 0120X0: 404 Client Error: Not Found for url: https://query2.finance.yahoo.com/v8/finance/chart/0120X0?period1=-32400&period2=1735570800&interval=1d&includeAdjustedClose=true
2026-01-05 12:42:33,406 - INFO - Downloading 464600 (SOL 자동차소부장Fn)...
2026-01-05 12:42:33,414 - INFO - Success 395760
2026-01-05 12:42:33,414 - INFO - Downloading 395280 (HANARO Fn K-게임)...
2026-01-05 12:42:33,448 - INFO - Success 227830
2026-01-05 12:42:33,448 - INFO - Downloading 520038 (미래에셋 인버스 코스피200 선물 ETN)...
2026-01-05 12:42:33,453 - INFO - Success 464600
2026-01-05 12:42:33,453 - INFO - Downloading 500061 (신한 인버스 코스피 200 선물 ETN)...
2026-01-05 12:42:33,475 - INFO - Success 395280
2026-01-05 12:42:33,475 - INFO - Downloading 0002C0 (에셋플러스 인도일등기업포커스20액티브)...
2026-01-05 12:42:33,506 - INFO - Success 520038
2026-01-05 12:42:33,507 - INFO - Downloading 487910 (ACE 인도컨슈머파워액티브)...
2026-01-05 12:42:33,511 - INFO - Success 500061
2026-01-05 12:42:33,511 - INFO - Downloading 570114 (한투 S&P500 VIX S/T선물 ETN(H) B)...
2026-01-05 12:42:33,552 - INFO - Success 487910
2026-01-05 12:42:33,552 - INFO - Downloading 411540 (SOL 200 Top10)...
2026-01-05 12:42:33,554 - WARNING - Empty data for 570114
2026-01-05 12:42:33,554 - INFO - Downloading 430500 (KIWOOM 물가채KIS)...
2026-01-05 12:42:33,613 - INFO - Success 430500
2026-01-05 12:42:33,613 - INFO - Success 411540
2026-01-05 12:42:33,613 - INFO - Downloading 610045 (메리츠 국채3년 ETN)...
2026-01-05 12:42:33,614 - INFO - Downloading 580032 (KB 레버리지 구리 선물 ETN(H))...
2026-01-05 12:42:33,667 - INFO - Success 610045
2026-01-05 12:42:33,670 - INFO - Downloading 530127 (삼성 미국다우존스 TR ETN)...
2026-01-05 12:42:33,673 - INFO - Success 580032
2026-01-05 12:42:33,673 - INFO - Downloading 004105 (태양금속우)...
2026-01-05 12:42:33,714 - INFO - Success 530127
2026-01-05 12:42:33,714 - INFO - Downloading 580059 (KB 미국채 10년 ETN)...
2026-01-05 12:42:33,750 - INFO - Success 004105
2026-01-05 12:42:33,750 - INFO - Downloading 413930 (WON AI ESG액티브)...
2026-01-05 12:42:33,760 - INFO - Success 580059
2026-01-05 12:42:33,760 - INFO - Downloading 610020 (메리츠 인버스 국채10년 ETN)...
2026-01-05 12:42:33,809 - ERROR - Error downloading 0002C0: 404 Client Error: Not Found for url: https://query2.finance.yahoo.com/v8/finance/chart/0002C0?period1=-32400&period2=1735570800&interval=1d&includeAdjustedClose=true
2026-01-05 12:42:33,810 - INFO - Downloading 500097 (신한 레버리지 Russell 2000 ETN B)...
2026-01-05 12:42:33,817 - INFO - Success 413930
2026-01-05 12:42:33,817 - INFO - Success 610020
2026-01-05 12:42:33,817 - INFO - Downloading 140580 (RISE 우량업종대표주)...
2026-01-05 12:42:33,818 - INFO - Downloading 472720 (TRUSTON 주주가치액티브)...
2026-01-05 12:42:33,847 - WARNING - Empty data for 500097
2026-01-05 12:42:33,848 - INFO - Downloading 610055 (메리츠 3X 레버리지 국채3년 ETN)...
2026-01-05 12:42:33,869 - INFO - Success 472720
2026-01-05 12:42:33,869 - INFO - Downloading 379790 (RISE 유로스탁스50(H))...
2026-01-05 12:42:33,902 - INFO - Success 610055
2026-01-05 12:42:33,902 - INFO - Downloading 760019 (키움 리츠부동산인프라 ETN)...
2026-01-05 12:42:33,904 - INFO - Success 140580
2026-01-05 12:42:33,904 - INFO - Downloading 580060 (KB 레버리지 미국채 10년 ETN)...
2026-01-05 12:42:33,928 - INFO - Success 379790
2026-01-05 12:42:33,928 - INFO - Downloading 00806K (대덕1우)...
2026-01-05 12:42:33,941 - WARNING - Empty data for 760019
2026-01-05 12:42:33,941 - INFO - Downloading 0036Z0 (RISE 미국천연가스밸류체인)...
2026-01-05 12:42:33,949 - INFO - Success 580060
2026-01-05 12:42:33,950 - INFO - Downloading 580055 (KB 블룸버그 레버리지 천연가스 선물 ETN)...
2026-01-05 12:42:33,995 - INFO - Success 00806K
2026-01-05 12:42:33,995 - INFO - Downloading 003075 (코오롱글로벌우)...
2026-01-05 12:42:33,999 - INFO - Success 580055
2026-01-05 12:42:33,999 - INFO - Downloading 228820 (TIGER KTOP30)...
2026-01-05 12:42:34,075 - INFO - Success 003075
2026-01-05 12:42:34,075 - INFO - Downloading 0127R0 (RISE 미국AI클라우드인프라)...
2026-01-05 12:42:34,082 - INFO - Success 228820
2026-01-05 12:42:34,082 - INFO - Downloading 610057 (메리츠 3X 레버리지 국채5년 ETN)...
2026-01-05 12:42:34,142 - INFO - Success 610057
2026-01-05 12:42:34,142 - INFO - Downloading 520046 (미래에셋 레버리지 옥수수 선물 ETN)...
2026-01-05 12:42:34,195 - INFO - Success 520046
2026-01-05 12:42:34,195 - INFO - Downloading 530137 (삼성 KRX 2차전지 TOP10 TR ETN)...
2026-01-05 12:42:34,232 - WARNING - Empty data for 530137
2026-01-05 12:42:34,232 - INFO - Downloading 610077 (메리츠 미국채30년 ETN)...
2026-01-05 12:42:34,286 - INFO - Success 610077
2026-01-05 12:42:34,286 - INFO - Downloading 610093 (메리츠 인버스 3X 일본 국채 10년 ETN)...
2026-01-05 12:42:34,323 - WARNING - Empty data for 610093
2026-01-05 12:42:34,323 - INFO - Downloading 570096 (한투 인버스 2X 일본 엔선물 ETN)...
2026-01-05 12:42:34,354 - ERROR - Error downloading 0127R0: 404 Client Error: Not Found for url: https://query2.finance.yahoo.com/v8/finance/chart/0127R0?period1=-32400&period2=1735570800&interval=1d&includeAdjustedClose=true
2026-01-05 12:42:34,354 - INFO - Downloading 234310 (RISE V&S셀렉트밸류)...
2026-01-05 12:42:34,376 - INFO - Success 570096
2026-01-05 12:42:34,376 - INFO - Downloading 292050 (RISE KRX300)...
2026-01-05 12:42:34,422 - INFO - Success 234310
2026-01-05 12:42:34,422 - INFO - Downloading 476260 (HANARO 반도체핵심공정주도주)...
2026-01-05 12:42:34,445 - INFO - Success 292050
2026-01-05 12:42:34,445 - INFO - Downloading 500079 (신한 S&P 인버스 유로 선물 ETN(H))...
2026-01-05 12:42:34,527 - ERROR - Error downloading 0036Z0: 404 Client Error: Not Found for url: https://query2.finance.yahoo.com/v8/finance/chart/0036Z0?period1=-32400&period2=1735570800&interval=1d&includeAdjustedClose=true
2026-01-05 12:42:34,528 - INFO - Downloading 610083 (메리츠 레버리지 인도 루피화 ETN)...
2026-01-05 12:42:34,532 - INFO - Success 476260
2026-01-05 12:42:34,532 - INFO - Downloading 610082 (메리츠 인도 루피화 ETN)...
2026-01-05 12:42:34,576 - INFO - Success 610083
2026-01-05 12:42:34,576 - INFO - Downloading 610070 (메리츠 KAP 인버스 2X 일본 엔화 ETN)...
2026-01-05 12:42:34,578 - INFO - Success 500079
2026-01-05 12:42:34,578 - INFO - Downloading 530114 (삼성 인버스 2X S&P500 선물 ETN)...
2026-01-05 12:42:34,583 - INFO - Success 610082
2026-01-05 12:42:34,583 - INFO - Downloading 580063 (KB 레버리지 미국채 10년 선물 ETN)...
2026-01-05 12:42:34,621 - INFO - Success 610070
2026-01-05 12:42:34,622 - INFO - Downloading 230480 (KIWOOM 미국달러선물인버스2X)...
2026-01-05 12:42:34,625 - INFO - Success 580063
2026-01-05 12:42:34,626 - INFO - Downloading 253280 (RISE 헬스케어)...
2026-01-05 12:42:34,630 - INFO - Success 530114
2026-01-05 12:42:34,630 - INFO - Downloading 610086 (메리츠 인버스2X 미국채30년 스트립 ETN(H))...
2026-01-05 12:42:34,667 - WARNING - Empty data for 610086
2026-01-05 12:42:34,667 - INFO - Downloading 510016 (대신 천연가스 선물 ETN(H))...
2026-01-05 12:42:34,707 - INFO - Success 253280
2026-01-05 12:42:34,707 - INFO - Downloading 460270 (KIWOOM 미국달러SOFR금리액티브(합성))...
2026-01-05 12:42:34,708 - INFO - Success 230480
2026-01-05 12:42:34,708 - INFO - Downloading 550043 (N2 인버스 레버리지 WTI원유 선물 ETN(H))...
2026-01-05 12:42:34,733 - INFO - Success 510016
2026-01-05 12:42:34,733 - INFO - Downloading 251590 (PLUS 고배당저변동50)...
2026-01-05 12:42:34,756 - INFO - Success 460270
2026-01-05 12:42:34,756 - INFO - Downloading 580061 (KB 미국채 30년 ETN)...
2026-01-05 12:42:34,776 - INFO - Success 550043
2026-01-05 12:42:34,776 - INFO - Downloading 225800 (KIWOOM 미국달러선물레버리지)...
2026-01-05 12:42:34,801 - INFO - Success 580061
2026-01-05 12:42:34,801 - INFO - Downloading 466810 (BNK 2차전지양극재)...
2026-01-05 12:42:34,807 - INFO - Success 251590
2026-01-05 12:42:34,807 - INFO - Downloading 610051 (메리츠 인버스 국채5년 ETN)...
2026-01-05 12:42:34,850 - INFO - Success 466810
2026-01-05 12:42:34,850 - INFO - Downloading 610068 (메리츠 KAP 일본 엔화 ETN)...
2026-01-05 12:42:34,851 - INFO - Success 225800
2026-01-05 12:42:34,851 - INFO - Downloading 610059 (메리츠 3X 레버리지 국채10년 ETN)...
2026-01-05 12:42:34,861 - INFO - Success 610051
2026-01-05 12:42:34,861 - INFO - Downloading 295000 (RISE 국채선물10년)...
2026-01-05 12:42:34,898 - INFO - Success 610068
2026-01-05 12:42:34,898 - INFO - Downloading 494340 (ACE 글로벌AI맞춤형반도체)...
2026-01-05 12:42:34,905 - INFO - Success 610059
2026-01-05 12:42:34,905 - INFO - Downloading 215620 (HK S&P코리아로우볼)...
2026-01-05 12:42:34,924 - INFO - Success 295000
2026-01-05 12:42:34,924 - INFO - Downloading 530132 (삼성 블룸버그 WTI원유 선물 ETN B)...
2026-01-05 12:42:34,944 - INFO - Success 494340
2026-01-05 12:42:34,944 - INFO - Downloading 480460 (WON 한국부동산TOP3플러스)...
2026-01-05 12:42:34,961 - WARNING - Empty data for 530132
2026-01-05 12:42:34,961 - INFO - Downloading 004835 (덕성우)...
2026-01-05 12:42:34,981 - INFO - Success 215620
2026-01-05 12:42:34,981 - INFO - Downloading 006345 (대원전선우)...
2026-01-05 12:42:34,992 - INFO - Success 480460
2026-01-05 12:42:34,992 - INFO - Downloading 391600 (ACE 미국친환경그린테마)...
2026-01-05 12:42:35,038 - INFO - Success 004835
2026-01-05 12:42:35,038 - INFO - Downloading 496130 (TRUSTON 코리아밸류업액티브)...
2026-01-05 12:42:35,055 - INFO - Success 391600
2026-01-05 12:42:35,055 - INFO - Downloading 610092 (메리츠 인버스 일본 국채 10년 ETN)...
2026-01-05 12:42:35,057 - INFO - Success 006345
2026-01-05 12:42:35,057 - INFO - Downloading 580064 (KB 인버스 2X 미국채 10년 선물 ETN)...
2026-01-05 12:42:35,081 - INFO - Success 496130
2026-01-05 12:42:35,081 - INFO - Downloading 281990 (RISE 중소형고배당)...
2026-01-05 12:42:35,095 - WARNING - Empty data for 610092
2026-01-05 12:42:35,095 - INFO - Downloading 269530 (PLUS S&P글로벌인프라)...
2026-01-05 12:42:35,109 - INFO - Success 580064
2026-01-05 12:42:35,110 - INFO - Downloading 012205 (계양전기우)...
2026-01-05 12:42:35,146 - INFO - Success 281990
2026-01-05 12:42:35,146 - INFO - Downloading 610087 (메리츠 솔랙티브 WTI원유 선물 ETN(H))...
2026-01-05 12:42:35,165 - INFO - Success 269530
2026-01-05 12:42:35,165 - INFO - Downloading 510015 (대신 밀 선물 ETN(H))...
2026-01-05 12:42:35,257 - WARNING - Empty data for 610087
2026-01-05 12:42:35,257 - INFO - Downloading 390400 (KODEX 미국스마트모빌리티S&P)...
2026-01-05 12:42:35,279 - INFO - Success 012205
2026-01-05 12:42:35,279 - INFO - Downloading 487920 (ACE 인도시장대표BIG5그룹액티브)...
2026-01-05 12:42:35,284 - INFO - Success 510015
2026-01-05 12:42:35,284 - INFO - Downloading 429740 (PLUS K리츠)...
2026-01-05 12:42:35,364 - INFO - Success 487920
2026-01-05 12:42:35,364 - INFO - Downloading 451670 (RISE 국채30년레버리지(합성))...
2026-01-05 12:42:35,365 - INFO - Success 390400
2026-01-05 12:42:35,366 - INFO - Downloading 484890 (SOL 머니마켓액티브)...
2026-01-05 12:42:35,467 - INFO - Success 429740
2026-01-05 12:42:35,467 - INFO - Downloading 610056 (메리츠 인버스 3X 국채3년 ETN)...
2026-01-05 12:42:35,511 - INFO - Success 484890
2026-01-05 12:42:35,511 - INFO - Downloading 510027 (대신 인버스 2X 코스닥 150 선물 ETN)...
2026-01-05 12:42:35,513 - INFO - Success 451670
2026-01-05 12:42:35,514 - INFO - Downloading 500081 (신한 S&P 인버스 2X 유로 선물 ETN(H))...
2026-01-05 12:42:35,528 - INFO - Success 610056
2026-01-05 12:42:35,528 - INFO - Downloading 610058 (메리츠 인버스 3X 국채5년 ETN)...
2026-01-05 12:42:35,568 - INFO - Success 500081
2026-01-05 12:42:35,568 - INFO - Downloading 530142 (삼성 중국 AI 테크 TOP5 TR ETN(H))...
2026-01-05 12:42:35,569 - INFO - Success 510027
2026-01-05 12:42:35,569 - INFO - Downloading 341850 (TIGER 리츠부동산인프라채권)...
2026-01-05 12:42:35,588 - INFO - Success 610058
2026-01-05 12:42:35,588 - INFO - Downloading 580044 (KB 인버스 2X KOSDAQ 150 선물 ETN)...
2026-01-05 12:42:35,614 - WARNING - Empty data for 530142
2026-01-05 12:42:35,614 - INFO - Downloading 610079 (메리츠 인버스 3X 미국채30년 ETN)...
2026-01-05 12:42:35,634 - INFO - Success 341850
2026-01-05 12:42:35,634 - INFO - Downloading 404650 (SOL KRX기후변화솔루션)...
2026-01-05 12:42:35,642 - INFO - Success 580044
2026-01-05 12:42:35,642 - INFO - Downloading 001755 (한양증권우)...
2026-01-05 12:42:35,660 - INFO - Success 610079
2026-01-05 12:42:35,660 - INFO - Downloading 385710 (TIMEFOLIO K이노베이션액티브)...
2026-01-05 12:42:35,690 - INFO - Success 404650
2026-01-05 12:42:35,690 - INFO - Downloading 001065 (JW중외제약우)...
2026-01-05 12:42:35,717 - INFO - Success 001755
2026-01-05 12:42:35,717 - INFO - Downloading 0082F0 (HANARO 유럽방산)...
2026-01-05 12:42:35,775 - INFO - Success 001065
2026-01-05 12:42:35,775 - INFO - Downloading 530141 (삼성 중국 자동차 TOP5 TR ETN(H))...
2026-01-05 12:42:35,810 - WARNING - Empty data for 530141
2026-01-05 12:42:35,810 - INFO - Downloading 0084D0 (KIWOOM 미국테크100월간목표헤지액티브)...
2026-01-05 12:42:36,013 - ERROR - Error downloading 0082F0: 404 Client Error: Not Found for url: https://query2.finance.yahoo.com/v8/finance/chart/0082F0?period1=-32400&period2=1735570800&interval=1d&includeAdjustedClose=true
2026-01-05 12:42:36,013 - INFO - Downloading 307510 (TIGER 의료기기)...
2026-01-05 12:42:36,098 - INFO - Success 307510
2026-01-05 12:42:36,098 - INFO - Downloading 285690 (FOCUS ESG리더스)...
2026-01-05 12:42:36,171 - INFO - Success 285690
2026-01-05 12:42:36,172 - INFO - Downloading 550095 (N2 레버리지 국채10년 ETN)...
2026-01-05 12:42:36,229 - INFO - Success 550095
2026-01-05 12:42:36,229 - INFO - Downloading 580035 (KB S&P 유럽탄소배출권 선물 ETN(H))...
2026-01-05 12:42:36,299 - ERROR - Error downloading 0084D0: 404 Client Error: Not Found for url: https://query2.finance.yahoo.com/v8/finance/chart/0084D0?period1=-32400&period2=1735570800&interval=1d&includeAdjustedClose=true
2026-01-05 12:42:36,301 - INFO - Downloading 280920 (PLUS 주도업종)...
2026-01-05 12:42:36,305 - INFO - Success 580035
2026-01-05 12:42:36,305 - INFO - Downloading 181480 (ACE 미국부동산리츠(합성 H))...
2026-01-05 12:42:36,387 - INFO - Success 280920
2026-01-05 12:42:36,387 - INFO - Downloading 0078V0 (PLUS 미국로보택시)...
2026-01-05 12:42:36,390 - INFO - Success 181480
2026-01-05 12:42:36,390 - INFO - Downloading 0053M0 (더제이 중소형포커스액티브)...
2026-01-05 12:42:36,677 - ERROR - Error downloading 0053M0: 404 Client Error: Not Found for url: https://query2.finance.yahoo.com/v8/finance/chart/0053M0?period1=-32400&period2=1735570800&interval=1d&includeAdjustedClose=true
2026-01-05 12:42:36,677 - INFO - Downloading 0102X0 (ACE 유럽방산TOP10)...
2026-01-05 12:42:36,720 - ERROR - Error downloading 0078V0: 404 Client Error: Not Found for url: https://query2.finance.yahoo.com/v8/finance/chart/0078V0?period1=-32400&period2=1735570800&interval=1d&includeAdjustedClose=true
2026-01-05 12:42:36,721 - INFO - Downloading 373490 (KODEX 코리아혁신성장액티브)...
2026-01-05 12:42:36,789 - INFO - Success 373490
2026-01-05 12:42:36,789 - INFO - Downloading 449680 (TIGER 한중전기차(합성))...
2026-01-05 12:42:36,848 - INFO - Success 449680
2026-01-05 12:42:36,848 - INFO - Downloading 580019 (KB 인버스 2X 항셍테크 선물 ETN)...
2026-01-05 12:42:36,916 - INFO - Success 580019
2026-01-05 12:42:36,916 - INFO - Downloading 610090 (메리츠 일본 국채 10년 ETN)...
2026-01-05 12:42:36,955 - WARNING - Empty data for 610090
2026-01-05 12:42:36,955 - INFO - Downloading 610060 (메리츠 인버스 3X 국채10년 ETN)...
2026-01-05 12:42:36,968 - ERROR - Error downloading 0102X0: 404 Client Error: Not Found for url: https://query2.finance.yahoo.com/v8/finance/chart/0102X0?period1=-32400&period2=1735570800&interval=1d&includeAdjustedClose=true
2026-01-05 12:42:36,968 - INFO - Downloading 0073X0 (FOCUS 알리바바미국채커버드콜혼합)...
2026-01-05 12:42:37,009 - INFO - Success 610060
2026-01-05 12:42:37,009 - INFO - Downloading 500098 (신한 인버스 2X Russell 2000 ETN B)...
2026-01-05 12:42:37,046 - WARNING - Empty data for 500098
2026-01-05 12:42:37,046 - INFO - Downloading 610035 (메리츠 레버리지 대표 농산물 선물 ETN(H))...
2026-01-05 12:42:37,103 - INFO - Success 610035
2026-01-05 12:42:37,103 - INFO - Downloading 244620 (KODEX 모멘텀Plus)...
2026-01-05 12:42:37,177 - INFO - Success 244620
2026-01-05 12:42:37,177 - INFO - Downloading 279540 (KODEX 최소변동성)...
2026-01-05 12:42:37,245 - INFO - Success 279540
2026-01-05 12:42:37,245 - INFO - Downloading 0120J0 (BNK 카카오그룹포커스)...
2026-01-05 12:42:37,513 - ERROR - Error downloading 0073X0: 404 Client Error: Not Found for url: https://query2.finance.yahoo.com/v8/finance/chart/0073X0?period1=-32400&period2=1735570800&interval=1d&includeAdjustedClose=true
2026-01-05 12:42:37,513 - INFO - Downloading 610084 (메리츠 미국채30년 스트립 ETN(H))...
2026-01-05 12:42:37,533 - ERROR - Error downloading 0120J0: 404 Client Error: Not Found for url: https://query2.finance.yahoo.com/v8/finance/chart/0120J0?period1=-32400&period2=1735570800&interval=1d&includeAdjustedClose=true
2026-01-05 12:42:37,533 - INFO - Downloading 570094 (한투 일본 엔선물 ETN C)...
2026-01-05 12:42:37,555 - WARNING - Empty data for 610084
2026-01-05 12:42:37,555 - INFO - Downloading 610076 (메리츠 인버스 3X 미국채10년 ETN)...
2026-01-05 12:42:37,589 - INFO - Success 570094
2026-01-05 12:42:37,589 - INFO - Downloading 0131A0 (SOL 차이나소비트렌드)...
2026-01-05 12:42:37,610 - INFO - Success 610076
2026-01-05 12:42:37,610 - INFO - Downloading 700033 (하나 K방산TOP10 ETN)...
2026-01-05 12:42:37,645 - WARNING - Empty data for 700033
2026-01-05 12:42:37,645 - INFO - Downloading 424460 (HANARO 글로벌워터MSCI(합성))...
2026-01-05 12:42:37,700 - INFO - Success 424460
2026-01-05 12:42:37,700 - INFO - Downloading 001515 (SK증권우)...
2026-01-05 12:42:37,775 - INFO - Success 001515
2026-01-05 12:42:37,775 - INFO - Downloading 580062 (KB 레버리지 미국채 30년 ETN)...
2026-01-05 12:42:37,823 - INFO - Success 580062
2026-01-05 12:42:37,823 - INFO - Downloading 399580 (RISE 글로벌클린에너지)...
2026-01-05 12:42:37,881 - INFO - Success 399580
2026-01-05 12:42:37,881 - INFO - Downloading 404540 (TIGER KRX기후변화솔루션)...
2026-01-05 12:42:37,923 - ERROR - Error downloading 0131A0: 404 Client Error: Not Found for url: https://query2.finance.yahoo.com/v8/finance/chart/0131A0?period1=-32400&period2=1735570800&interval=1d&includeAdjustedClose=true
2026-01-05 12:42:37,924 - INFO - Downloading 375270 (RISE 글로벌데이터센터리츠(합성))...
2026-01-05 12:42:37,938 - INFO - Success 404540
2026-01-05 12:42:37,938 - INFO - Downloading 497520 (ACE 일라이릴리밸류체인)...
2026-01-05 12:42:37,979 - INFO - Success 497520
2026-01-05 12:42:37,979 - INFO - Downloading 252000 (TIGER 200동일가중)...
2026-01-05 12:42:37,989 - INFO - Success 375270
2026-01-05 12:42:37,989 - INFO - Downloading 700011 (하나 레버리지 옥수수 선물 ETN(H))...
2026-01-05 12:42:38,050 - INFO - Success 700011
2026-01-05 12:42:38,051 - INFO - Downloading 570109 (한투 레버리지미국채30년 ETN)...
2026-01-05 12:42:38,054 - INFO - Success 252000
2026-01-05 12:42:38,054 - INFO - Downloading 610094 (메리츠 천연가스 선물 ETN(H))...
2026-01-05 12:42:38,099 - WARNING - Empty data for 610094
2026-01-05 12:42:38,099 - INFO - Downloading 550096 (N2 레버리지 국채30년 ETN)...
2026-01-05 12:42:38,106 - INFO - Success 570109
2026-01-05 12:42:38,106 - INFO - Downloading 520084 (미래에셋 -2X 미국 자율주행대표기업 ETN)...
2026-01-05 12:42:38,149 - INFO - Success 550096
2026-01-05 12:42:38,149 - INFO - Downloading 217780 (TIGER 차이나CSI300인버스(합성))...
2026-01-05 12:42:38,154 - INFO - Success 520084
2026-01-05 12:42:38,154 - INFO - Downloading 483020 (KIWOOM 의료AI)...
2026-01-05 12:42:38,198 - INFO - Success 483020
2026-01-05 12:42:38,198 - INFO - Downloading 474800 (KIWOOM 미국원유에너지기업)...
2026-01-05 12:42:38,228 - INFO - Success 217780
2026-01-05 12:42:38,228 - INFO - Downloading 462340 (에셋플러스 글로벌다이나믹시니어액티브)...
2026-01-05 12:42:38,244 - INFO - Success 474800
2026-01-05 12:42:38,244 - INFO - Downloading 610091 (메리츠 3X 레버리지 일본 국채 10년 ETN)...
2026-01-05 12:42:38,277 - INFO - Success 462340
2026-01-05 12:42:38,277 - INFO - Downloading 166400 (TIGER 200커버드콜OTM)...
2026-01-05 12:42:38,280 - WARNING - Empty data for 610091
2026-01-05 12:42:38,280 - INFO - Downloading 488290 (마이다스 일본테크액티브)...
2026-01-05 12:42:38,330 - INFO - Success 488290
2026-01-05 12:42:38,330 - INFO - Downloading 570111 (한투 3X레버리지미국채30년 ETN)...
2026-01-05 12:42:38,356 - INFO - Success 166400
2026-01-05 12:42:38,356 - INFO - Downloading 494210 (SOL 미국500타겟데일리커버드콜액티브)...
2026-01-05 12:42:38,378 - INFO - Success 570111
2026-01-05 12:42:38,378 - INFO - Downloading 0005C0 (RISE 미국S&P500엔화노출(합성 H))...
2026-01-05 12:42:38,400 - INFO - Success 494210
2026-01-05 12:42:38,400 - INFO - Downloading 570108 (한투 레버리지국채30년 ETN)...
2026-01-05 12:42:38,443 - INFO - Success 570108
2026-01-05 12:42:38,443 - INFO - Downloading 580051 (KB 레버리지 밀 선물 ETN)...
2026-01-05 12:42:38,492 - INFO - Success 580051
2026-01-05 12:42:38,492 - INFO - Downloading 368680 (KODEX K-뉴딜디지털플러스)...
2026-01-05 12:42:38,554 - INFO - Success 368680
2026-01-05 12:42:38,554 - INFO - Downloading 530125 (삼성 인버스 2X 일본니케이225선물 ETN(H))...
2026-01-05 12:42:38,606 - INFO - Success 530125
2026-01-05 12:42:38,606 - INFO - Downloading 497510 (ACE 글로벌빅파마)...
2026-01-05 12:42:38,651 - INFO - Success 497510
2026-01-05 12:42:38,651 - INFO - Downloading 469160 (ACE 일본반도체)...
2026-01-05 12:42:38,702 - INFO - Success 469160
2026-01-05 12:42:38,702 - INFO - Downloading 429010 (TIGER 미국나스닥넥스트100)...
2026-01-05 12:42:38,760 - INFO - Success 429010
2026-01-05 12:42:38,760 - INFO - Downloading 461580 (TIGER 코스닥글로벌)...
2026-01-05 12:42:38,811 - INFO - Success 461580
2026-01-05 12:42:38,811 - INFO - Downloading 174350 (TIGER 로우볼)...
2026-01-05 12:42:38,906 - INFO - Success 174350
2026-01-05 12:42:38,906 - INFO - Downloading 261060 (TIGER 코스닥150IT)...
2026-01-05 12:42:38,911 - ERROR - Error downloading 0005C0: 404 Client Error: Not Found for url: https://query2.finance.yahoo.com/v8/finance/chart/0005C0?period1=-32400&period2=1735570800&interval=1d&includeAdjustedClose=true
2026-01-05 12:42:38,912 - INFO - Downloading 0015E0 (KIWOOM 엔비디아미국30년국채혼합액티브(H))...
2026-01-05 12:42:38,980 - INFO - Success 261060
2026-01-05 12:42:38,981 - INFO - Downloading 0138D0 (RISE 동학개미)...
2026-01-05 12:42:39,198 - ERROR - Error downloading 0015E0: 404 Client Error: Not Found for url: https://query2.finance.yahoo.com/v8/finance/chart/0015E0?period1=-32400&period2=1735570800&interval=1d&includeAdjustedClose=true
2026-01-05 12:42:39,198 - INFO - Downloading 499150 (SOL 미국S&P500엔화노출(H))...
2026-01-05 12:42:39,247 - INFO - Success 499150
2026-01-05 12:42:39,247 - INFO - Downloading 570101 (한투 인버스 나스닥100 ETN B)...
2026-01-05 12:42:39,265 - ERROR - Error downloading 0138D0: 404 Client Error: Not Found for url: https://query2.finance.yahoo.com/v8/finance/chart/0138D0?period1=-32400&period2=1735570800&interval=1d&includeAdjustedClose=true
2026-01-05 12:42:39,265 - INFO - Downloading 490330 (KoAct 미국치매&뇌질환치료제액티브)...
2026-01-05 12:42:39,295 - INFO - Success 570101
2026-01-05 12:42:39,295 - INFO - Downloading 530135 (삼성 인버스 China A50 선물 ETN(H) B)...
2026-01-05 12:42:39,312 - INFO - Success 490330
2026-01-05 12:42:39,312 - INFO - Downloading 570092 (한투 인버스 2X 유로스탁스50 ETN(H) B)...
2026-01-05 12:42:39,333 - WARNING - Empty data for 530135
2026-01-05 12:42:39,333 - INFO - Downloading 004985 (성신양회우)...
2026-01-05 12:42:39,374 - INFO - Success 570092
2026-01-05 12:42:39,374 - INFO - Downloading 435550 (KIWOOM TDF2050액티브)...
2026-01-05 12:42:39,415 - INFO - Success 004985
2026-01-05 12:42:39,415 - INFO - Downloading 0114X0 (RISE 글로벌게임테크TOP3Plus)...
2026-01-05 12:42:39,431 - INFO - Success 435550
2026-01-05 12:42:39,431 - INFO - Downloading 182490 (TIGER 단기선진하이일드(합성 H))...
2026-01-05 12:42:39,513 - INFO - Success 182490
2026-01-05 12:42:39,513 - INFO - Downloading 0132D0 (KoAct 글로벌K컬처밸류체인액티브)...
2026-01-05 12:42:39,754 - ERROR - Error downloading 0114X0: 404 Client Error: Not Found for url: https://query2.finance.yahoo.com/v8/finance/chart/0114X0?period1=-32400&period2=1735570800&interval=1d&includeAdjustedClose=true
2026-01-05 12:42:39,754 - INFO - Downloading 237440 (TIGER 경기방어채권혼합)...
2026-01-05 12:42:39,823 - INFO - Success 237440
2026-01-05 12:42:39,823 - INFO - Downloading 380340 (ACE 코리아AI테크핵심산업)...
2026-01-05 12:42:39,846 - ERROR - Error downloading 0132D0: 404 Client Error: Not Found for url: https://query2.finance.yahoo.com/v8/finance/chart/0132D0?period1=-32400&period2=1735570800&interval=1d&includeAdjustedClose=true
2026-01-05 12:42:39,846 - INFO - Downloading 760024 (키움 인버스 2X K방산 TOP5 ETN)...
2026-01-05 12:42:39,881 - WARNING - Empty data for 760024
2026-01-05 12:42:39,881 - INFO - Downloading 760014 (키움 바이오TOP10 ETN)...
2026-01-05 12:42:39,882 - INFO - Success 380340
2026-01-05 12:42:39,882 - INFO - Downloading 00781K (코리아써키트2우B)...
2026-01-05 12:42:39,924 - INFO - Success 760014
2026-01-05 12:42:39,924 - INFO - Downloading 435540 (KIWOOM TDF2040액티브)...
2026-01-05 12:42:39,956 - INFO - Success 00781K
2026-01-05 12:42:39,956 - INFO - Downloading 570097 (한투 S&P 엔달러 선물 ETN(H))...
2026-01-05 12:42:39,981 - INFO - Success 435540
2026-01-05 12:42:39,981 - INFO - Downloading 489010 (PLUS 글로벌AI인프라)...
2026-01-05 12:42:40,009 - INFO - Success 570097
2026-01-05 12:42:40,010 - INFO - Downloading 610034 (메리츠 대표 농산물 선물 ETN(H))...
2026-01-05 12:42:40,026 - INFO - Success 489010
2026-01-05 12:42:40,026 - INFO - Downloading 570073 (한투 인버스 2X 구리 선물 ETN)...
2026-01-05 12:42:40,070 - INFO - Success 610034
2026-01-05 12:42:40,070 - INFO - Downloading 488480 (RISE 일본섹터TOP4Plus)...
2026-01-05 12:42:40,085 - INFO - Success 570073
2026-01-05 12:42:40,086 - INFO - Downloading 510043 (대신 인버스 천연가스 선물 ETN(H) B)...
2026-01-05 12:42:40,124 - INFO - Success 488480
2026-01-05 12:42:40,124 - INFO - Downloading 570095 (한투 레버리지 일본 엔선물 ETN C)...
2026-01-05 12:42:40,143 - INFO - Success 510043
2026-01-05 12:42:40,143 - INFO - Downloading 400590 (SOL 글로벌탄소배출권선물ICE(합성))...
2026-01-05 12:42:40,176 - INFO - Success 570095
2026-01-05 12:42:40,176 - INFO - Downloading 610073 (메리츠 KAP 인버스 2X 중국 위안화 ETN)...
2026-01-05 12:42:40,198 - INFO - Success 400590
2026-01-05 12:42:40,198 - INFO - Downloading 252650 (KODEX 200동일가중)...
2026-01-05 12:42:40,228 - INFO - Success 610073
2026-01-05 12:42:40,228 - INFO - Downloading 227570 (TIGER 우량가치)...
2026-01-05 12:42:40,262 - INFO - Success 252650
2026-01-05 12:42:40,263 - INFO - Downloading 270800 (RISE KQ고배당)...
2026-01-05 12:42:40,305 - INFO - Success 227570
2026-01-05 12:42:40,305 - INFO - Downloading 277650 (TIGER 코스피중형주)...
2026-01-05 12:42:40,330 - INFO - Success 270800
2026-01-05 12:42:40,330 - INFO - Downloading 252420 (RISE 200선물인버스2X)...
2026-01-05 12:42:40,367 - INFO - Success 277650
2026-01-05 12:42:40,367 - INFO - Downloading 266550 (PLUS 중형주저변동50)...
2026-01-05 12:42:40,397 - INFO - Success 252420
2026-01-05 12:42:40,397 - INFO - Downloading 500068 (신한 인버스 2X 10년 국채선물 ETN)...
2026-01-05 12:42:40,431 - INFO - Success 266550
2026-01-05 12:42:40,431 - INFO - Downloading 0079X0 (ACE BYD밸류체인액티브)...
2026-01-05 12:42:40,447 - INFO - Success 500068
2026-01-05 12:42:40,447 - INFO - Downloading 26490K (크라운제과우)...
2026-01-05 12:42:40,520 - INFO - Success 26490K
2026-01-05 12:42:40,520 - INFO - Downloading 219900 (ACE 중국본토CSI300레버리지(합성))...
2026-01-05 12:42:40,588 - INFO - Success 219900
2026-01-05 12:42:40,588 - INFO - Downloading 530056 (삼성 인버스 2X 금 선물 ETN(H))...
2026-01-05 12:42:40,661 - INFO - Success 530056
2026-01-05 12:42:40,661 - INFO - Downloading 500036 (신한 인버스 2X 미국달러 선물 ETN)...
2026-01-05 12:42:40,732 - INFO - Success 500036
2026-01-05 12:42:40,732 - INFO - Downloading 610067 (메리츠 블룸버그 2X 천연가스선물 ETN(H) B)...
2026-01-05 12:42:40,764 - ERROR - Error downloading 0079X0: 404 Client Error: Not Found for url: https://query2.finance.yahoo.com/v8/finance/chart/0079X0?period1=-32400&period2=1735570800&interval=1d&includeAdjustedClose=true
2026-01-05 12:42:40,764 - INFO - Downloading 489860 (KIWOOM 글로벌전력GRID인프라)...
2026-01-05 12:42:40,783 - INFO - Success 610067
2026-01-05 12:42:40,784 - INFO - Downloading 429980 (SOL 한국형글로벌전기차&2차전지액티브)...
2026-01-05 12:42:40,814 - INFO - Success 489860
2026-01-05 12:42:40,814 - INFO - Downloading 105010 (TIGER 라틴35)...
2026-01-05 12:42:40,841 - INFO - Success 429980
2026-01-05 12:42:40,841 - INFO - Downloading 530060 (삼성 코스피 양매도 5% OTM ETN)...
2026-01-05 12:42:40,891 - INFO - Success 105010
2026-01-05 12:42:40,891 - INFO - Downloading 450180 (KODEX 한중전기차(합성))...
2026-01-05 12:42:40,913 - INFO - Success 530060
2026-01-05 12:42:40,913 - INFO - Downloading 000325 (노루홀딩스우)...
2026-01-05 12:42:40,953 - INFO - Success 450180
2026-01-05 12:42:40,954 - INFO - Downloading 500067 (신한 레버리지 10년 국채선물 ETN)...
2026-01-05 12:42:40,997 - INFO - Success 000325
2026-01-05 12:42:40,997 - INFO - Downloading 610062 (메리츠 인버스 3X 국채30년 ETN)...
2026-01-05 12:42:41,007 - INFO - Success 500067
2026-01-05 12:42:41,007 - INFO - Downloading 140570 (RISE 수출주)...
2026-01-05 12:42:41,056 - INFO - Success 610062
2026-01-05 12:42:41,056 - INFO - Downloading 435530 (KIWOOM TDF2030액티브)...
2026-01-05 12:42:41,086 - INFO - Success 140570
2026-01-05 12:42:41,086 - INFO - Downloading 316300 (ACE 싱가포르리츠)...
2026-01-05 12:42:41,121 - INFO - Success 435530
2026-01-05 12:42:41,121 - INFO - Downloading 433250 (UNICORN R&D 액티브)...
2026-01-05 12:42:41,155 - INFO - Success 316300
2026-01-05 12:42:41,155 - INFO - Downloading 256450 (PLUS 심천차이넥스트(합성))...
2026-01-05 12:42:41,181 - INFO - Success 433250
2026-01-05 12:42:41,182 - INFO - Downloading 0015K0 (TIGER 미국소비트렌드액티브)...
2026-01-05 12:42:41,227 - INFO - Success 256450
2026-01-05 12:42:41,227 - INFO - Downloading 0004G0 (1Q 미국배당TOP30)...
2026-01-05 12:42:41,510 - ERROR - Error downloading 0004G0: 404 Client Error: Not Found for url: https://query2.finance.yahoo.com/v8/finance/chart/0004G0?period1=-32400&period2=1735570800&interval=1d&includeAdjustedClose=true
2026-01-05 12:42:41,511 - INFO - Downloading 225050 (TIGER 유로스탁스레버리지(합성 H))...
2026-01-05 12:42:41,518 - ERROR - Error downloading 0015K0: 404 Client Error: Not Found for url: https://query2.finance.yahoo.com/v8/finance/chart/0015K0?period1=-32400&period2=1735570800&interval=1d&includeAdjustedClose=true
2026-01-05 12:42:41,518 - INFO - Downloading 530096 (삼성 인버스 구리 선물 ETN(H))...
2026-01-05 12:42:41,580 - INFO - Success 530096
2026-01-05 12:42:41,580 - INFO - Downloading 0128D0 (PLUS 차이나항셍테크위클리타겟커버드콜)...
2026-01-05 12:42:41,598 - INFO - Success 225050
2026-01-05 12:42:41,598 - INFO - Downloading 304670 (KODEX 미국30년국채울트라선물인버스(H))...
2026-01-05 12:42:41,671 - INFO - Success 304670
2026-01-05 12:42:41,671 - INFO - Downloading 438740 (마이다스 중소형액티브)...
2026-01-05 12:42:41,735 - INFO - Success 438740
2026-01-05 12:42:41,735 - INFO - Downloading 315270 (TIGER 200커뮤니케이션서비스)...
2026-01-05 12:42:41,809 - INFO - Success 315270
2026-01-05 12:42:41,809 - INFO - Downloading 570110 (한투 3X레버리지국채30년 ETN)...
2026-01-05 12:42:41,852 - INFO - Success 570110
2026-01-05 12:42:41,852 - INFO - Downloading 227550 (TIGER 200 산업재)...
2026-01-05 12:42:41,865 - ERROR - Error downloading 0128D0: 404 Client Error: Not Found for url: https://query2.finance.yahoo.com/v8/finance/chart/0128D0?period1=-32400&period2=1735570800&interval=1d&includeAdjustedClose=true
2026-01-05 12:42:41,865 - INFO - Downloading 334690 (RISE 팔라듐선물(H))...
2026-01-05 12:42:41,924 - INFO - Success 227550
2026-01-05 12:42:41,924 - INFO - Downloading 570091 (한투 인버스 유로스탁스50 ETN(H) C)...
2026-01-05 12:42:41,933 - INFO - Success 334690
2026-01-05 12:42:41,933 - INFO - Downloading 205720 (ACE 일본TOPIX인버스(합성 H))...
2026-01-05 12:42:41,977 - INFO - Success 570091
2026-01-05 12:42:41,977 - INFO - Downloading 456200 (PLUS 미국달러SOFR금리액티브(합성))...
2026-01-05 12:42:42,011 - INFO - Success 205720
2026-01-05 12:42:42,011 - INFO - Downloading 474390 (SOL 국고채30년액티브)...
2026-01-05 12:42:42,027 - INFO - Success 456200
2026-01-05 12:42:42,027 - INFO - Downloading 580053 (KB 레버리지 콩 선물 ETN)...
2026-01-05 12:42:42,072 - INFO - Success 474390
2026-01-05 12:42:42,072 - INFO - Downloading 267440 (RISE 미국장기국채선물(H))...
2026-01-05 12:42:42,078 - INFO - Success 580053
2026-01-05 12:42:42,078 - INFO - Downloading 289670 (PLUS 국채선물10년)...
2026-01-05 12:42:42,150 - INFO - Success 267440
2026-01-05 12:42:42,150 - INFO - Downloading 472350 (1Q 차이나H(H))...
2026-01-05 12:42:42,202 - INFO - Success 472350
2026-01-05 12:42:42,202 - INFO - Downloading 395750 (PLUS ESG가치주액티브)...
2026-01-05 12:42:42,203 - INFO - Success 289670
2026-01-05 12:42:42,203 - INFO - Downloading 139240 (TIGER 200 철강소재)...
2026-01-05 12:42:42,258 - INFO - Success 395750
2026-01-05 12:42:42,258 - INFO - Downloading 413220 (SOL 차이나태양광CSI(합성))...
2026-01-05 12:42:42,276 - INFO - Success 139240
2026-01-05 12:42:42,276 - INFO - Downloading 570056 (한투 인버스 금 선물 ETN)...
2026-01-05 12:42:42,317 - INFO - Success 413220
2026-01-05 12:42:42,317 - INFO - Downloading 610029 (메리츠 인버스 2X 구리 선물 ETN(H))...
2026-01-05 12:42:42,335 - INFO - Success 570056
2026-01-05 12:42:42,335 - INFO - Downloading 225030 (TIGER 미국S&P500선물인버스(H))...
2026-01-05 12:42:42,371 - INFO - Success 610029
2026-01-05 12:42:42,371 - INFO - Downloading 301400 (PLUS 코스닥150)...
2026-01-05 12:42:42,403 - INFO - Success 225030
2026-01-05 12:42:42,403 - INFO - Downloading 550070 (N2 인버스 레버리지 구리 선물 ETN(H))...
2026-01-05 12:42:42,438 - INFO - Success 301400
2026-01-05 12:42:42,438 - INFO - Downloading 139290 (TIGER 200 경기소비재)...
2026-01-05 12:42:42,462 - INFO - Success 550070
2026-01-05 12:42:42,463 - INFO - Downloading 460280 (KIWOOM Fn유전자혁신기술)...
2026-01-05 12:42:42,518 - INFO - Success 460280
2026-01-05 12:42:42,518 - INFO - Downloading 291890 (KODEX MSCI EM선물(H))...
2026-01-05 12:42:42,519 - INFO - Success 139290
2026-01-05 12:42:42,519 - INFO - Downloading 401590 (HANARO 글로벌탄소배출권선물ICE(합성))...
2026-01-05 12:42:42,582 - INFO - Success 401590
2026-01-05 12:42:42,583 - INFO - Downloading 381570 (HANARO Fn친환경에너지)...
2026-01-05 12:42:42,585 - INFO - Success 291890
2026-01-05 12:42:42,585 - INFO - Downloading 570098 (한투 S&P 레버리지 엔달러 선물 ETN(H))...
2026-01-05 12:42:42,630 - INFO - Success 570098
2026-01-05 12:42:42,630 - INFO - Downloading 530094 (삼성 인버스 코스닥 150 선물 ETN)...
2026-01-05 12:42:42,641 - INFO - Success 381570
2026-01-05 12:42:42,641 - INFO - Downloading 610023 (메리츠 레버리지 미국채10년 ETN(H))...
2026-01-05 12:42:42,687 - INFO - Success 530094
2026-01-05 12:42:42,687 - INFO - Downloading 498610 (RISE 인도디지털성장)...
2026-01-05 12:42:42,697 - INFO - Success 610023
2026-01-05 12:42:42,698 - INFO - Downloading 400580 (SOL 유럽탄소배출권선물S&P(H))...
2026-01-05 12:42:42,725 - WARNING - Empty data for 498610
2026-01-05 12:42:42,725 - INFO - Downloading 244670 (KODEX 밸류Plus)...
2026-01-05 12:42:42,756 - INFO - Success 400580
2026-01-05 12:42:42,756 - INFO - Downloading 407310 (HANARO 200 TOP10)...
2026-01-05 12:42:42,802 - INFO - Success 244670
2026-01-05 12:42:42,802 - INFO - Downloading 238670 (PLUS 스마트베타Quality채권혼합)...
2026-01-05 12:42:42,811 - INFO - Success 407310
2026-01-05 12:42:42,811 - INFO - Downloading 009415 (태영건설우)...
2026-01-05 12:42:42,871 - INFO - Success 238670
2026-01-05 12:42:42,872 - INFO - Downloading 090355 (노루페인트우)...
2026-01-05 12:42:42,887 - INFO - Success 009415
2026-01-05 12:42:42,887 - INFO - Downloading 266390 (KODEX 경기소비재)...
2026-01-05 12:42:42,949 - INFO - Success 090355
2026-01-05 12:42:42,949 - INFO - Downloading 394350 (KIWOOM 글로벌퓨처모빌리티)...
2026-01-05 12:42:42,960 - INFO - Success 266390
2026-01-05 12:42:42,960 - INFO - Downloading 470310 (UNICORN 생성형AI강소기업액티브)...
2026-01-05 12:42:43,005 - INFO - Success 394350
2026-01-05 12:42:43,005 - INFO - Downloading 402460 (HANARO Fn K-메타버스MZ)...
2026-01-05 12:42:43,009 - INFO - Success 470310
2026-01-05 12:42:43,009 - INFO - Downloading 570064 (한투 인버스 베트남 VN30 선물 ETN(H))...
2026-01-05 12:42:43,070 - INFO - Success 570064
2026-01-05 12:42:43,070 - INFO - Downloading 314700 (HANARO 농업융복합산업)...
2026-01-05 12:42:43,071 - INFO - Success 402460
2026-01-05 12:42:43,071 - INFO - Downloading 520069 (미래에셋 -2X 홍콩H 선물 ETN(H))...
2026-01-05 12:42:43,116 - INFO - Success 520069
2026-01-05 12:42:43,116 - INFO - Downloading 000145 (하이트진로홀딩스우)...
2026-01-05 12:42:43,130 - INFO - Success 314700
2026-01-05 12:42:43,130 - INFO - Downloading 437370 (RISE 글로벌농업경제)...
2026-01-05 12:42:43,194 - INFO - Success 437370
2026-01-05 12:42:43,195 - INFO - Downloading 760010 (키움 2차전지산업 ETN)...
2026-01-05 12:42:43,196 - INFO - Success 000145
2026-01-05 12:42:43,196 - INFO - Downloading 007575 (일양약품우)...
2026-01-05 12:42:43,254 - INFO - Success 760010
2026-01-05 12:42:43,254 - INFO - Downloading 469530 (RISE 미국달러선물인버스)...
2026-01-05 12:42:43,277 - INFO - Success 007575
2026-01-05 12:42:43,277 - INFO - Downloading 530092 (삼성 인버스 코스피 200 선물 ETN)...
2026-01-05 12:42:43,309 - INFO - Success 469530
2026-01-05 12:42:43,309 - INFO - Downloading 476310 (RISE 글로벌비만산업TOP2+)...
2026-01-05 12:42:43,331 - INFO - Success 530092
2026-01-05 12:42:43,331 - INFO - Downloading 570053 (한투 인버스 플래티넘 선물 ETN)...
2026-01-05 12:42:43,362 - INFO - Success 476310
2026-01-05 12:42:43,362 - INFO - Downloading 000545 (흥국화재우)...
2026-01-05 12:42:43,390 - INFO - Success 570053
2026-01-05 12:42:43,390 - INFO - Downloading 483030 (KIWOOM 미국블록버스터바이오테크의약품+)...
2026-01-05 12:42:43,440 - INFO - Success 483030
2026-01-05 12:42:43,440 - INFO - Downloading 261920 (ACE MSCI필리핀(합성))...
2026-01-05 12:42:43,441 - INFO - Success 000545
2026-01-05 12:42:43,441 - INFO - Downloading 36328K (티와이홀딩스우)...
2026-01-05 12:42:43,495 - INFO - Success 36328K
2026-01-05 12:42:43,495 - INFO - Downloading 482030 (KoAct 반도체&2차전지핵심소재액티브)...
2026-01-05 12:42:43,504 - INFO - Success 261920
2026-01-05 12:42:43,504 - INFO - Downloading 138920 (KODEX 콩선물(H))...
2026-01-05 12:42:43,540 - INFO - Success 482030
2026-01-05 12:42:43,540 - INFO - Downloading 267450 (RISE 미국장기국채선물인버스(H))...
2026-01-05 12:42:43,584 - INFO - Success 138920
2026-01-05 12:42:43,584 - INFO - Downloading 570066 (한투 인버스 2X 베트남 VN30 선물 ETN(H))...
2026-01-05 12:42:43,612 - INFO - Success 267450
2026-01-05 12:42:43,612 - INFO - Downloading 373790 (KIWOOM 미국방어배당성장나스닥)...
2026-01-05 12:42:43,638 - INFO - Success 570066
2026-01-05 12:42:43,638 - INFO - Downloading 476000 (UNICORN 포스트IPO액티브)...
2026-01-05 12:42:43,670 - INFO - Success 373790
2026-01-05 12:42:43,670 - INFO - Downloading 500041 (신한 인버스 2X 구리 선물 ETN)...
2026-01-05 12:42:43,688 - INFO - Success 476000
2026-01-05 12:42:43,688 - INFO - Downloading 267490 (RISE 미국장기국채선물레버리지(합성 H))...
2026-01-05 12:42:43,738 - INFO - Success 500041
2026-01-05 12:42:43,738 - INFO - Downloading 217770 (TIGER 원유선물인버스(H))...
2026-01-05 12:42:43,759 - INFO - Success 267490
2026-01-05 12:42:43,759 - INFO - Downloading 441330 (KIWOOM 차이나A50커넥트MSCI)...
2026-01-05 12:42:43,818 - INFO - Success 441330
2026-01-05 12:42:43,818 - INFO - Downloading 321410 (KODEX 멀티에셋하이인컴(H))...
2026-01-05 12:42:43,820 - INFO - Success 217770
2026-01-05 12:42:43,820 - INFO - Downloading 0050E0 (PLUS 미국AI에이전트)...
2026-01-05 12:42:43,884 - INFO - Success 321410
2026-01-05 12:42:43,884 - INFO - Downloading 407300 (HANARO Fn골프테마)...
2026-01-05 12:42:43,948 - INFO - Success 407300
2026-01-05 12:42:43,948 - INFO - Downloading 397420 (RISE 국채선물5년추종)...
2026-01-05 12:42:44,008 - INFO - Success 397420
2026-01-05 12:42:44,008 - INFO - Downloading 530084 (삼성 인버스 금 선물 ETN(H))...
2026-01-05 12:42:44,066 - INFO - Success 530084
2026-01-05 12:42:44,066 - INFO - Downloading 220130 (SOL 차이나강소기업CSI500(합성 H))...
2026-01-05 12:42:44,145 - INFO - Success 220130
2026-01-05 12:42:44,145 - INFO - Downloading 570062 (한투 인버스 2X 은 선물 ETN)...
2026-01-05 12:42:44,157 - ERROR - Error downloading 0050E0: 404 Client Error: Not Found for url: https://query2.finance.yahoo.com/v8/finance/chart/0050E0?period1=-32400&period2=1735570800&interval=1d&includeAdjustedClose=true
2026-01-05 12:42:44,157 - INFO - Downloading 491630 (RISE 미국반도체인버스(합성 H))...
2026-01-05 12:42:44,210 - INFO - Success 491630
2026-01-05 12:42:44,210 - INFO - Downloading 570060 (한투 인버스 2X 금 선물 ETN)...
2026-01-05 12:42:44,211 - INFO - Success 570062
2026-01-05 12:42:44,211 - INFO - Downloading 002995 (금호건설우)...
2026-01-05 12:42:44,270 - INFO - Success 570060
2026-01-05 12:42:44,270 - INFO - Downloading 008355 (남선알미우)...
2026-01-05 12:42:44,291 - INFO - Success 002995
2026-01-05 12:42:44,291 - INFO - Downloading 014285 (금강공업우)...
2026-01-05 12:42:44,347 - INFO - Success 008355
2026-01-05 12:42:44,347 - INFO - Downloading 488210 (KIWOOM K-반도체북미공급망)...
2026-01-05 12:42:44,371 - INFO - Success 014285
2026-01-05 12:42:44,371 - INFO - Downloading 005745 (크라운해태홀딩스우)...
2026-01-05 12:42:44,393 - INFO - Success 488210
2026-01-05 12:42:44,394 - INFO - Downloading 530122 (삼성 인버스 2X 항셍테크 TR ETN(H) B)...
2026-01-05 12:42:44,451 - INFO - Success 530122
2026-01-05 12:42:44,451 - INFO - Downloading 014825 (동원시스템즈우)...
2026-01-05 12:42:44,452 - INFO - Success 005745
2026-01-05 12:42:44,452 - INFO - Downloading 243890 (TIGER 200에너지화학레버리지)...
2026-01-05 12:42:44,536 - INFO - Success 243890
2026-01-05 12:42:44,536 - INFO - Downloading 005965 (동부건설우)...
2026-01-05 12:42:44,538 - INFO - Success 014825
2026-01-05 12:42:44,538 - INFO - Downloading 454180 (KIWOOM 차이나내수소비TOP CSI)...
2026-01-05 12:42:44,589 - INFO - Success 454180
2026-01-05 12:42:44,589 - INFO - Downloading 226380 (ACE Fn성장소비주도주)...
2026-01-05 12:42:44,615 - INFO - Success 005965
2026-01-05 12:42:44,615 - INFO - Downloading 580040 (KB 인버스 2X KOSPI 200 선물 ETN)...
2026-01-05 12:42:44,662 - INFO - Success 226380
2026-01-05 12:42:44,662 - INFO - Downloading 700025 (하나 블룸버그 2X 천연가스 선물 ETN(H) B)...
2026-01-05 12:42:44,669 - INFO - Success 580040
2026-01-05 12:42:44,669 - INFO - Downloading 244660 (KODEX 퀄리티Plus)...
2026-01-05 12:42:44,713 - INFO - Success 700025
2026-01-05 12:42:44,713 - INFO - Downloading 580017 (KB 인버스 2X S&P 500 선물 ETN)...
2026-01-05 12:42:44,735 - INFO - Success 244660
2026-01-05 12:42:44,735 - INFO - Downloading 227560 (TIGER 200 생활소비재)...
2026-01-05 12:42:44,774 - INFO - Success 580017
2026-01-05 12:42:44,774 - INFO - Downloading 004545 (깨끗한나라우)...
2026-01-05 12:42:44,806 - INFO - Success 227560
2026-01-05 12:42:44,806 - INFO - Downloading 306530 (HANARO 코스닥150선물레버리지)...
2026-01-05 12:42:44,846 - INFO - Success 004545
2026-01-05 12:42:44,846 - INFO - Downloading 570023 (한투 인버스 2X S&P500 선물 ETN(H))...
2026-01-05 12:42:44,875 - INFO - Success 306530
2026-01-05 12:42:44,875 - INFO - Downloading 610013 (메리츠 인버스 2X 금 선물 ETN(H))...
2026-01-05 12:42:44,914 - INFO - Success 570023
2026-01-05 12:42:44,914 - INFO - Downloading 570058 (한투 인버스 은 선물 ETN)...
2026-01-05 12:42:44,934 - INFO - Success 610013
2026-01-05 12:42:44,934 - INFO - Downloading 550063 (N2 인버스 레버리지 금 선물 ETN(H))...
2026-01-05 12:42:44,972 - INFO - Success 570058
2026-01-05 12:42:44,972 - INFO - Downloading 530062 (삼성 인버스 2X 은 선물 ETN(H))...
2026-01-05 12:42:44,991 - INFO - Success 550063
2026-01-05 12:42:44,991 - INFO - Downloading 291680 (RISE 차이나H선물인버스(H))...
2026-01-05 12:42:45,044 - INFO - Success 530062
2026-01-05 12:42:45,044 - INFO - Downloading 000227 (유유제약2우B)...
2026-01-05 12:42:45,059 - INFO - Success 291680
2026-01-05 12:42:45,059 - INFO - Downloading 014915 (성문전자우)...
2026-01-05 12:42:45,124 - INFO - Success 000227
2026-01-05 12:42:45,124 - INFO - Downloading 580027 (KB 인버스 2X 은 선물 ETN(H))...
2026-01-05 12:42:45,147 - INFO - Success 014915
2026-01-05 12:42:45,147 - INFO - Downloading 011155 (CJ씨푸드1우)...
2026-01-05 12:42:45,186 - INFO - Success 580027
2026-01-05 12:42:45,186 - INFO - Downloading 700018 (하나 인버스 2X 코스닥150 선물 ETN)...
2026-01-05 12:42:45,226 - INFO - Success 011155
2026-01-05 12:42:45,226 - INFO - Downloading 001525 (동양우)...
2026-01-05 12:42:45,240 - INFO - Success 700018
2026-01-05 12:42:45,240 - INFO - Downloading 580033 (KB 인버스 2X 구리 선물 ETN(H))...
2026-01-05 12:42:45,302 - INFO - Success 001525
2026-01-05 12:42:45,302 - INFO - Downloading 426330 (KIWOOM 미국ETF산업STOXX)...
2026-01-05 12:42:45,307 - INFO - Success 580033
2026-01-05 12:42:45,307 - INFO - Downloading 002785 (진흥기업우B)...
2026-01-05 12:42:45,359 - INFO - Success 426330
2026-01-05 12:42:45,359 - INFO - Downloading 500070 (신한 인버스 2X 코스피 200 선물 ETN)...
2026-01-05 12:42:45,386 - INFO - Success 002785
2026-01-05 12:42:45,386 - INFO - Downloading 291630 (KIWOOM 코스닥150선물레버리지)...
2026-01-05 12:42:45,417 - INFO - Success 500070
2026-01-05 12:42:45,417 - INFO - Downloading 253230 (KIWOOM 200선물인버스2X)...
2026-01-05 12:42:45,457 - INFO - Success 291630
2026-01-05 12:42:45,457 - INFO - Downloading 530090 (삼성 인버스 은 선물 ETN(H))...
2026-01-05 12:42:45,503 - INFO - Success 253230
2026-01-05 12:42:45,503 - INFO - Downloading 500051 (신한 인버스 2X S&P500 선물 ETN)...
2026-01-05 12:42:45,515 - INFO - Success 530090
2026-01-05 12:42:45,515 - INFO - Downloading 280940 (KODEX 골드선물인버스(H))...
2026-01-05 12:42:45,570 - INFO - Success 500051
2026-01-05 12:42:45,570 - INFO - Downloading 004415 (서울식품우)...
2026-01-05 12:42:45,585 - INFO - Success 280940
2026-01-05 12:42:45,585 - INFO - Downloading 001527 (동양2우B)...
2026-01-05 12:42:45,651 - INFO - Success 004415
2026-01-05 12:42:45,652 - INFO - Downloading 252410 (RISE 200선물인버스)...
2026-01-05 12:42:45,674 - INFO - Success 001527
2026-01-05 12:42:45,674 - INFO - Downloading 291620 (KIWOOM 코스닥150선물인버스)...
2026-01-05 12:42:45,724 - INFO - Success 252410
2026-01-05 12:42:45,724 - INFO - Downloading 002787 (진흥기업2우B)...
2026-01-05 12:42:45,743 - INFO - Success 291620
2026-01-05 12:42:45,744 - INFO - Downloading 481200 (SOL 미국테크TOP10인버스(합성))...
2026-01-05 12:42:45,789 - INFO - Success 481200
2026-01-05 12:42:45,789 - INFO - Downloading 500030 (신한 인버스 2X 은 선물 ETN(H))...
2026-01-05 12:42:45,804 - INFO - Success 002787
2026-01-05 12:42:45,804 - INFO - Downloading 253160 (PLUS 200선물인버스2X)...
2026-01-05 12:42:45,860 - INFO - Success 500030
2026-01-05 12:42:45,860 - INFO - Downloading 301410 (PLUS 코스닥150선물인버스)...
2026-01-05 12:42:45,871 - INFO - Success 253160
2026-01-05 12:42:45,872 - INFO - Downloading 275750 (RISE 코스닥150선물인버스)...
2026-01-05 12:42:45,928 - INFO - Success 301410
2026-01-05 12:42:45,928 - INFO - Downloading 253240 (KIWOOM 200선물인버스)...
2026-01-05 12:42:45,940 - INFO - Success 275750
2026-01-05 12:42:45,940 - INFO - Downloading 412560 (TIGER BBIG레버리지)...
2026-01-05 12:42:46,002 - INFO - Success 412560
2026-01-05 12:42:46,002 - INFO - Downloading 570070 (한투 인버스 2X 플래티넘 선물 ETN)...
2026-01-05 12:42:46,005 - INFO - Success 253240
2026-01-05 12:42:46,005 - INFO - Downloading 580023 (KB 인버스 2X 금 선물 ETN(H))...
2026-01-05 12:42:46,062 - INFO - Success 570070
2026-01-05 12:42:46,063 - INFO - Downloading 145670 (ACE 인버스)...
2026-01-05 12:42:46,065 - INFO - Success 580023
2026-01-05 12:42:46,065 - INFO - Downloading 334700 (RISE 팔라듐선물인버스(H))...
2026-01-05 12:42:46,131 - INFO - Success 334700
2026-01-05 12:42:46,131 - INFO - Downloading 306520 (HANARO 200선물인버스)...
2026-01-05 12:42:46,150 - INFO - Success 145670
2026-01-05 12:42:46,150 - INFO - Downloading 465620 (ACE 미국빅테크TOP7 Plus인버스(합성))...
2026-01-05 12:42:46,200 - INFO - Success 465620
2026-01-05 12:42:46,200 - INFO - Downloading 500038 (신한 인버스 2X 금 선물 ETN)...
2026-01-05 12:42:46,201 - INFO - Success 306520
2026-01-05 12:42:46,201 - INFO - Downloading 610017 (메리츠 인버스 2X 은 선물 ETN(H))...
2026-01-05 12:42:46,256 - INFO - Success 610017
2026-01-05 12:42:46,256 - INFO - Downloading 550065 (N2 인버스 레버리지 은 선물 ETN(H))...
2026-01-05 12:42:46,268 - INFO - Success 500038
2026-01-05 12:42:46,268 - INFO - Downloading 196170 (알테오젠)...
2026-01-05 12:42:46,323 - INFO - Success 550065
2026-01-05 12:42:46,324 - INFO - Downloading 247540 (에코프로비엠)...
2026-01-05 12:42:46,344 - INFO - Success 196170
2026-01-05 12:42:46,344 - INFO - Downloading 086520 (에코프로)...
2026-01-05 12:42:46,393 - INFO - Success 247540
2026-01-05 12:42:46,393 - INFO - Downloading 298380 (에이비엘바이오)...
2026-01-05 12:42:46,424 - INFO - Success 086520
2026-01-05 12:42:46,424 - INFO - Downloading 277810 (레인보우로보틱스)...
2026-01-05 12:42:46,461 - INFO - Success 298380
2026-01-05 12:42:46,461 - INFO - Downloading 028300 (HLB)...
2026-01-05 12:42:46,485 - INFO - Success 277810
2026-01-05 12:42:46,485 - INFO - Downloading 141080 (리가켐바이오)...
2026-01-05 12:42:46,544 - INFO - Success 028300
2026-01-05 12:42:46,544 - INFO - Downloading 087010 (펩트론)...
2026-01-05 12:42:46,558 - INFO - Success 141080
2026-01-05 12:42:46,558 - INFO - Downloading 950160 (코오롱티슈진)...
2026-01-05 12:42:46,626 - INFO - Success 087010
2026-01-05 12:42:46,626 - INFO - Downloading 000250 (삼천당제약)...
2026-01-05 12:42:46,635 - INFO - Success 950160
2026-01-05 12:42:46,635 - INFO - Downloading 058470 (리노공업)...
2026-01-05 12:42:46,716 - INFO - Success 058470
2026-01-05 12:42:46,716 - INFO - Downloading 214450 (파마리서치)...
2026-01-05 12:42:46,717 - INFO - Success 000250
2026-01-05 12:42:46,717 - INFO - Downloading 310210 (보로노이)...
2026-01-05 12:42:46,773 - INFO - Success 310210
2026-01-05 12:42:46,774 - INFO - Downloading 347850 (디앤디파마텍)...
2026-01-05 12:42:46,792 - INFO - Success 214450
2026-01-05 12:42:46,792 - INFO - Downloading 240810 (원익IPS)...
2026-01-05 12:42:46,820 - INFO - Success 347850
2026-01-05 12:42:46,820 - INFO - Downloading 108490 (로보티즈)...
2026-01-05 12:42:46,865 - INFO - Success 240810
2026-01-05 12:42:46,865 - INFO - Downloading 039030 (이오테크닉스)...
2026-01-05 12:42:46,888 - INFO - Success 108490
2026-01-05 12:42:46,888 - INFO - Downloading 214370 (케어젠)...
2026-01-05 12:42:46,954 - INFO - Success 039030
2026-01-05 12:42:46,954 - INFO - Downloading 214150 (클래시스)...
2026-01-05 12:42:46,966 - INFO - Success 214370
2026-01-05 12:42:46,966 - INFO - Downloading 0009K0 (에임드바이오)...
2026-01-05 12:42:47,032 - INFO - Success 214150
2026-01-05 12:42:47,032 - INFO - Downloading 030530 (원익홀딩스)...
2026-01-05 12:42:47,115 - INFO - Success 030530
2026-01-05 12:42:47,115 - INFO - Downloading 140410 (메지온)...
2026-01-05 12:42:47,196 - INFO - Success 140410
2026-01-05 12:42:47,196 - INFO - Downloading 226950 (올릭스)...
2026-01-05 12:42:47,263 - ERROR - Error downloading 0009K0: 404 Client Error: Not Found for url: https://query2.finance.yahoo.com/v8/finance/chart/0009K0?period1=-32400&period2=1735570800&interval=1d&includeAdjustedClose=true
2026-01-05 12:42:47,263 - INFO - Downloading 403870 (HPSP)...
2026-01-05 12:42:47,321 - INFO - Success 226950
2026-01-05 12:42:47,321 - INFO - Downloading 068760 (셀트리온제약)...
2026-01-05 12:42:47,332 - INFO - Success 403870
2026-01-05 12:42:47,332 - INFO - Downloading 145020 (휴젤)...
2026-01-05 12:42:47,397 - INFO - Success 068760
2026-01-05 12:42:47,398 - INFO - Downloading 041510 (에스엠)...
2026-01-05 12:42:47,409 - INFO - Success 145020
2026-01-05 12:42:47,409 - INFO - Downloading 319400 (현대무벡스)...
2026-01-05 12:42:47,479 - INFO - Success 319400
2026-01-05 12:42:47,480 - INFO - Downloading 475830 (오름테라퓨틱)...
2026-01-05 12:42:47,483 - INFO - Success 041510
2026-01-05 12:42:47,483 - INFO - Downloading 035900 (JYP Ent.)...
2026-01-05 12:42:47,522 - WARNING - Empty data for 475830
2026-01-05 12:42:47,522 - INFO - Downloading 237690 (에스티팜)...
2026-01-05 12:42:47,561 - INFO - Success 035900
2026-01-05 12:42:47,561 - INFO - Downloading 257720 (실리콘투)...
2026-01-05 12:42:47,595 - INFO - Success 237690
2026-01-05 12:42:47,595 - INFO - Downloading 263750 (펄어비스)...
2026-01-05 12:42:47,620 - INFO - Success 257720
2026-01-05 12:42:47,620 - INFO - Downloading 095340 (ISC)...
2026-01-05 12:42:47,669 - INFO - Success 263750
2026-01-05 12:42:47,669 - INFO - Downloading 476830 (알지노믹스)...
2026-01-05 12:42:47,702 - INFO - Success 095340
2026-01-05 12:42:47,702 - INFO - Downloading 357780 (솔브레인)...
2026-01-05 12:42:47,707 - WARNING - Empty data for 476830
2026-01-05 12:42:47,707 - INFO - Downloading 084370 (유진테크)...
2026-01-05 12:42:47,758 - INFO - Success 357780
2026-01-05 12:42:47,758 - INFO - Downloading 005290 (동진쎄미켐)...
2026-01-05 12:42:47,785 - INFO - Success 084370
2026-01-05 12:42:47,785 - INFO - Downloading 445680 (큐리옥스바이오시스템즈)...
2026-01-05 12:42:47,839 - INFO - Success 005290
2026-01-05 12:42:47,839 - INFO - Downloading 089030 (테크윙)...
2026-01-05 12:42:47,840 - INFO - Success 445680
2026-01-05 12:42:47,840 - INFO - Downloading 222800 (심텍)...
2026-01-05 12:42:47,919 - INFO - Success 089030
2026-01-05 12:42:47,919 - INFO - Downloading 160190 (하이젠알앤엠)...
2026-01-05 12:42:47,920 - INFO - Success 222800
2026-01-05 12:42:47,920 - INFO - Downloading 437730 (삼현)...
2026-01-05 12:42:47,969 - INFO - Success 160190
2026-01-05 12:42:47,970 - INFO - Success 437730
2026-01-05 12:42:47,970 - INFO - Downloading 098460 (고영)...
2026-01-05 12:42:47,970 - INFO - Downloading 067310 (하나마이크론)...
2026-01-05 12:42:48,053 - INFO - Success 098460
2026-01-05 12:42:48,053 - INFO - Downloading 064760 (티씨케이)...
2026-01-05 12:42:48,100 - INFO - Success 067310
2026-01-05 12:42:48,100 - INFO - Downloading 058610 (에스피지)...
2026-01-05 12:42:48,137 - INFO - Success 064760
2026-01-05 12:42:48,137 - INFO - Downloading 083650 (비에이치아이)...
2026-01-05 12:42:48,179 - INFO - Success 058610
2026-01-05 12:42:48,180 - INFO - Downloading 039200 (오스코텍)...
2026-01-05 12:42:48,218 - INFO - Success 083650
2026-01-05 12:42:48,218 - INFO - Downloading 140860 (파크시스템스)...
2026-01-05 12:42:48,261 - INFO - Success 039200
2026-01-05 12:42:48,261 - INFO - Downloading 065350 (신성델타테크)...
2026-01-05 12:42:48,287 - INFO - Success 140860
2026-01-05 12:42:48,287 - INFO - Downloading 458870 (씨어스테크놀로지)...
2026-01-05 12:42:48,337 - INFO - Success 458870
2026-01-05 12:42:48,337 - INFO - Downloading 060370 (LS마린솔루션)...
2026-01-05 12:42:48,339 - INFO - Success 065350
2026-01-05 12:42:48,339 - INFO - Downloading 466100 (클로봇)...
2026-01-05 12:42:48,388 - INFO - Success 466100
2026-01-05 12:42:48,388 - INFO - Downloading 290650 (엘앤씨바이오)...
2026-01-05 12:42:48,434 - INFO - Success 060370
2026-01-05 12:42:48,435 - INFO - Downloading 178320 (서진시스템)...
2026-01-05 12:42:48,474 - INFO - Success 290650
2026-01-05 12:42:48,474 - INFO - Downloading 036930 (주성엔지니어링)...
2026-01-05 12:42:48,503 - INFO - Success 178320
2026-01-05 12:42:48,503 - INFO - Downloading 195940 (HK이노엔)...
2026-01-05 12:42:48,551 - INFO - Success 036930
2026-01-05 12:42:48,551 - INFO - Downloading 007390 (네이처셀)...
2026-01-05 12:42:48,558 - INFO - Success 195940
2026-01-05 12:42:48,558 - INFO - Downloading 491000 (리브스메드)...
2026-01-05 12:42:48,597 - WARNING - Empty data for 491000
2026-01-05 12:42:48,598 - INFO - Downloading 035760 (CJ ENM)...
2026-01-05 12:42:48,632 - INFO - Success 007390
2026-01-05 12:42:48,632 - INFO - Downloading 348370 (엔켐)...
2026-01-05 12:42:48,679 - INFO - Success 035760
2026-01-05 12:42:48,679 - INFO - Downloading 293490 (카카오게임즈)...
2026-01-05 12:42:48,690 - INFO - Success 348370
2026-01-05 12:42:48,690 - INFO - Downloading 253450 (스튜디오드래곤)...
2026-01-05 12:42:48,740 - INFO - Success 293490
2026-01-05 12:42:48,740 - INFO - Downloading 082270 (젬백스)...
2026-01-05 12:42:48,757 - INFO - Success 253450
2026-01-05 12:42:48,757 - INFO - Downloading 096530 (씨젠)...
2026-01-05 12:42:48,820 - INFO - Success 082270
2026-01-05 12:42:48,820 - INFO - Downloading 328130 (루닛)...
2026-01-05 12:42:48,835 - INFO - Success 096530
2026-01-05 12:42:48,835 - INFO - Downloading 232140 (와이씨)...
2026-01-05 12:42:48,876 - INFO - Success 328130
2026-01-05 12:42:48,876 - INFO - Downloading 323280 (태성)...
2026-01-05 12:42:48,909 - INFO - Success 232140
2026-01-05 12:42:48,909 - INFO - Downloading 003380 (하림지주)...
2026-01-05 12:42:48,943 - INFO - Success 323280
2026-01-05 12:42:48,943 - INFO - Downloading 397030 (에이프릴바이오)...
2026-01-05 12:42:48,983 - INFO - Success 003380
2026-01-05 12:42:48,983 - INFO - Downloading 122870 (와이지엔터테인먼트)...
2026-01-05 12:42:48,994 - INFO - Success 397030
2026-01-05 12:42:48,994 - INFO - Downloading 204270 (제이앤티씨)...
2026-01-05 12:42:49,058 - INFO - Success 122870
2026-01-05 12:42:49,059 - INFO - Downloading 319660 (피에스케이)...
2026-01-05 12:42:49,064 - INFO - Success 204270
2026-01-05 12:42:49,064 - INFO - Downloading 486990 (노타)...
2026-01-05 12:42:49,109 - WARNING - Empty data for 486990
2026-01-05 12:42:49,109 - INFO - Downloading 101490 (에스앤에스텍)...
2026-01-05 12:42:49,142 - INFO - Success 319660
2026-01-05 12:42:49,142 - INFO - Downloading 085660 (차바이오텍)...
2026-01-05 12:42:49,200 - INFO - Success 101490
2026-01-05 12:42:49,200 - INFO - Downloading 080220 (제주반도체)...
2026-01-05 12:42:49,216 - INFO - Success 085660
2026-01-05 12:42:49,216 - INFO - Downloading 358570 (지아이이노베이션)...
2026-01-05 12:42:49,266 - INFO - Success 358570
2026-01-05 12:42:49,266 - INFO - Downloading 115180 (큐리언트)...
2026-01-05 12:42:49,274 - INFO - Success 080220
2026-01-05 12:42:49,274 - INFO - Downloading 468530 (프로티나)...
2026-01-05 12:42:49,312 - WARNING - Empty data for 468530
2026-01-05 12:42:49,313 - INFO - Downloading 031980 (피에스케이홀딩스)...
2026-01-05 12:42:49,348 - INFO - Success 115180
2026-01-05 12:42:49,348 - INFO - Downloading 389470 (인벤티지랩)...
2026-01-05 12:42:49,391 - INFO - Success 031980
2026-01-05 12:42:49,391 - INFO - Downloading 099320 (쎄트렉아이)...
2026-01-05 12:42:49,405 - INFO - Success 389470
2026-01-05 12:42:49,405 - INFO - Downloading 161580 (필옵틱스)...
2026-01-05 12:42:49,478 - INFO - Success 161580
2026-01-05 12:42:49,478 - INFO - Downloading 095610 (테스)...
2026-01-05 12:42:49,479 - INFO - Success 099320
2026-01-05 12:42:49,479 - INFO - Downloading 456160 (지투지바이오)...
2026-01-05 12:42:49,514 - WARNING - Empty data for 456160
2026-01-05 12:42:49,514 - INFO - Downloading 440110 (파두)...
2026-01-05 12:42:49,556 - INFO - Success 095610
2026-01-05 12:42:49,556 - INFO - Downloading 131970 (두산테스나)...
2026-01-05 12:42:49,567 - INFO - Success 440110
2026-01-05 12:42:49,567 - INFO - Downloading 281740 (레이크머티리얼즈)...
2026-01-05 12:42:49,632 - INFO - Success 131970
2026-01-05 12:42:49,632 - INFO - Downloading 376900 (로킷헬스케어)...
2026-01-05 12:42:49,638 - INFO - Success 281740
2026-01-05 12:42:49,638 - INFO - Downloading 174900 (앱클론)...
2026-01-05 12:42:49,675 - WARNING - Empty data for 376900
2026-01-05 12:42:49,675 - INFO - Downloading 490470 (세미파이브)...
2026-01-05 12:42:49,700 - WARNING - Empty data for 490470
2026-01-05 12:42:49,701 - INFO - Downloading 183300 (코미코)...
2026-01-05 12:42:49,707 - INFO - Success 174900
2026-01-05 12:42:49,707 - INFO - Downloading 090710 (휴림로봇)...
2026-01-05 12:42:49,774 - INFO - Success 183300
2026-01-05 12:42:49,774 - INFO - Downloading 424870 (이뮨온시아)...
2026-01-05 12:42:49,775 - INFO - Success 090710
2026-01-05 12:42:49,776 - INFO - Downloading 388720 (유일로보틱스)...
2026-01-05 12:42:49,809 - WARNING - Empty data for 424870
2026-01-05 12:42:49,809 - INFO - Downloading 078600 (대주전자재료)...
2026-01-05 12:42:49,831 - INFO - Success 388720
2026-01-05 12:42:49,831 - INFO - Downloading 213420 (덕산네오룩스)...
2026-01-05 12:42:49,891 - INFO - Success 078600
2026-01-05 12:42:49,891 - INFO - Downloading 218410 (RFHIC)...
2026-01-05 12:42:49,906 - INFO - Success 213420
2026-01-05 12:42:49,906 - INFO - Downloading 166090 (하나머티리얼즈)...
2026-01-05 12:42:49,967 - INFO - Success 218410
2026-01-05 12:42:49,967 - INFO - Downloading 036540 (SFA반도체)...
2026-01-05 12:42:49,978 - INFO - Success 166090
2026-01-05 12:42:49,978 - INFO - Downloading 388210 (씨엠티엑스)...
2026-01-05 12:42:50,008 - WARNING - Empty data for 388210
2026-01-05 12:42:50,008 - INFO - Downloading 476060 (온코닉테라퓨틱스)...
2026-01-05 12:42:50,043 - INFO - Success 036540
2026-01-05 12:42:50,043 - INFO - Downloading 417200 (LS머트리얼즈)...
2026-01-05 12:42:50,057 - INFO - Success 476060
2026-01-05 12:42:50,057 - INFO - Downloading 043260 (성호전자)...
2026-01-05 12:42:50,088 - INFO - Success 417200
2026-01-05 12:42:50,089 - INFO - Downloading 376300 (디어유)...
2026-01-05 12:42:50,148 - INFO - Success 043260
2026-01-05 12:42:50,149 - INFO - Downloading 137400 (피엔티)...
2026-01-05 12:42:50,159 - INFO - Success 376300
2026-01-05 12:42:50,159 - INFO - Downloading 112040 (위메이드)...
2026-01-05 12:42:50,225 - INFO - Success 137400
2026-01-05 12:42:50,225 - INFO - Downloading 056190 (에스에프에이)...
2026-01-05 12:42:50,240 - INFO - Success 112040
2026-01-05 12:42:50,240 - INFO - Downloading 086900 (메디톡스)...
2026-01-05 12:42:50,295 - INFO - Success 056190
2026-01-05 12:42:50,295 - INFO - Downloading 347700 (스피어)...
2026-01-05 12:42:50,320 - INFO - Success 086900
2026-01-05 12:42:50,320 - INFO - Downloading 287840 (인투셀)...
2026-01-05 12:42:50,359 - WARNING - Empty data for 287840
2026-01-05 12:42:50,359 - INFO - Downloading 006730 (서부T&D)...
2026-01-05 12:42:50,361 - INFO - Success 347700
2026-01-05 12:42:50,361 - INFO - Downloading 225570 (넥슨게임즈)...
2026-01-05 12:42:50,437 - INFO - Success 225570
2026-01-05 12:42:50,437 - INFO - Downloading 036830 (솔브레인홀딩스)...
2026-01-05 12:42:50,441 - INFO - Success 006730
2026-01-05 12:42:50,441 - INFO - Downloading 295310 (에이치브이엠)...
2026-01-05 12:42:50,489 - INFO - Success 295310
2026-01-05 12:42:50,489 - INFO - Downloading 082920 (비츠로셀)...
2026-01-05 12:42:50,520 - INFO - Success 036830
2026-01-05 12:42:50,520 - INFO - Downloading 189300 (인텔리안테크)...
2026-01-05 12:42:50,569 - INFO - Success 082920
2026-01-05 12:42:50,569 - INFO - Downloading 089970 (브이엠)...
2026-01-05 12:42:50,591 - INFO - Success 189300
2026-01-05 12:42:50,591 - INFO - Downloading 042000 (카페24)...
2026-01-05 12:42:50,637 - INFO - Success 089970
2026-01-05 12:42:50,637 - INFO - Downloading 067160 (SOOP)...
2026-01-05 12:42:50,687 - INFO - Success 042000
2026-01-05 12:42:50,688 - INFO - Downloading 086450 (동국제약)...
2026-01-05 12:42:50,715 - INFO - Success 067160
2026-01-05 12:42:50,716 - INFO - Downloading 090360 (로보스타)...
2026-01-05 12:42:50,762 - INFO - Success 086450
2026-01-05 12:42:50,762 - INFO - Downloading 228760 (지노믹트리)...
2026-01-05 12:42:50,789 - INFO - Success 090360
2026-01-05 12:42:50,789 - INFO - Downloading 241710 (코스메카코리아)...
2026-01-05 12:42:50,844 - INFO - Success 228760
2026-01-05 12:42:50,844 - INFO - Downloading 348210 (넥스틴)...
2026-01-05 12:42:50,861 - INFO - Success 241710
2026-01-05 12:42:50,861 - INFO - Downloading 025980 (아난티)...
2026-01-05 12:42:50,903 - INFO - Success 348210
2026-01-05 12:42:50,903 - INFO - Downloading 389650 (넥스트바이오메디컬)...
2026-01-05 12:42:50,939 - INFO - Success 025980
2026-01-05 12:42:50,939 - INFO - Downloading 033500 (동성화인텍)...
2026-01-05 12:42:50,948 - INFO - Success 389650
2026-01-05 12:42:50,948 - INFO - Downloading 100790 (미래에셋벤처투자)...
2026-01-05 12:42:51,017 - INFO - Success 100790
2026-01-05 12:42:51,017 - INFO - Downloading 336570 (원텍)...
2026-01-05 12:42:51,020 - INFO - Success 033500
2026-01-05 12:42:51,020 - INFO - Downloading 124500 (아이티센글로벌)...
2026-01-05 12:42:51,078 - INFO - Success 336570
2026-01-05 12:42:51,078 - INFO - Downloading 131290 (티에스이)...
2026-01-05 12:42:51,094 - INFO - Success 124500
2026-01-05 12:42:51,095 - INFO - Downloading 372320 (큐로셀)...
2026-01-05 12:42:51,147 - INFO - Success 372320
2026-01-05 12:42:51,147 - INFO - Downloading 032190 (다우데이타)...
2026-01-05 12:42:51,230 - INFO - Success 131290
2026-01-05 12:42:51,231 - INFO - Downloading 102710 (이엔에프테크놀로지)...
2026-01-05 12:42:51,234 - INFO - Success 032190
2026-01-05 12:42:51,234 - INFO - Downloading 125490 (한라캐스트)...
2026-01-05 12:42:51,273 - WARNING - Empty data for 125490
2026-01-05 12:42:51,273 - INFO - Downloading 052400 (코나아이)...
2026-01-05 12:42:51,306 - INFO - Success 102710
2026-01-05 12:42:51,306 - INFO - Downloading 014620 (성광벤드)...
2026-01-05 12:42:51,354 - INFO - Success 052400
2026-01-05 12:42:51,354 - INFO - Downloading 036810 (에프에스티)...
2026-01-05 12:42:51,384 - INFO - Success 014620
2026-01-05 12:42:51,384 - INFO - Downloading 053800 (안랩)...
2026-01-05 12:42:51,435 - INFO - Success 036810
2026-01-05 12:42:51,435 - INFO - Downloading 475960 (토모큐브)...
2026-01-05 12:42:51,459 - INFO - Success 053800
2026-01-05 12:42:51,459 - INFO - Downloading 211050 (인카금융서비스)...
2026-01-05 12:42:51,483 - INFO - Success 475960
2026-01-05 12:42:51,483 - INFO - Downloading 251970 (펌텍코리아)...
2026-01-05 12:42:51,530 - INFO - Success 211050
2026-01-05 12:42:51,530 - INFO - Downloading 220100 (퓨쳐켐)...
2026-01-05 12:42:51,550 - INFO - Success 251970
2026-01-05 12:42:51,551 - INFO - Downloading 094170 (동운아나텍)...
2026-01-05 12:42:51,605 - INFO - Success 220100
2026-01-05 12:42:51,605 - INFO - Downloading 078160 (메디포스트)...
2026-01-05 12:42:51,624 - INFO - Success 094170
2026-01-05 12:42:51,625 - INFO - Downloading 041190 (우리기술투자)...
2026-01-05 12:42:51,697 - INFO - Success 078160
2026-01-05 12:42:51,698 - INFO - Downloading 018290 (브이티)...
2026-01-05 12:42:51,701 - INFO - Success 041190
2026-01-05 12:42:51,701 - INFO - Downloading 032820 (우리기술)...
2026-01-05 12:42:51,785 - INFO - Success 018290
2026-01-05 12:42:51,785 - INFO - Downloading 032500 (케이엠더블유)...
2026-01-05 12:42:51,787 - INFO - Success 032820
2026-01-05 12:42:51,787 - INFO - Downloading 009520 (포스코엠텍)...
2026-01-05 12:42:51,870 - INFO - Success 032500
2026-01-05 12:42:51,870 - INFO - Downloading 084110 (휴온스글로벌)...
2026-01-05 12:42:51,871 - INFO - Success 009520
2026-01-05 12:42:51,871 - INFO - Downloading 460930 (현대힘스)...
2026-01-05 12:42:51,937 - INFO - Success 460930
2026-01-05 12:42:51,937 - INFO - Downloading 052020 (에스티큐브)...
2026-01-05 12:42:51,973 - INFO - Success 084110
2026-01-05 12:42:51,973 - INFO - Downloading 102940 (코오롱생명과학)...
2026-01-05 12:42:52,086 - INFO - Success 052020
2026-01-05 12:42:52,086 - INFO - Downloading 060250 (NHN KCP)...
2026-01-05 12:42:52,086 - INFO - Success 102940
2026-01-05 12:42:52,087 - INFO - Downloading 033100 (제룡전기)...
2026-01-05 12:42:52,162 - INFO - Success 033100
2026-01-05 12:42:52,163 - INFO - Downloading 399720 (가온칩스)...
2026-01-05 12:42:52,164 - INFO - Success 060250
2026-01-05 12:42:52,164 - INFO - Downloading 074600 (원익QnC)...
2026-01-05 12:42:52,218 - INFO - Success 399720
2026-01-05 12:42:52,219 - INFO - Downloading 121600 (나노신소재)...
2026-01-05 12:42:52,235 - INFO - Success 074600
2026-01-05 12:42:52,235 - INFO - Downloading 126340 (비나텍)...
2026-01-05 12:42:52,307 - INFO - Success 121600
2026-01-05 12:42:52,307 - INFO - Downloading 083450 (GST)...
2026-01-05 12:42:52,310 - INFO - Success 126340
2026-01-05 12:42:52,310 - INFO - Downloading 214430 (아이쓰리시스템)...
2026-01-05 12:42:52,387 - INFO - Success 214430
2026-01-05 12:42:52,387 - INFO - Downloading 356860 (티엘비)...
2026-01-05 12:42:52,388 - INFO - Success 083450
2026-01-05 12:42:52,388 - INFO - Downloading 278280 (천보)...
2026-01-05 12:42:52,452 - INFO - Success 356860
2026-01-05 12:42:52,452 - INFO - Downloading 023160 (태광)...
2026-01-05 12:42:52,454 - INFO - Success 278280
2026-01-05 12:42:52,454 - INFO - Downloading 093320 (케이아이엔엑스)...
2026-01-05 12:42:52,539 - INFO - Success 023160
2026-01-05 12:42:52,540 - INFO - Downloading 049630 (재영솔루텍)...
2026-01-05 12:42:52,541 - INFO - Success 093320
2026-01-05 12:42:52,541 - INFO - Downloading 199800 (툴젠)...
2026-01-05 12:42:52,627 - INFO - Success 049630
2026-01-05 12:42:52,627 - INFO - Downloading 041960 (코미팜)...
2026-01-05 12:42:52,627 - INFO - Success 199800
2026-01-05 12:42:52,628 - INFO - Downloading 047920 (HLB제약)...
2026-01-05 12:42:52,704 - INFO - Success 041960
2026-01-05 12:42:52,704 - INFO - Downloading 030520 (한글과컴퓨터)...
2026-01-05 12:42:52,705 - INFO - Success 047920
2026-01-05 12:42:52,705 - INFO - Downloading 484590 (삼양컴텍)...
2026-01-05 12:42:52,740 - WARNING - Empty data for 484590
2026-01-05 12:42:52,740 - INFO - Downloading 095660 (네오위즈)...
2026-01-05 12:42:52,785 - INFO - Success 030520
2026-01-05 12:42:52,785 - INFO - Downloading 127120 (제이에스링크)...
2026-01-05 12:42:52,814 - INFO - Success 095660
2026-01-05 12:42:52,814 - INFO - Downloading 064260 (다날)...
2026-01-05 12:42:52,865 - INFO - Success 127120
2026-01-05 12:42:52,865 - INFO - Downloading 039440 (에스티아이)...
2026-01-05 12:42:52,890 - INFO - Success 064260
2026-01-05 12:42:52,891 - INFO - Downloading 038500 (삼표시멘트)...
2026-01-05 12:42:52,945 - INFO - Success 039440
2026-01-05 12:42:52,945 - INFO - Downloading 060280 (큐렉소)...
2026-01-05 12:42:52,971 - INFO - Success 038500
2026-01-05 12:42:52,971 - INFO - Downloading 056080 (유진로봇)...
2026-01-05 12:42:53,025 - INFO - Success 060280
2026-01-05 12:42:53,026 - INFO - Downloading 044490 (태웅)...
2026-01-05 12:42:53,047 - INFO - Success 056080
2026-01-05 12:42:53,048 - INFO - Downloading 015750 (성우하이텍)...
2026-01-05 12:42:53,106 - INFO - Success 044490
2026-01-05 12:42:53,106 - INFO - Downloading 488900 (비츠로넥스텍)...
2026-01-05 12:42:53,125 - INFO - Success 015750
2026-01-05 12:42:53,125 - INFO - Downloading 222080 (씨아이에스)...
2026-01-05 12:42:53,144 - WARNING - Empty data for 488900
2026-01-05 12:42:53,144 - INFO - Downloading 101730 (위메이드맥스)...
2026-01-05 12:42:53,198 - INFO - Success 222080
2026-01-05 12:42:53,198 - INFO - Downloading 025320 (시노펙스)...
2026-01-05 12:42:53,223 - INFO - Success 101730
2026-01-05 12:42:53,223 - INFO - Downloading 450950 (아스테라시스)...
2026-01-05 12:42:53,263 - WARNING - Empty data for 450950
2026-01-05 12:42:53,263 - INFO - Downloading 119850 (지엔씨에너지)...
2026-01-05 12:42:53,275 - INFO - Success 025320
2026-01-05 12:42:53,275 - INFO - Downloading 036620 (감성코퍼레이션)...
2026-01-05 12:42:53,350 - INFO - Success 119850
2026-01-05 12:42:53,350 - INFO - Downloading 089010 (켐트로닉스)...
2026-01-05 12:42:53,356 - INFO - Success 036620
2026-01-05 12:42:53,357 - INFO - Downloading 067630 (HLB생명과학)...
2026-01-05 12:42:53,437 - INFO - Success 067630
2026-01-05 12:42:53,437 - INFO - Success 089010
2026-01-05 12:42:53,437 - INFO - Downloading 365340 (성일하이텍)...
2026-01-05 12:42:53,437 - INFO - Downloading 171090 (선익시스템)...
2026-01-05 12:42:53,492 - INFO - Success 365340
2026-01-05 12:42:53,492 - INFO - Downloading 394800 (쓰리빌리언)...
2026-01-05 12:42:53,512 - INFO - Success 171090
2026-01-05 12:42:53,512 - INFO - Downloading 053030 (바이넥스)...
2026-01-05 12:42:53,539 - INFO - Success 394800
2026-01-05 12:42:53,539 - INFO - Downloading 383310 (에코프로에이치엔)...
2026-01-05 12:42:53,588 - INFO - Success 053030
2026-01-05 12:42:53,588 - INFO - Downloading 230360 (에코마케팅)...
2026-01-05 12:42:53,596 - INFO - Success 383310
2026-01-05 12:42:53,596 - INFO - Downloading 253590 (네오셈)...
2026-01-05 12:42:53,664 - INFO - Success 230360
2026-01-05 12:42:53,665 - INFO - Downloading 048410 (현대바이오)...
2026-01-05 12:42:53,671 - INFO - Success 253590
2026-01-05 12:42:53,671 - INFO - Downloading 065660 (안트로젠)...
2026-01-05 12:42:53,745 - INFO - Success 065660
2026-01-05 12:42:53,745 - INFO - Success 048410
2026-01-05 12:42:53,745 - INFO - Downloading 215600 (신라젠)...
2026-01-05 12:42:53,746 - INFO - Downloading 079370 (제우스)...
2026-01-05 12:42:53,830 - INFO - Success 215600
2026-01-05 12:42:53,830 - INFO - Downloading 455900 (엔젤로보틱스)...
2026-01-05 12:42:53,832 - INFO - Success 079370
2026-01-05 12:42:53,832 - INFO - Downloading 058970 (엠로)...
2026-01-05 12:42:53,876 - INFO - Success 455900
2026-01-05 12:42:53,876 - INFO - Downloading 050890 (쏠리드)...
2026-01-05 12:42:53,900 - INFO - Success 058970
2026-01-05 12:42:53,900 - INFO - Downloading 272290 (이녹스첨단소재)...
2026-01-05 12:42:53,951 - INFO - Success 050890
2026-01-05 12:42:53,951 - INFO - Downloading 059090 (미코)...
2026-01-05 12:42:53,970 - INFO - Success 272290
2026-01-05 12:42:53,970 - INFO - Downloading 045100 (한양이엔지)...
2026-01-05 12:42:54,033 - INFO - Success 059090
2026-01-05 12:42:54,033 - INFO - Downloading 200670 (휴메딕스)...
2026-01-05 12:42:54,037 - INFO - Success 045100
2026-01-05 12:42:54,037 - INFO - Downloading 425420 (티에프이)...
2026-01-05 12:42:54,087 - INFO - Success 425420
2026-01-05 12:42:54,087 - INFO - Downloading 179900 (유티아이)...
2026-01-05 12:42:54,108 - INFO - Success 200670
2026-01-05 12:42:54,108 - INFO - Downloading 069080 (웹젠)...
2026-01-05 12:42:54,156 - INFO - Success 179900
2026-01-05 12:42:54,156 - INFO - Downloading 034950 (한국기업평가)...
2026-01-05 12:42:54,185 - INFO - Success 069080
2026-01-05 12:42:54,185 - INFO - Downloading 101930 (인화정공)...
2026-01-05 12:42:54,232 - INFO - Success 034950
2026-01-05 12:42:54,232 - INFO - Downloading 298830 (슈어소프트테크)...
2026-01-05 12:42:54,264 - INFO - Success 101930
2026-01-05 12:42:54,264 - INFO - Downloading 099190 (아이센스)...
2026-01-05 12:42:54,291 - INFO - Success 298830
2026-01-05 12:42:54,291 - INFO - Downloading 079940 (가비아)...
2026-01-05 12:42:54,344 - INFO - Success 099190
2026-01-05 12:42:54,344 - INFO - Downloading 117730 (티로보틱스)...
2026-01-05 12:42:54,366 - INFO - Success 079940
2026-01-05 12:42:54,366 - INFO - Downloading 104830 (원익머트리얼즈)...
2026-01-05 12:42:54,407 - INFO - Success 117730
2026-01-05 12:42:54,408 - INFO - Downloading 304360 (에스바이오메딕스)...
2026-01-05 12:42:54,446 - INFO - Success 104830
2026-01-05 12:42:54,446 - INFO - Downloading 441270 (파인엠텍)...
2026-01-05 12:42:54,456 - INFO - Success 304360
2026-01-05 12:42:54,456 - INFO - Downloading 368770 (파이버프로)...
2026-01-05 12:42:54,512 - INFO - Success 441270
2026-01-05 12:42:54,512 - INFO - Downloading 041830 (인바디)...
2026-01-05 12:42:54,525 - INFO - Success 368770
2026-01-05 12:42:54,526 - INFO - Downloading 352480 (씨앤씨인터내셔널)...
2026-01-05 12:42:54,582 - INFO - Success 352480
2026-01-05 12:42:54,582 - INFO - Downloading 010170 (대한광통신)...
2026-01-05 12:42:54,597 - INFO - Success 041830
2026-01-05 12:42:54,597 - INFO - Downloading 206650 (유바이오로직스)...
2026-01-05 12:42:54,657 - INFO - Success 010170
2026-01-05 12:42:54,657 - INFO - Downloading 025900 (동화기업)...
2026-01-05 12:42:54,671 - INFO - Success 206650
2026-01-05 12:42:54,671 - INFO - Downloading 200710 (에이디테크놀로지)...
2026-01-05 12:42:54,732 - INFO - Success 025900
2026-01-05 12:42:54,732 - INFO - Downloading 138610 (나이벡)...
2026-01-05 12:42:54,740 - INFO - Success 200710
2026-01-05 12:42:54,740 - INFO - Downloading 494120 (큐리오시스)...
2026-01-05 12:42:54,772 - WARNING - Empty data for 494120
2026-01-05 12:42:54,772 - INFO - Downloading 215200 (메가스터디교육)...
2026-01-05 12:42:54,813 - INFO - Success 138610
2026-01-05 12:42:54,813 - INFO - Downloading 031330 (에스에이엠티)...
2026-01-05 12:42:54,845 - INFO - Success 215200
2026-01-05 12:42:54,845 - INFO - Downloading 027360 (아주IB투자)...
2026-01-05 12:42:54,892 - INFO - Success 031330
2026-01-05 12:42:54,892 - INFO - Downloading 950250 (테라뷰)...
2026-01-05 12:42:54,909 - INFO - Success 027360
2026-01-05 12:42:54,909 - INFO - Downloading 107640 (한중엔시에스)...
2026-01-05 12:42:54,926 - WARNING - Empty data for 950250
2026-01-05 12:42:54,926 - INFO - Downloading 309710 (아이티켐)...
2026-01-05 12:42:54,961 - WARNING - Empty data for 309710
2026-01-05 12:42:54,961 - INFO - Downloading 094360 (칩스앤미디어)...
2026-01-05 12:42:54,977 - INFO - Success 107640
2026-01-05 12:42:54,978 - INFO - Downloading 099440 (스맥)...
2026-01-05 12:42:55,040 - INFO - Success 094360
2026-01-05 12:42:55,040 - INFO - Downloading 420770 (기가비스)...
2026-01-05 12:42:55,053 - INFO - Success 099440
2026-01-05 12:42:55,053 - INFO - Downloading 403850 (더핑크퐁컴퍼니)...
2026-01-05 12:42:55,087 - WARNING - Empty data for 403850
2026-01-05 12:42:55,087 - INFO - Downloading 098070 (한텍)...
2026-01-05 12:42:55,092 - INFO - Success 420770
2026-01-05 12:42:55,093 - INFO - Downloading 478340 (나라스페이스테크놀로지)...
2026-01-05 12:42:55,128 - WARNING - Empty data for 098070
2026-01-05 12:42:55,130 - WARNING - Empty data for 478340
2026-01-05 12:42:55,130 - INFO - Downloading 318060 (그래피)...
2026-01-05 12:42:55,131 - INFO - Downloading 481070 (에이유브랜즈)...
2026-01-05 12:42:55,171 - WARNING - Empty data for 318060
2026-01-05 12:42:55,171 - INFO - Downloading 488280 (에스투더블유)...
2026-01-05 12:42:55,174 - WARNING - Empty data for 481070
2026-01-05 12:42:55,174 - INFO - Downloading 462860 (더즌)...
2026-01-05 12:42:55,219 - WARNING - Empty data for 488280
2026-01-05 12:42:55,221 - INFO - Downloading 0008Z0 (에스엔시스)...
2026-01-05 12:42:55,222 - WARNING - Empty data for 462860
2026-01-05 12:42:55,223 - INFO - Downloading 459510 (나우로보틱스)...
2026-01-05 12:42:55,260 - WARNING - Empty data for 459510
2026-01-05 12:42:55,260 - INFO - Downloading 380550 (뉴로핏)...
2026-01-05 12:42:55,298 - WARNING - Empty data for 380550
2026-01-05 12:42:55,298 - INFO - Downloading 484120 (도우인시스)...
2026-01-05 12:42:55,336 - WARNING - Empty data for 484120
2026-01-05 12:42:55,336 - INFO - Downloading 474650 (링크솔루션)...
2026-01-05 12:42:55,375 - WARNING - Empty data for 474650
2026-01-05 12:42:55,375 - INFO - Downloading 482630 (삼양엔씨켐)...
2026-01-05 12:42:55,418 - WARNING - Empty data for 482630
2026-01-05 12:42:55,418 - INFO - Downloading 452450 (피아이이)...
2026-01-05 12:42:55,462 - WARNING - Empty data for 452450
2026-01-05 12:42:55,462 - INFO - Downloading 061090 (세나테크놀로지)...
2026-01-05 12:42:55,503 - WARNING - Empty data for 061090
2026-01-05 12:42:55,503 - INFO - Downloading 0007C0 (아크릴)...
2026-01-05 12:42:55,504 - ERROR - Error downloading 0008Z0: 404 Client Error: Not Found for url: https://query2.finance.yahoo.com/v8/finance/chart/0008Z0?period1=-32400&period2=1735570800&interval=1d&includeAdjustedClose=true
2026-01-05 12:42:55,505 - INFO - Downloading 476040 (오가노이드사이언스)...
2026-01-05 12:42:55,545 - WARNING - Empty data for 476040
2026-01-05 12:42:55,545 - INFO - Downloading 484810 (티엑스알로보틱스)...
2026-01-05 12:42:55,586 - WARNING - Empty data for 484810
2026-01-05 12:42:55,587 - INFO - Downloading 469610 (이노테크)...
2026-01-05 12:42:55,631 - WARNING - Empty data for 469610
2026-01-05 12:42:55,631 - INFO - Downloading 256940 (킵스파마)...
2026-01-05 12:42:55,712 - INFO - Success 256940
2026-01-05 12:42:55,712 - INFO - Downloading 461300 (아이스크림미디어)...
2026-01-05 12:42:55,756 - INFO - Success 461300
2026-01-05 12:42:55,756 - INFO - Downloading 950140 (잉글우드랩)...
2026-01-05 12:42:55,832 - INFO - Success 950140
2026-01-05 12:42:55,833 - INFO - Downloading 017890 (한국알콜)...
2026-01-05 12:42:55,842 - ERROR - Error downloading 0007C0: 404 Client Error: Not Found for url: https://query2.finance.yahoo.com/v8/finance/chart/0007C0?period1=-32400&period2=1735570800&interval=1d&includeAdjustedClose=true
2026-01-05 12:42:55,842 - INFO - Downloading 330860 (네패스아크)...
2026-01-05 12:42:55,912 - INFO - Success 330860
2026-01-05 12:42:55,913 - INFO - Downloading 489500 (엘케이켐)...
2026-01-05 12:42:55,917 - INFO - Success 017890
2026-01-05 12:42:55,917 - INFO - Downloading 101170 (우림피티에스)...
2026-01-05 12:42:55,949 - WARNING - Empty data for 489500
2026-01-05 12:42:55,949 - INFO - Downloading 199820 (제일일렉트릭)...
2026-01-05 12:42:56,007 - INFO - Success 101170
2026-01-05 12:42:56,011 - INFO - Downloading 217730 (강스템바이오텍)...
2026-01-05 12:42:56,015 - INFO - Success 199820
2026-01-05 12:42:56,015 - INFO - Downloading 305090 (마이크로디지탈)...
2026-01-05 12:42:56,071 - INFO - Success 305090
2026-01-05 12:42:56,071 - INFO - Downloading 327260 (RF머트리얼즈)...
2026-01-05 12:42:56,087 - INFO - Success 217730
2026-01-05 12:42:56,087 - INFO - Downloading 092870 (엑시콘)...
2026-01-05 12:42:56,139 - INFO - Success 327260
2026-01-05 12:42:56,139 - INFO - Downloading 214180 (헥토이노베이션)...
2026-01-05 12:42:56,169 - INFO - Success 092870
2026-01-05 12:42:56,169 - INFO - Downloading 432720 (퀄리타스반도체)...
2026-01-05 12:42:56,215 - INFO - Success 214180
2026-01-05 12:42:56,215 - INFO - Downloading 217330 (싸이토젠)...
2026-01-05 12:42:56,223 - INFO - Success 432720
2026-01-05 12:42:56,223 - INFO - Downloading 068930 (디지털대성)...
2026-01-05 12:42:56,281 - INFO - Success 217330
2026-01-05 12:42:56,281 - INFO - Downloading 086820 (바이오솔루션)...
2026-01-05 12:42:56,299 - INFO - Success 068930
2026-01-05 12:42:56,299 - INFO - Downloading 234030 (싸이닉솔루션)...
2026-01-05 12:42:56,332 - WARNING - Empty data for 234030
2026-01-05 12:42:56,332 - INFO - Downloading 260970 (에스앤디)...
2026-01-05 12:42:56,349 - INFO - Success 086820
2026-01-05 12:42:56,351 - INFO - Downloading 308080 (바이젠셀)...
2026-01-05 12:42:56,405 - INFO - Success 260970
2026-01-05 12:42:56,405 - INFO - Downloading 489460 (바이오비쥬)...
2026-01-05 12:42:56,406 - INFO - Success 308080
2026-01-05 12:42:56,407 - INFO - Downloading 083930 (아바코)...
2026-01-05 12:42:56,448 - WARNING - Empty data for 489460
2026-01-05 12:42:56,448 - INFO - Downloading 060150 (인선이엔티)...
2026-01-05 12:42:56,486 - INFO - Success 083930
2026-01-05 12:42:56,486 - INFO - Downloading 121440 (골프존홀딩스)...
2026-01-05 12:42:56,524 - INFO - Success 060150
2026-01-05 12:42:56,524 - INFO - Downloading 241520 (DSC인베스트먼트)...
2026-01-05 12:42:56,565 - INFO - Success 121440
2026-01-05 12:42:56,565 - INFO - Downloading 950170 (JTC)...
2026-01-05 12:42:56,596 - INFO - Success 241520
2026-01-05 12:42:56,597 - INFO - Downloading 0015G0 (그린광학)...
2026-01-05 12:42:56,643 - INFO - Success 950170
2026-01-05 12:42:56,643 - INFO - Downloading 217820 (원익피앤이)...
2026-01-05 12:42:56,722 - INFO - Success 217820
2026-01-05 12:42:56,722 - INFO - Downloading 080160 (모두투어)...
2026-01-05 12:42:56,802 - INFO - Success 080160
2026-01-05 12:42:56,802 - INFO - Downloading 353810 (이지바이오)...
2026-01-05 12:42:56,869 - INFO - Success 353810
2026-01-05 12:42:56,870 - INFO - Downloading 146320 (비씨엔씨)...
2026-01-05 12:42:56,928 - ERROR - Error downloading 0015G0: 404 Client Error: Not Found for url: https://query2.finance.yahoo.com/v8/finance/chart/0015G0?period1=-32400&period2=1735570800&interval=1d&includeAdjustedClose=true
2026-01-05 12:42:56,929 - INFO - Downloading 100120 (뷰웍스)...
2026-01-05 12:42:56,938 - INFO - Success 146320
2026-01-05 12:42:56,938 - INFO - Downloading 078150 (HB테크놀러지)...
2026-01-05 12:42:57,037 - INFO - Success 100120
2026-01-05 12:42:57,037 - INFO - Downloading 101970 (우양에이치씨)...
2026-01-05 12:42:57,038 - INFO - Success 078150
2026-01-05 12:42:57,038 - INFO - Downloading 067280 (멀티캠퍼스)...
2026-01-05 12:42:57,093 - INFO - Success 101970
2026-01-05 12:42:57,093 - INFO - Downloading 451760 (컨텍)...
2026-01-05 12:42:57,119 - INFO - Success 067280
2026-01-05 12:42:57,119 - INFO - Downloading 053700 (삼보모터스)...
2026-01-05 12:42:57,141 - INFO - Success 451760
2026-01-05 12:42:57,141 - INFO - Downloading 119610 (인터로조)...
2026-01-05 12:42:57,198 - INFO - Success 053700
2026-01-05 12:42:57,198 - INFO - Downloading 109740 (디에스케이)...
2026-01-05 12:42:57,239 - INFO - Success 119610
2026-01-05 12:42:57,239 - INFO - Downloading 310200 (애니플러스)...
2026-01-05 12:42:57,289 - INFO - Success 109740
2026-01-05 12:42:57,289 - INFO - Downloading 160980 (싸이맥스)...
2026-01-05 12:42:57,302 - INFO - Success 310200
2026-01-05 12:42:57,302 - INFO - Downloading 036220 (오상헬스케어)...
2026-01-05 12:42:57,361 - INFO - Success 160980
2026-01-05 12:42:57,361 - INFO - Downloading 066620 (국보디자인)...
2026-01-05 12:42:57,381 - INFO - Success 036220
2026-01-05 12:42:57,381 - INFO - Downloading 267320 (나인테크)...
2026-01-05 12:42:57,440 - INFO - Success 267320
2026-01-05 12:42:57,440 - INFO - Downloading 464490 (쿼드메디슨)...
2026-01-05 12:42:57,443 - INFO - Success 066620
2026-01-05 12:42:57,443 - INFO - Downloading 080420 (모다이노칩)...
2026-01-05 12:42:57,477 - WARNING - Empty data for 464490
2026-01-05 12:42:57,477 - INFO - Downloading 331740 (아우토크립트)...
2026-01-05 12:42:57,520 - WARNING - Empty data for 331740
2026-01-05 12:42:57,520 - INFO - Downloading 180400 (DXVX)...
2026-01-05 12:42:57,527 - INFO - Success 080420
2026-01-05 12:42:57,527 - INFO - Downloading 475230 (엔알비)...
2026-01-05 12:42:57,564 - WARNING - Empty data for 475230
2026-01-05 12:42:57,564 - INFO - Downloading 336680 (탑런토탈솔루션)...
2026-01-05 12:42:57,594 - INFO - Success 180400
2026-01-05 12:42:57,594 - INFO - Downloading 297090 (씨에스베어링)...
2026-01-05 12:42:57,611 - INFO - Success 336680
2026-01-05 12:42:57,611 - INFO - Downloading 122450 (KX)...
2026-01-05 12:42:57,660 - INFO - Success 297090
2026-01-05 12:42:57,660 - INFO - Downloading 297890 (HB솔루션)...
2026-01-05 12:42:57,682 - INFO - Success 122450
2026-01-05 12:42:57,682 - INFO - Downloading 053080 (케이엔솔)...
2026-01-05 12:42:57,724 - INFO - Success 297890
2026-01-05 12:42:57,724 - INFO - Downloading 240550 (동방메디컬)...
2026-01-05 12:42:57,752 - INFO - Success 053080
2026-01-05 12:42:57,752 - INFO - Downloading 452280 (한선엔지니어링)...
2026-01-05 12:42:57,757 - WARNING - Empty data for 240550
2026-01-05 12:42:57,758 - INFO - Downloading 025950 (동신건설)...
2026-01-05 12:42:57,803 - INFO - Success 452280
2026-01-05 12:42:57,803 - INFO - Downloading 091580 (상신이디피)...
2026-01-05 12:42:57,835 - INFO - Success 025950
2026-01-05 12:42:57,835 - INFO - Downloading 0015S0 (페스카로)...
2026-01-05 12:42:57,888 - INFO - Success 091580
2026-01-05 12:42:57,888 - INFO - Downloading 226590 (엠디바이스)...
2026-01-05 12:42:57,926 - WARNING - Empty data for 226590
2026-01-05 12:42:57,926 - INFO - Downloading 047310 (파워로직스)...
2026-01-05 12:42:58,006 - INFO - Success 047310
2026-01-05 12:42:58,006 - INFO - Downloading 052330 (코텍)...
2026-01-05 12:42:58,088 - INFO - Success 052330
2026-01-05 12:42:58,088 - INFO - Downloading 340450 (지씨지놈)...
2026-01-05 12:42:58,126 - WARNING - Empty data for 340450
2026-01-05 12:42:58,126 - INFO - Downloading 035080 (그래디언트)...
2026-01-05 12:42:58,131 - ERROR - Error downloading 0015S0: 404 Client Error: Not Found for url: https://query2.finance.yahoo.com/v8/finance/chart/0015S0?period1=-32400&period2=1735570800&interval=1d&includeAdjustedClose=true
2026-01-05 12:42:58,131 - INFO - Downloading 069510 (에스텍)...
2026-01-05 12:42:58,207 - INFO - Success 035080
2026-01-05 12:42:58,207 - INFO - Downloading 136150 (원일티엔아이)...
2026-01-05 12:42:58,218 - INFO - Success 069510
2026-01-05 12:42:58,218 - INFO - Downloading 203650 (드림시큐리티)...
2026-01-05 12:42:58,246 - WARNING - Empty data for 136150
2026-01-05 12:42:58,246 - INFO - Downloading 475580 (에이럭스)...
2026-01-05 12:42:58,296 - INFO - Success 475580
2026-01-05 12:42:58,298 - INFO - Downloading 388050 (지투파워)...
2026-01-05 12:42:58,301 - INFO - Success 203650
2026-01-05 12:42:58,301 - INFO - Downloading 158430 (아톤)...
2026-01-05 12:42:58,355 - INFO - Success 388050
2026-01-05 12:42:58,355 - INFO - Downloading 223250 (드림씨아이에스)...
2026-01-05 12:42:58,368 - INFO - Success 158430
2026-01-05 12:42:58,368 - INFO - Downloading 049950 (미래컴퍼니)...
2026-01-05 12:42:58,416 - INFO - Success 223250
2026-01-05 12:42:58,416 - INFO - Downloading 322510 (제이엘케이)...
2026-01-05 12:42:58,452 - INFO - Success 049950
2026-01-05 12:42:58,452 - INFO - Downloading 086980 (쇼박스)...
2026-01-05 12:42:58,485 - INFO - Success 322510
2026-01-05 12:42:58,485 - INFO - Downloading 096250 (와이즈넛)...
2026-01-05 12:42:58,529 - WARNING - Empty data for 096250
2026-01-05 12:42:58,529 - INFO - Downloading 008830 (대동기어)...
2026-01-05 12:42:58,541 - INFO - Success 086980
2026-01-05 12:42:58,541 - INFO - Downloading 370090 (퓨런티어)...
2026-01-05 12:42:58,601 - INFO - Success 370090
2026-01-05 12:42:58,601 - INFO - Downloading 007330 (푸른저축은행)...
2026-01-05 12:42:58,612 - INFO - Success 008830
2026-01-05 12:42:58,612 - INFO - Downloading 219130 (타이거일렉)...
2026-01-05 12:42:58,686 - INFO - Success 007330
2026-01-05 12:42:58,687 - INFO - Downloading 042600 (새로닉스)...
2026-01-05 12:42:58,689 - INFO - Success 219130
2026-01-05 12:42:58,689 - INFO - Downloading 045970 (코아시아)...
2026-01-05 12:42:58,771 - INFO - Success 045970
2026-01-05 12:42:58,771 - INFO - Downloading 463020 (뉴엔AI)...
2026-01-05 12:42:58,771 - INFO - Success 042600
2026-01-05 12:42:58,772 - INFO - Downloading 460940 (피앤에스로보틱스)...
2026-01-05 12:42:58,814 - WARNING - Empty data for 463020
2026-01-05 12:42:58,814 - INFO - Downloading 006620 (동구바이오제약)...
2026-01-05 12:42:58,825 - INFO - Success 460940
2026-01-05 12:42:58,825 - INFO - Downloading 013990 (아가방컴퍼니)...
2026-01-05 12:42:58,883 - INFO - Success 006620
2026-01-05 12:42:58,883 - INFO - Downloading 039830 (오로라)...
2026-01-05 12:42:58,909 - INFO - Success 013990
2026-01-05 12:42:58,909 - INFO - Downloading 023600 (삼보판지)...
2026-01-05 12:42:58,963 - INFO - Success 039830
2026-01-05 12:42:58,963 - INFO - Downloading 068790 (DMS)...
2026-01-05 12:42:58,987 - INFO - Success 023600
2026-01-05 12:42:58,987 - INFO - Downloading 212560 (네오오토)...
2026-01-05 12:42:59,045 - INFO - Success 068790
2026-01-05 12:42:59,045 - INFO - Downloading 122990 (와이솔)...
2026-01-05 12:42:59,071 - INFO - Success 212560
2026-01-05 12:42:59,072 - INFO - Downloading 264450 (유비쿼스)...
2026-01-05 12:42:59,125 - INFO - Success 122990
2026-01-05 12:42:59,125 - INFO - Downloading 125020 (티씨머티리얼즈)...
2026-01-05 12:42:59,146 - INFO - Success 264450
2026-01-05 12:42:59,146 - INFO - Downloading 089600 (KT나스미디어)...
2026-01-05 12:42:59,165 - WARNING - Empty data for 125020
2026-01-05 12:42:59,165 - INFO - Downloading 067000 (조이시티)...
2026-01-05 12:42:59,228 - INFO - Success 089600
2026-01-05 12:42:59,228 - INFO - Downloading 402490 (그린리소스)...
2026-01-05 12:42:59,239 - INFO - Success 067000
2026-01-05 12:42:59,239 - INFO - Downloading 109610 (에스와이)...
2026-01-05 12:42:59,275 - INFO - Success 402490
2026-01-05 12:42:59,275 - INFO - Downloading 041440 (현대에버다임)...
2026-01-05 12:42:59,315 - INFO - Success 109610
2026-01-05 12:42:59,315 - INFO - Downloading 388870 (파로스아이바이오)...
2026-01-05 12:42:59,352 - INFO - Success 041440
2026-01-05 12:42:59,353 - INFO - Downloading 458650 (성우)...
2026-01-05 12:42:59,366 - INFO - Success 388870
2026-01-05 12:42:59,367 - INFO - Downloading 005160 (동국산업)...
2026-01-05 12:42:59,393 - INFO - Success 458650
2026-01-05 12:42:59,393 - INFO - Downloading 424960 (스마트레이더시스템)...
2026-01-05 12:42:59,439 - INFO - Success 424960
2026-01-05 12:42:59,439 - INFO - Downloading 032300 (한국파마)...
2026-01-05 12:42:59,443 - INFO - Success 005160
2026-01-05 12:42:59,443 - INFO - Downloading 104460 (디와이피엔에프)...
2026-01-05 12:42:59,503 - INFO - Success 032300
2026-01-05 12:42:59,503 - INFO - Downloading 036710 (심텍홀딩스)...
2026-01-05 12:42:59,517 - INFO - Success 104460
2026-01-05 12:42:59,517 - INFO - Downloading 071200 (인피니트헬스케어)...
2026-01-05 12:42:59,577 - INFO - Success 036710
2026-01-05 12:42:59,577 - INFO - Downloading 052710 (아모텍)...
2026-01-05 12:42:59,592 - INFO - Success 071200
2026-01-05 12:42:59,593 - INFO - Downloading 017510 (세명전기)...
2026-01-05 12:42:59,651 - INFO - Success 052710
2026-01-05 12:42:59,651 - INFO - Downloading 009780 (엠에스씨)...
2026-01-05 12:42:59,670 - INFO - Success 017510
2026-01-05 12:42:59,670 - INFO - Downloading 081180 (쎄크)...
2026-01-05 12:42:59,706 - WARNING - Empty data for 081180
2026-01-05 12:42:59,706 - INFO - Downloading 053580 (웹케시)...
2026-01-05 12:42:59,733 - INFO - Success 009780
2026-01-05 12:42:59,733 - INFO - Downloading 290550 (디케이티)...
2026-01-05 12:42:59,773 - INFO - Success 053580
2026-01-05 12:42:59,773 - INFO - Downloading 059210 (메타바이오메드)...
2026-01-05 12:42:59,802 - INFO - Success 290550
2026-01-05 12:42:59,802 - INFO - Downloading 071280 (로체시스템즈)...
2026-01-05 12:42:59,858 - INFO - Success 059210
2026-01-05 12:42:59,858 - INFO - Downloading 056090 (시지메드텍)...
2026-01-05 12:42:59,883 - INFO - Success 071280
2026-01-05 12:42:59,883 - INFO - Downloading 443670 (에스피소프트)...
2026-01-05 12:42:59,938 - INFO - Success 443670
2026-01-05 12:42:59,938 - INFO - Downloading 299170 (더블유에스아이)...
2026-01-05 12:42:59,939 - INFO - Success 056090
2026-01-05 12:42:59,940 - INFO - Downloading 052420 (오성첨단소재)...
2026-01-05 12:43:00,014 - INFO - Success 299170
2026-01-05 12:43:00,014 - INFO - Downloading 408920 (메쎄이상)...
2026-01-05 12:43:00,037 - INFO - Success 052420
2026-01-05 12:43:00,037 - INFO - Downloading 136540 (윈스테크넷)...
2026-01-05 12:43:00,078 - INFO - Success 408920
2026-01-05 12:43:00,078 - INFO - Downloading 104480 (티케이케미칼)...
2026-01-05 12:43:00,119 - INFO - Success 136540
2026-01-05 12:43:00,119 - INFO - Downloading 377480 (마음AI)...
2026-01-05 12:43:00,157 - INFO - Success 104480
2026-01-05 12:43:00,157 - INFO - Downloading 021080 (에이티넘인베스트)...
2026-01-05 12:43:00,178 - INFO - Success 377480
2026-01-05 12:43:00,178 - INFO - Downloading 192440 (슈피겐코리아)...
2026-01-05 12:43:00,302 - INFO - Success 021080
2026-01-05 12:43:00,302 - INFO - Downloading 083500 (에프엔에스테크)...
2026-01-05 12:43:00,305 - INFO - Success 192440
2026-01-05 12:43:00,305 - INFO - Downloading 096240 (크레버스)...
2026-01-05 12:43:00,374 - INFO - Success 083500
2026-01-05 12:43:00,374 - INFO - Downloading 149950 (아바텍)...
2026-01-05 12:43:00,383 - INFO - Success 096240
2026-01-05 12:43:00,383 - INFO - Downloading 250060 (모비스)...
2026-01-05 12:43:00,459 - INFO - Success 250060
2026-01-05 12:43:00,459 - INFO - Downloading 147830 (제룡산업)...
2026-01-05 12:43:00,460 - INFO - Success 149950
2026-01-05 12:43:00,460 - INFO - Downloading 123040 (엠에스오토텍)...
2026-01-05 12:43:00,543 - INFO - Success 123040
2026-01-05 12:43:00,543 - INFO - Downloading 039980 (폴라리스AI)...
2026-01-05 12:43:00,544 - INFO - Success 147830
2026-01-05 12:43:00,544 - INFO - Downloading 187660 (현대ADM)...
2026-01-05 12:43:00,604 - INFO - Success 187660
2026-01-05 12:43:00,604 - INFO - Downloading 255440 (야스)...
2026-01-05 12:43:00,627 - INFO - Success 039980
2026-01-05 12:43:00,627 - INFO - Downloading 091120 (이엠텍)...
2026-01-05 12:43:00,679 - INFO - Success 255440
2026-01-05 12:43:00,679 - INFO - Downloading 078140 (대봉엘에스)...
2026-01-05 12:43:00,704 - INFO - Success 091120
2026-01-05 12:43:00,704 - INFO - Downloading 084650 (랩지노믹스)...
2026-01-05 12:43:00,765 - INFO - Success 078140
2026-01-05 12:43:00,765 - INFO - Downloading 226400 (오스테오닉)...
2026-01-05 12:43:00,780 - INFO - Success 084650
2026-01-05 12:43:00,781 - INFO - Downloading 142210 (유니트론텍)...
2026-01-05 12:43:00,841 - INFO - Success 226400
2026-01-05 12:43:00,841 - INFO - Downloading 049470 (비트플래닛)...
2026-01-05 12:43:00,857 - INFO - Success 142210
2026-01-05 12:43:00,857 - INFO - Downloading 396270 (넥스트칩)...
2026-01-05 12:43:00,915 - INFO - Success 049470
2026-01-05 12:43:00,916 - INFO - Downloading 054920 (한컴위드)...
2026-01-05 12:43:00,917 - INFO - Success 396270
2026-01-05 12:43:00,918 - INFO - Downloading 282720 (금양그린파워)...
2026-01-05 12:43:00,965 - INFO - Success 282720
2026-01-05 12:43:00,965 - INFO - Downloading 278650 (HLB바이오스텝)...
2026-01-05 12:43:00,993 - INFO - Success 054920
2026-01-05 12:43:00,993 - INFO - Downloading 019010 (베뉴지)...
2026-01-05 12:43:01,034 - INFO - Success 278650
2026-01-05 12:43:01,034 - INFO - Downloading 205500 (넥써쓰)...
2026-01-05 12:43:01,079 - INFO - Success 019010
2026-01-05 12:43:01,080 - INFO - Downloading 205470 (휴마시스)...
2026-01-05 12:43:01,106 - INFO - Success 205500
2026-01-05 12:43:01,106 - INFO - Downloading 269620 (시스웍)...
2026-01-05 12:43:01,156 - INFO - Success 205470
2026-01-05 12:43:01,156 - INFO - Downloading 072870 (메가스터디)...
2026-01-05 12:43:01,177 - INFO - Success 269620
2026-01-05 12:43:01,177 - INFO - Downloading 131370 (알서포트)...
2026-01-05 12:43:01,236 - INFO - Success 072870
2026-01-05 12:43:01,236 - INFO - Downloading 063170 (서울옥션)...
2026-01-05 12:43:01,252 - INFO - Success 131370
2026-01-05 12:43:01,252 - INFO - Downloading 380540 (옵티코어)...
2026-01-05 12:43:01,314 - INFO - Success 380540
2026-01-05 12:43:01,315 - INFO - Downloading 048550 (SM C&C)...
2026-01-05 12:43:01,318 - INFO - Success 063170
2026-01-05 12:43:01,318 - INFO - Downloading 362320 (청담글로벌)...
2026-01-05 12:43:01,373 - INFO - Success 362320
2026-01-05 12:43:01,373 - INFO - Downloading 119830 (아이텍)...
2026-01-05 12:43:01,392 - INFO - Success 048550
2026-01-05 12:43:01,392 - INFO - Downloading 086960 (MDS테크)...
2026-01-05 12:43:01,460 - INFO - Success 119830
2026-01-05 12:43:01,460 - INFO - Downloading 294140 (레몬)...
2026-01-05 12:43:01,471 - INFO - Success 086960
2026-01-05 12:43:01,471 - INFO - Downloading 354320 (알멕)...
2026-01-05 12:43:01,529 - INFO - Success 354320
2026-01-05 12:43:01,529 - INFO - Downloading 183490 (엔지켐생명과학)...
2026-01-05 12:43:01,531 - INFO - Success 294140
2026-01-05 12:43:01,531 - INFO - Downloading 052260 (현대바이오랜드)...
2026-01-05 12:43:01,623 - INFO - Success 052260
2026-01-05 12:43:01,623 - INFO - Success 183490
2026-01-05 12:43:01,623 - INFO - Downloading 191420 (테고사이언스)...
2026-01-05 12:43:01,624 - INFO - Downloading 0015N0 (아로마티카)...
2026-01-05 12:43:01,701 - INFO - Success 191420
2026-01-05 12:43:01,701 - INFO - Downloading 058630 (엠게임)...
2026-01-05 12:43:01,780 - INFO - Success 058630
2026-01-05 12:43:01,780 - INFO - Downloading 039560 (다산네트웍스)...
2026-01-05 12:43:01,857 - INFO - Success 039560
2026-01-05 12:43:01,857 - INFO - Downloading 126730 (코칩)...
2026-01-05 12:43:01,909 - INFO - Success 126730
2026-01-05 12:43:01,909 - INFO - Downloading 209640 (와이제이링크)...
2026-01-05 12:43:01,961 - ERROR - Error downloading 0015N0: 404 Client Error: Not Found for url: https://query2.finance.yahoo.com/v8/finance/chart/0015N0?period1=-32400&period2=1735570800&interval=1d&includeAdjustedClose=true
2026-01-05 12:43:01,962 - INFO - Downloading 038110 (에코플라스틱)...
2026-01-05 12:43:01,964 - INFO - Success 209640
2026-01-05 12:43:01,964 - INFO - Downloading 366030 (공구우먼)...
2026-01-05 12:43:02,029 - INFO - Success 366030
2026-01-05 12:43:02,029 - INFO - Downloading 027710 (팜스토리)...
2026-01-05 12:43:02,048 - INFO - Success 038110
2026-01-05 12:43:02,048 - INFO - Downloading 0013V0 (삼진식품)...
2026-01-05 12:43:02,112 - INFO - Success 027710
2026-01-05 12:43:02,112 - INFO - Downloading 054050 (농우바이오)...
2026-01-05 12:43:02,192 - INFO - Success 054050
2026-01-05 12:43:02,192 - INFO - Downloading 067990 (도이치모터스)...
2026-01-05 12:43:02,277 - INFO - Success 067990
2026-01-05 12:43:02,277 - INFO - Downloading 085670 (뉴프렉스)...
2026-01-05 12:43:02,358 - INFO - Success 085670
2026-01-05 12:43:02,358 - INFO - Downloading 014950 (삼익제약)...
2026-01-05 12:43:02,380 - ERROR - Error downloading 0013V0: 404 Client Error: Not Found for url: https://query2.finance.yahoo.com/v8/finance/chart/0013V0?period1=-32400&period2=1735570800&interval=1d&includeAdjustedClose=true
2026-01-05 12:43:02,380 - INFO - Downloading 085910 (네오티스)...
2026-01-05 12:43:02,397 - WARNING - Empty data for 014950
2026-01-05 12:43:02,397 - INFO - Downloading 003100 (선광)...
2026-01-05 12:43:02,465 - INFO - Success 085910
2026-01-05 12:43:02,469 - INFO - Downloading 030960 (양지사)...
2026-01-05 12:43:02,478 - INFO - Success 003100
2026-01-05 12:43:02,478 - INFO - Downloading 106190 (하이텍팜)...
2026-01-05 12:43:02,563 - INFO - Success 030960
2026-01-05 12:43:02,563 - INFO - Downloading 309960 (LB인베스트먼트)...
2026-01-05 12:43:02,565 - INFO - Success 106190
2026-01-05 12:43:02,565 - INFO - Downloading 092190 (서울바이오시스)...
2026-01-05 12:43:02,618 - INFO - Success 309960
2026-01-05 12:43:02,618 - INFO - Downloading 093640 (케이알엠)...
2026-01-05 12:43:02,630 - INFO - Success 092190
2026-01-05 12:43:02,630 - INFO - Downloading 049960 (쎌바이오텍)...
2026-01-05 12:43:02,690 - INFO - Success 093640
2026-01-05 12:43:02,690 - INFO - Downloading 131030 (옵투스제약)...
2026-01-05 12:43:02,706 - INFO - Success 049960
2026-01-05 12:43:02,706 - INFO - Downloading 298540 (더네이쳐홀딩스)...
2026-01-05 12:43:02,770 - INFO - Success 298540
2026-01-05 12:43:02,770 - INFO - Downloading 201490 (미투온)...
2026-01-05 12:43:02,771 - INFO - Success 131030
2026-01-05 12:43:02,771 - INFO - Downloading 039340 (한국경제TV)...
2026-01-05 12:43:02,846 - INFO - Success 201490
2026-01-05 12:43:02,847 - INFO - Downloading 396470 (워트)...
2026-01-05 12:43:02,850 - INFO - Success 039340
2026-01-05 12:43:02,850 - INFO - Downloading 105550 (엣지파운드리)...
2026-01-05 12:43:02,895 - INFO - Success 396470
2026-01-05 12:43:02,895 - INFO - Downloading 303810 (동국생명과학)...
2026-01-05 12:43:02,924 - INFO - Success 105550
2026-01-05 12:43:02,924 - INFO - Downloading 067900 (와이엔텍)...
2026-01-05 12:43:02,932 - WARNING - Empty data for 303810
2026-01-05 12:43:02,932 - INFO - Downloading 086670 (비엠티)...
2026-01-05 12:43:03,008 - INFO - Success 067900
2026-01-05 12:43:03,008 - INFO - Downloading 005860 (한일사료)...
2026-01-05 12:43:03,017 - INFO - Success 086670
2026-01-05 12:43:03,018 - INFO - Downloading 051160 (지어소프트)...
2026-01-05 12:43:03,092 - INFO - Success 005860
2026-01-05 12:43:03,092 - INFO - Downloading 115500 (케이씨에스)...
2026-01-05 12:43:03,099 - INFO - Success 051160
2026-01-05 12:43:03,099 - INFO - Downloading 054800 (아이디스홀딩스)...
2026-01-05 12:43:03,177 - INFO - Success 115500
2026-01-05 12:43:03,177 - INFO - Downloading 311690 (CJ 바이오사이언스)...
2026-01-05 12:43:03,178 - INFO - Success 054800
2026-01-05 12:43:03,178 - INFO - Downloading 090850 (현대이지웰)...
2026-01-05 12:43:03,243 - INFO - Success 311690
2026-01-05 12:43:03,243 - INFO - Downloading 033290 (로젠)...
2026-01-05 12:43:03,256 - INFO - Success 090850
2026-01-05 12:43:03,256 - INFO - Downloading 453450 (그리드위즈)...
2026-01-05 12:43:03,307 - INFO - Success 453450
2026-01-05 12:43:03,307 - INFO - Downloading 289930 (웨이비스)...
2026-01-05 12:43:03,330 - INFO - Success 033290
2026-01-05 12:43:03,330 - INFO - Downloading 418470 (KT밀리의서재)...
2026-01-05 12:43:03,363 - INFO - Success 289930
2026-01-05 12:43:03,363 - INFO - Downloading 382840 (원준)...
2026-01-05 12:43:03,377 - INFO - Success 418470
2026-01-05 12:43:03,377 - INFO - Downloading 207760 (미스터블루)...
2026-01-05 12:43:03,416 - INFO - Success 382840
2026-01-05 12:43:03,416 - INFO - Downloading 018120 (진로발효)...
2026-01-05 12:43:03,450 - INFO - Success 207760
2026-01-05 12:43:03,450 - INFO - Downloading 382150 (온코크로스)...
2026-01-05 12:43:03,495 - INFO - Success 382150
2026-01-05 12:43:03,495 - INFO - Downloading 086710 (선진뷰티사이언스)...
2026-01-05 12:43:03,496 - INFO - Success 018120
2026-01-05 12:43:03,496 - INFO - Downloading 021320 (KCC건설)...
2026-01-05 12:43:03,559 - INFO - Success 086710
2026-01-05 12:43:03,559 - INFO - Downloading 019550 (SBI인베스트먼트)...
2026-01-05 12:43:03,577 - INFO - Success 021320
2026-01-05 12:43:03,578 - INFO - Downloading 443250 (레뷰코퍼레이션)...
2026-01-05 12:43:03,626 - INFO - Success 443250
2026-01-05 12:43:03,626 - INFO - Downloading 307180 (아이엘)...
2026-01-05 12:43:03,634 - INFO - Success 019550
2026-01-05 12:43:03,634 - INFO - Downloading 348150 (고바이오랩)...
2026-01-05 12:43:03,695 - INFO - Success 307180
2026-01-05 12:43:03,695 - INFO - Downloading 047820 (초록뱀미디어)...
2026-01-05 12:43:03,696 - INFO - Success 348150
2026-01-05 12:43:03,696 - INFO - Downloading 246720 (아스타)...
2026-01-05 12:43:03,763 - INFO - Success 246720
2026-01-05 12:43:03,765 - INFO - Downloading 389030 (지니너스)...
2026-01-05 12:43:03,768 - INFO - Success 047820
2026-01-05 12:43:03,768 - INFO - Downloading 100130 (동국S&C)...
2026-01-05 12:43:03,819 - INFO - Success 389030
2026-01-05 12:43:03,819 - INFO - Downloading 066700 (테라젠이텍스)...
2026-01-05 12:43:03,847 - INFO - Success 100130
2026-01-05 12:43:03,847 - INFO - Downloading 330350 (위더스제약)...
2026-01-05 12:43:03,909 - INFO - Success 066700
2026-01-05 12:43:03,909 - INFO - Success 330350
2026-01-05 12:43:03,909 - INFO - Downloading 041590 (플래스크)...
2026-01-05 12:43:03,910 - INFO - Downloading 049430 (코메론)...
2026-01-05 12:43:03,990 - INFO - Success 049430
2026-01-05 12:43:03,990 - INFO - Downloading 044990 (에이치엔에스하이텍)...
2026-01-05 12:43:03,993 - INFO - Success 041590
2026-01-05 12:43:03,993 - INFO - Downloading 214260 (라파스)...
2026-01-05 12:43:04,070 - INFO - Success 044990
2026-01-05 12:43:04,070 - INFO - Downloading 047770 (코데즈컴바인)...
2026-01-05 12:43:04,097 - INFO - Success 214260
2026-01-05 12:43:04,097 - INFO - Downloading 023900 (풍국주정)...
2026-01-05 12:43:04,148 - INFO - Success 047770
2026-01-05 12:43:04,148 - INFO - Downloading 003310 (대주산업)...
2026-01-05 12:43:04,172 - INFO - Success 023900
2026-01-05 12:43:04,173 - INFO - Downloading 046120 (오르비텍)...
2026-01-05 12:43:04,231 - INFO - Success 003310
2026-01-05 12:43:04,231 - INFO - Downloading 014970 (삼륭물산)...
2026-01-05 12:43:04,250 - INFO - Success 046120
2026-01-05 12:43:04,250 - INFO - Downloading 093190 (빅솔론)...
2026-01-05 12:43:04,314 - INFO - Success 014970
2026-01-05 12:43:04,314 - INFO - Downloading 172670 (에이엘티)...
2026-01-05 12:43:04,325 - INFO - Success 093190
2026-01-05 12:43:04,325 - INFO - Downloading 060590 (씨티씨바이오)...
2026-01-05 12:43:04,365 - INFO - Success 172670
2026-01-05 12:43:04,365 - INFO - Downloading 452190 (한빛레이저)...
2026-01-05 12:43:04,400 - INFO - Success 060590
2026-01-05 12:43:04,400 - INFO - Downloading 037350 (성도이엔지)...
2026-01-05 12:43:04,415 - INFO - Success 452190
2026-01-05 12:43:04,415 - INFO - Downloading 060570 (드림어스컴퍼니)...
2026-01-05 12:43:04,479 - INFO - Success 037350
2026-01-05 12:43:04,479 - INFO - Downloading 048530 (인트론바이오)...
2026-01-05 12:43:04,493 - INFO - Success 060570
2026-01-05 12:43:04,494 - INFO - Downloading 347890 (엠투아이)...
2026-01-05 12:43:04,559 - INFO - Success 347890
2026-01-05 12:43:04,559 - INFO - Downloading 079810 (디이엔티)...
2026-01-05 12:43:04,560 - INFO - Success 048530
2026-01-05 12:43:04,561 - INFO - Downloading 950190 (고스트스튜디오)...
2026-01-05 12:43:04,624 - INFO - Success 950190
2026-01-05 12:43:04,624 - INFO - Downloading 063080 (컴투스홀딩스)...
2026-01-05 12:43:04,637 - INFO - Success 079810
2026-01-05 12:43:04,637 - INFO - Downloading 435570 (에르코스)...
2026-01-05 12:43:04,673 - WARNING - Empty data for 435570
2026-01-05 12:43:04,673 - INFO - Downloading 013310 (아진산업)...
2026-01-05 12:43:04,702 - INFO - Success 063080
2026-01-05 12:43:04,702 - INFO - Downloading 026150 (특수건설)...
2026-01-05 12:43:04,749 - INFO - Success 013310
2026-01-05 12:43:04,749 - INFO - Downloading 059270 (해성에어로보틱스)...
2026-01-05 12:43:04,775 - INFO - Success 026150
2026-01-05 12:43:04,776 - INFO - Downloading 136410 (아셈스)...
2026-01-05 12:43:04,804 - INFO - Success 059270
2026-01-05 12:43:04,804 - INFO - Downloading 043610 (KT지니뮤직)...
2026-01-05 12:43:04,829 - INFO - Success 136410
2026-01-05 12:43:04,829 - INFO - Downloading 411080 (샌즈랩)...
2026-01-05 12:43:04,883 - INFO - Success 411080
2026-01-05 12:43:04,883 - INFO - Downloading 417500 (제이아이테크)...
2026-01-05 12:43:04,884 - INFO - Success 043610
2026-01-05 12:43:04,884 - INFO - Downloading 306620 (네온테크)...
2026-01-05 12:43:04,935 - INFO - Success 417500
2026-01-05 12:43:04,935 - INFO - Downloading 101670 (하이드로리튬)...
2026-01-05 12:43:04,949 - INFO - Success 306620
2026-01-05 12:43:04,949 - INFO - Downloading 299900 (위지윅스튜디오)...
2026-01-05 12:43:05,014 - INFO - Success 101670
2026-01-05 12:43:05,014 - INFO - Downloading 204610 (티쓰리)...
2026-01-05 12:43:05,027 - INFO - Success 299900
2026-01-05 12:43:05,027 - INFO - Downloading 001540 (안국약품)...
2026-01-05 12:43:05,068 - INFO - Success 204610
2026-01-05 12:43:05,069 - INFO - Downloading 206560 (덱스터)...
2026-01-05 12:43:05,113 - INFO - Success 001540
2026-01-05 12:43:05,113 - INFO - Downloading 261520 (이지스)...
2026-01-05 12:43:05,150 - WARNING - Empty data for 261520
2026-01-05 12:43:05,150 - INFO - Downloading 175140 (휴먼테크놀로지)...
2026-01-05 12:43:05,151 - INFO - Success 206560
2026-01-05 12:43:05,151 - INFO - Downloading 083790 (CG인바이츠)...
2026-01-05 12:43:05,245 - INFO - Success 175140
2026-01-05 12:43:05,245 - INFO - Downloading 041930 (동아화성)...
2026-01-05 12:43:05,247 - INFO - Success 083790
2026-01-05 12:43:05,247 - INFO - Downloading 187790 (나노)...
2026-01-05 12:43:05,321 - INFO - Success 187790
2026-01-05 12:43:05,323 - INFO - Downloading 049520 (유아이엘)...
2026-01-05 12:43:05,326 - INFO - Success 041930
2026-01-05 12:43:05,326 - INFO - Downloading 065510 (휴비츠)...
2026-01-05 12:43:05,406 - INFO - Success 065510
2026-01-05 12:43:05,406 - INFO - Downloading 012860 (모베이스전자)...
2026-01-05 12:43:05,407 - INFO - Success 049520
2026-01-05 12:43:05,407 - INFO - Downloading 064800 (포니링크)...
2026-01-05 12:43:05,493 - INFO - Success 012860
2026-01-05 12:43:05,493 - INFO - Success 064800
2026-01-05 12:43:05,493 - INFO - Downloading 042510 (라온시큐어)...
2026-01-05 12:43:05,494 - INFO - Downloading 100700 (세운메디칼)...
2026-01-05 12:43:05,575 - INFO - Success 100700
2026-01-05 12:43:05,576 - INFO - Downloading 225530 (HC보광산업)...
2026-01-05 12:43:05,577 - INFO - Success 042510
2026-01-05 12:43:05,577 - INFO - Downloading 348080 (큐라티스)...
2026-01-05 12:43:05,629 - INFO - Success 348080
2026-01-05 12:43:05,629 - INFO - Downloading 187870 (디바이스)...
2026-01-05 12:43:05,654 - INFO - Success 225530
2026-01-05 12:43:05,655 - INFO - Downloading 253840 (수젠텍)...
2026-01-05 12:43:05,698 - INFO - Success 187870
2026-01-05 12:43:05,698 - INFO - Downloading 067290 (JW신약)...
2026-01-05 12:43:05,729 - INFO - Success 253840
2026-01-05 12:43:05,729 - INFO - Downloading 065450 (빅텍)...
2026-01-05 12:43:05,778 - INFO - Success 067290
2026-01-05 12:43:05,778 - INFO - Downloading 277880 (티에스아이)...
2026-01-05 12:43:05,805 - INFO - Success 065450
2026-01-05 12:43:05,805 - INFO - Downloading 355150 (코스텍시스)...
2026-01-05 12:43:05,844 - INFO - Success 277880
2026-01-05 12:43:05,844 - INFO - Downloading 376930 (노을)...
2026-01-05 12:43:05,859 - INFO - Success 355150
2026-01-05 12:43:05,859 - INFO - Downloading 036010 (아비코전자)...
2026-01-05 12:43:05,899 - INFO - Success 376930
2026-01-05 12:43:05,899 - INFO - Downloading 073560 (우리손에프앤지)...
2026-01-05 12:43:05,943 - INFO - Success 036010
2026-01-05 12:43:05,943 - INFO - Downloading 408900 (스튜디오미르)...
2026-01-05 12:43:05,972 - INFO - Success 073560
2026-01-05 12:43:05,972 - INFO - Downloading 038460 (바이오스마트)...
2026-01-05 12:43:05,997 - INFO - Success 408900
2026-01-05 12:43:05,997 - INFO - Downloading 228670 (레이)...
2026-01-05 12:43:06,052 - INFO - Success 038460
2026-01-05 12:43:06,052 - INFO - Downloading 357230 (에이치피오)...
2026-01-05 12:43:06,065 - INFO - Success 228670
2026-01-05 12:43:06,065 - INFO - Downloading 391710 (코닉오토메이션)...
2026-01-05 12:43:06,109 - INFO - Success 357230
2026-01-05 12:43:06,109 - INFO - Downloading 463480 (모티브링크)...
2026-01-05 12:43:06,124 - INFO - Success 391710
2026-01-05 12:43:06,124 - INFO - Downloading 024880 (케이피에프)...
2026-01-05 12:43:06,151 - WARNING - Empty data for 463480
2026-01-05 12:43:06,151 - INFO - Downloading 092040 (아미코젠)...
2026-01-05 12:43:06,203 - INFO - Success 024880
2026-01-05 12:43:06,203 - INFO - Downloading 082850 (우리바이오)...
2026-01-05 12:43:06,229 - INFO - Success 092040
2026-01-05 12:43:06,229 - INFO - Downloading 124560 (태웅로직스)...
2026-01-05 12:43:06,279 - INFO - Success 082850
2026-01-05 12:43:06,279 - INFO - Downloading 452400 (이닉스)...
2026-01-05 12:43:06,296 - INFO - Success 124560
2026-01-05 12:43:06,296 - INFO - Downloading 105740 (디케이락)...
2026-01-05 12:43:06,328 - INFO - Success 452400
2026-01-05 12:43:06,328 - INFO - Downloading 048910 (대원미디어)...
2026-01-05 12:43:06,369 - INFO - Success 105740
2026-01-05 12:43:06,369 - INFO - Downloading 071670 (에이테크솔루션)...
2026-01-05 12:43:06,407 - INFO - Success 048910
2026-01-05 12:43:06,407 - INFO - Downloading 125210 (아모그린텍)...
2026-01-05 12:43:06,451 - INFO - Success 071670
2026-01-05 12:43:06,451 - INFO - Downloading 225190 (LK삼양)...
2026-01-05 12:43:06,475 - INFO - Success 125210
2026-01-05 12:43:06,475 - INFO - Downloading 419080 (엔젯)...
2026-01-05 12:43:06,521 - INFO - Success 225190
2026-01-05 12:43:06,521 - INFO - Downloading 290670 (대보마그네틱)...
2026-01-05 12:43:06,529 - INFO - Success 419080
2026-01-05 12:43:06,530 - INFO - Downloading 451250 (삐아)...
2026-01-05 12:43:06,578 - INFO - Success 451250
2026-01-05 12:43:06,578 - INFO - Downloading 307930 (컴퍼니케이)...
2026-01-05 12:43:06,597 - INFO - Success 290670
2026-01-05 12:43:06,597 - INFO - Downloading 093920 (서원인텍)...
2026-01-05 12:43:06,640 - INFO - Success 307930
2026-01-05 12:43:06,640 - INFO - Downloading 078890 (가온그룹)...
2026-01-05 12:43:06,674 - INFO - Success 093920
2026-01-05 12:43:06,674 - INFO - Downloading 061250 (화일약품)...
2026-01-05 12:43:06,714 - INFO - Success 078890
2026-01-05 12:43:06,714 - INFO - Downloading 053350 (이니텍)...
2026-01-05 12:43:06,752 - INFO - Success 061250
2026-01-05 12:43:06,752 - INFO - Downloading 317690 (퀀타매트릭스)...
2026-01-05 12:43:06,791 - INFO - Success 053350
2026-01-05 12:43:06,791 - INFO - Downloading 059120 (아진엑스텍)...
2026-01-05 12:43:06,809 - INFO - Success 317690
2026-01-05 12:43:06,809 - INFO - Downloading 066590 (우수AMS)...
2026-01-05 12:43:06,866 - INFO - Success 059120
2026-01-05 12:43:06,866 - INFO - Downloading 044340 (위닉스)...
2026-01-05 12:43:06,893 - INFO - Success 066590
2026-01-05 12:43:06,893 - INFO - Downloading 134580 (탑코미디어)...
2026-01-05 12:43:06,947 - INFO - Success 044340
2026-01-05 12:43:06,947 - INFO - Downloading 234300 (에스트래픽)...
2026-01-05 12:43:06,970 - INFO - Success 134580
2026-01-05 12:43:06,970 - INFO - Downloading 102370 (케이옥션)...
2026-01-05 12:43:07,015 - INFO - Success 234300
2026-01-05 12:43:07,015 - INFO - Downloading 000440 (중앙에너비스)...
2026-01-05 12:43:07,036 - INFO - Success 102370
2026-01-05 12:43:07,036 - INFO - Downloading 035610 (솔본)...
2026-01-05 12:43:07,099 - INFO - Success 000440
2026-01-05 12:43:07,100 - INFO - Downloading 289220 (자이언트스텝)...
2026-01-05 12:43:07,114 - INFO - Success 035610
2026-01-05 12:43:07,114 - INFO - Downloading 459550 (알트)...
2026-01-05 12:43:07,150 - WARNING - Empty data for 459550
2026-01-05 12:43:07,150 - INFO - Downloading 040350 (크레오에스지)...
2026-01-05 12:43:07,157 - INFO - Success 289220
2026-01-05 12:43:07,158 - INFO - Downloading 009300 (삼아제약)...
2026-01-05 12:43:07,236 - INFO - Success 009300
2026-01-05 12:43:07,236 - INFO - Success 040350
2026-01-05 12:43:07,236 - INFO - Downloading 166480 (코아스템켐온)...
2026-01-05 12:43:07,237 - INFO - Downloading 027050 (코리아나)...
2026-01-05 12:43:07,320 - INFO - Success 166480
2026-01-05 12:43:07,320 - INFO - Downloading 064850 (에프앤가이드)...
2026-01-05 12:43:07,321 - INFO - Success 027050
2026-01-05 12:43:07,321 - INFO - Downloading 315640 (딥노이드)...
2026-01-05 12:43:07,378 - INFO - Success 315640
2026-01-05 12:43:07,378 - INFO - Downloading 068240 (다원시스)...
2026-01-05 12:43:07,402 - INFO - Success 064850
2026-01-05 12:43:07,402 - INFO - Downloading 066790 (씨씨에스)...
2026-01-05 12:43:07,465 - INFO - Success 068240
2026-01-05 12:43:07,465 - INFO - Downloading 419050 (삼기에너지솔루션즈)...
2026-01-05 12:43:07,488 - INFO - Success 066790
2026-01-05 12:43:07,488 - INFO - Downloading 036630 (세종텔레콤)...
2026-01-05 12:43:07,521 - INFO - Success 419050
2026-01-05 12:43:07,521 - INFO - Downloading 168330 (내츄럴엔도텍)...
2026-01-05 12:43:07,568 - INFO - Success 036630
2026-01-05 12:43:07,568 - INFO - Downloading 038540 (상상인)...
2026-01-05 12:43:07,597 - INFO - Success 168330
2026-01-05 12:43:07,597 - INFO - Downloading 138360 (협진)...
2026-01-05 12:43:07,642 - INFO - Success 038540
2026-01-05 12:43:07,643 - INFO - Downloading 311320 (지오엘리먼트)...
2026-01-05 12:43:07,671 - INFO - Success 138360
2026-01-05 12:43:07,671 - INFO - Downloading 163730 (핑거)...
2026-01-05 12:43:07,708 - INFO - Success 311320
2026-01-05 12:43:07,708 - INFO - Downloading 446840 (지슨)...
2026-01-05 12:43:07,729 - INFO - Success 163730
2026-01-05 12:43:07,729 - INFO - Downloading 012700 (리드코프)...
2026-01-05 12:43:07,762 - INFO - Success 446840
2026-01-05 12:43:07,762 - INFO - Downloading 900250 (크리스탈신소재)...
2026-01-05 12:43:07,800 - INFO - Success 012700
2026-01-05 12:43:07,800 - INFO - Downloading 058400 (KNN)...
2026-01-05 12:43:07,842 - INFO - Success 900250
2026-01-05 12:43:07,842 - INFO - Downloading 110790 (크리스에프앤씨)...
2026-01-05 12:43:07,875 - INFO - Success 058400
2026-01-05 12:43:07,875 - INFO - Downloading 352090 (스톰테크)...
2026-01-05 12:43:07,911 - INFO - Success 110790
2026-01-05 12:43:07,911 - INFO - Downloading 149980 (하이로닉)...
2026-01-05 12:43:07,928 - INFO - Success 352090
2026-01-05 12:43:07,929 - INFO - Downloading 104040 (대성파인텍)...
2026-01-05 12:43:07,994 - INFO - Success 149980
2026-01-05 12:43:07,994 - INFO - Downloading 060560 (HC홈센타)...
2026-01-05 12:43:08,003 - INFO - Success 104040
2026-01-05 12:43:08,003 - INFO - Downloading 054670 (대한뉴팜)...
2026-01-05 12:43:08,079 - INFO - Success 060560
2026-01-05 12:43:08,079 - INFO - Downloading 302550 (리메드)...
2026-01-05 12:43:08,096 - INFO - Success 054670
2026-01-05 12:43:08,096 - INFO - Downloading 289080 (SV인베스트먼트)...
2026-01-05 12:43:08,159 - INFO - Success 302550
2026-01-05 12:43:08,159 - INFO - Downloading 130580 (나이스디앤비)...
2026-01-05 12:43:08,170 - INFO - Success 289080
2026-01-05 12:43:08,170 - INFO - Downloading 091440 (한울소재과학)...
2026-01-05 12:43:08,247 - INFO - Success 130580
2026-01-05 12:43:08,247 - INFO - Downloading 453860 (에이에스텍)...
2026-01-05 12:43:08,248 - INFO - Success 091440
2026-01-05 12:43:08,248 - INFO - Downloading 170030 (현대공업)...
2026-01-05 12:43:08,296 - INFO - Success 453860
2026-01-05 12:43:08,296 - INFO - Downloading 120240 (대정화금)...
2026-01-05 12:43:08,323 - INFO - Success 170030
2026-01-05 12:43:08,323 - INFO - Downloading 104620 (노랑풍선)...
2026-01-05 12:43:08,376 - INFO - Success 120240
2026-01-05 12:43:08,376 - INFO - Downloading 067570 (엔브이에이치코리아)...
2026-01-05 12:43:08,393 - INFO - Success 104620
2026-01-05 12:43:08,393 - INFO - Downloading 448710 (코츠테크놀로지)...
2026-01-05 12:43:08,446 - INFO - Success 448710
2026-01-05 12:43:08,446 - INFO - Downloading 273640 (와이엠텍)...
2026-01-05 12:43:08,461 - INFO - Success 067570
2026-01-05 12:43:08,461 - INFO - Downloading 330730 (스톤브릿지벤처스)...
2026-01-05 12:43:08,510 - INFO - Success 273640
2026-01-05 12:43:08,510 - INFO - Downloading 072020 (중앙백신)...
2026-01-05 12:43:08,516 - INFO - Success 330730
2026-01-05 12:43:08,516 - INFO - Downloading 040420 (정상제이엘에스)...
2026-01-05 12:43:08,604 - INFO - Success 040420
2026-01-05 12:43:08,604 - INFO - Downloading 251630 (브이원텍)...
2026-01-05 12:43:08,604 - INFO - Success 072020
2026-01-05 12:43:08,604 - INFO - Downloading 459100 (위츠)...
2026-01-05 12:43:08,649 - INFO - Success 459100
2026-01-05 12:43:08,649 - INFO - Downloading 048430 (유라테크)...
2026-01-05 12:43:08,679 - INFO - Success 251630
2026-01-05 12:43:08,680 - INFO - Downloading 478560 (블랙야크아이앤씨)...
2026-01-05 12:43:08,716 - WARNING - Empty data for 478560
2026-01-05 12:43:08,716 - INFO - Downloading 033230 (인성정보)...
2026-01-05 12:43:08,731 - INFO - Success 048430
2026-01-05 12:43:08,732 - INFO - Downloading 053280 (예스24)...
2026-01-05 12:43:08,797 - INFO - Success 033230
2026-01-05 12:43:08,798 - INFO - Downloading 306040 (에스제이그룹)...
2026-01-05 12:43:08,811 - INFO - Success 053280
2026-01-05 12:43:08,811 - INFO - Downloading 007820 (에스엠코어)...
2026-01-05 12:43:08,867 - INFO - Success 306040
2026-01-05 12:43:08,868 - INFO - Downloading 111710 (남화산업)...
2026-01-05 12:43:08,896 - INFO - Success 007820
2026-01-05 12:43:08,896 - INFO - Downloading 317770 (엑스페릭스)...
2026-01-05 12:43:08,933 - INFO - Success 111710
2026-01-05 12:43:08,933 - INFO - Downloading 060310 (3S)...
2026-01-05 12:43:08,962 - INFO - Success 317770
2026-01-05 12:43:08,962 - INFO - Downloading 014190 (원익큐브)...
2026-01-05 12:43:09,014 - INFO - Success 060310
2026-01-05 12:43:09,014 - INFO - Downloading 382800 (지앤비에스 에코)...
2026-01-05 12:43:09,043 - INFO - Success 014190
2026-01-05 12:43:09,043 - INFO - Downloading 347860 (알체라)...
2026-01-05 12:43:09,075 - INFO - Success 382800
2026-01-05 12:43:09,075 - INFO - Downloading 348350 (위드텍)...
2026-01-05 12:43:09,108 - INFO - Success 347860
2026-01-05 12:43:09,108 - INFO - Downloading 260930 (씨티케이)...
2026-01-05 12:43:09,148 - INFO - Success 348350
2026-01-05 12:43:09,148 - INFO - Downloading 105330 (케이엔더블유)...
2026-01-05 12:43:09,180 - INFO - Success 260930
2026-01-05 12:43:09,180 - INFO - Downloading 163280 (에어레인)...
2026-01-05 12:43:09,225 - INFO - Success 163280
2026-01-05 12:43:09,225 - INFO - Downloading 011370 (서한)...
2026-01-05 12:43:09,226 - INFO - Success 105330
2026-01-05 12:43:09,226 - INFO - Downloading 214270 (FSN)...
2026-01-05 12:43:09,305 - INFO - Success 214270
2026-01-05 12:43:09,305 - INFO - Downloading 126880 (제이엔케이글로벌)...
2026-01-05 12:43:09,306 - INFO - Success 011370
2026-01-05 12:43:09,306 - INFO - Downloading 002800 (신신제약)...
2026-01-05 12:43:09,382 - INFO - Success 002800
2026-01-05 12:43:09,382 - INFO - Downloading 004650 (창해에탄올)...
2026-01-05 12:43:09,385 - INFO - Success 126880
2026-01-05 12:43:09,386 - INFO - Downloading 039020 (이건홀딩스)...
2026-01-05 12:43:09,467 - INFO - Success 004650
2026-01-05 12:43:09,467 - INFO - Downloading 041520 (이엘씨)...
2026-01-05 12:43:09,468 - INFO - Success 039020
2026-01-05 12:43:09,468 - INFO - Downloading 122690 (서진오토모티브)...
2026-01-05 12:43:09,553 - INFO - Success 041520
2026-01-05 12:43:09,553 - INFO - Success 122690
2026-01-05 12:43:09,553 - INFO - Downloading 142280 (녹십자엠에스)...
2026-01-05 12:43:09,553 - INFO - Downloading 024800 (유성티엔에스)...
2026-01-05 12:43:09,635 - INFO - Success 024800
2026-01-05 12:43:09,635 - INFO - Downloading 299660 (셀리드)...
2026-01-05 12:43:09,636 - INFO - Success 142280
2026-01-05 12:43:09,636 - INFO - Downloading 339950 (아이비김영)...
2026-01-05 12:43:09,698 - INFO - Success 339950
2026-01-05 12:43:09,698 - INFO - Downloading 413390 (엠오티)...
2026-01-05 12:43:09,706 - INFO - Success 299660
2026-01-05 12:43:09,706 - INFO - Downloading 365590 (하이딥)...
2026-01-05 12:43:09,744 - INFO - Success 413390
2026-01-05 12:43:09,744 - INFO - Downloading 141000 (비아트론)...
2026-01-05 12:43:09,767 - INFO - Success 365590
2026-01-05 12:43:09,767 - INFO - Downloading 228850 (레이언스)...
2026-01-05 12:43:09,822 - INFO - Success 141000
2026-01-05 12:43:09,822 - INFO - Downloading 216050 (인크로스)...
2026-01-05 12:43:09,841 - INFO - Success 228850
2026-01-05 12:43:09,841 - INFO - Downloading 025550 (한국선재)...
2026-01-05 12:43:09,892 - INFO - Success 216050
2026-01-05 12:43:09,892 - INFO - Downloading 094850 (참좋은여행)...
2026-01-05 12:43:09,919 - INFO - Success 025550
2026-01-05 12:43:09,919 - INFO - Downloading 090470 (제이스텍)...
2026-01-05 12:43:09,977 - INFO - Success 094850
2026-01-05 12:43:09,977 - INFO - Downloading 024830 (세원물산)...
2026-01-05 12:43:10,002 - INFO - Success 090470
2026-01-05 12:43:10,002 - INFO - Downloading 317870 (엔바이오니아)...
2026-01-05 12:43:10,065 - INFO - Success 024830
2026-01-05 12:43:10,065 - INFO - Downloading 084730 (팅크웨어)...
2026-01-05 12:43:10,077 - INFO - Success 317870
2026-01-05 12:43:10,077 - INFO - Downloading 041910 (폴라리스AI파마)...
2026-01-05 12:43:10,142 - INFO - Success 084730
2026-01-05 12:43:10,142 - INFO - Downloading 027830 (대성창투)...
2026-01-05 12:43:10,157 - INFO - Success 041910
2026-01-05 12:43:10,157 - INFO - Downloading 096350 (대창솔루션)...
2026-01-05 12:43:10,216 - INFO - Success 027830
2026-01-05 12:43:10,217 - INFO - Downloading 039610 (화성밸브)...
2026-01-05 12:43:10,234 - INFO - Success 096350
2026-01-05 12:43:10,234 - INFO - Downloading 131400 (이브이첨단소재)...
2026-01-05 12:43:10,299 - INFO - Success 039610
2026-01-05 12:43:10,299 - INFO - Downloading 045660 (에이텍)...
2026-01-05 12:43:10,308 - INFO - Success 131400
2026-01-05 12:43:10,309 - INFO - Downloading 263800 (데이타솔루션)...
2026-01-05 12:43:10,382 - INFO - Success 263800
2026-01-05 12:43:10,382 - INFO - Downloading 208140 (정다운)...
2026-01-05 12:43:10,383 - INFO - Success 045660
2026-01-05 12:43:10,383 - INFO - Downloading 036640 (HRS)...
2026-01-05 12:43:10,455 - INFO - Success 208140
2026-01-05 12:43:10,455 - INFO - Downloading 288330 (파라택시스코리아)...
2026-01-05 12:43:10,464 - INFO - Success 036640
2026-01-05 12:43:10,464 - INFO - Downloading 212710 (아이에스티이)...
2026-01-05 12:43:10,504 - WARNING - Empty data for 212710
2026-01-05 12:43:10,504 - INFO - Downloading 063440 (SM Life Design)...
2026-01-05 12:43:10,516 - INFO - Success 288330
2026-01-05 12:43:10,516 - INFO - Downloading 417790 (트루엔)...
2026-01-05 12:43:10,565 - INFO - Success 417790
2026-01-05 12:43:10,565 - INFO - Downloading 173130 (오파스넷)...
2026-01-05 12:43:10,584 - INFO - Success 063440
2026-01-05 12:43:10,585 - INFO - Downloading 204840 (지엘팜텍)...
2026-01-05 12:43:10,637 - INFO - Success 173130
2026-01-05 12:43:10,638 - INFO - Downloading 475430 (키스트론)...
2026-01-05 12:43:10,660 - INFO - Success 204840
2026-01-05 12:43:10,661 - INFO - Downloading 241690 (유니테크노)...
2026-01-05 12:43:10,678 - WARNING - Empty data for 475430
2026-01-05 12:43:10,679 - INFO - Downloading 042500 (링네트)...
2026-01-05 12:43:10,732 - INFO - Success 241690
2026-01-05 12:43:10,732 - INFO - Downloading 104540 (코렌텍)...
2026-01-05 12:43:10,758 - INFO - Success 042500
2026-01-05 12:43:10,758 - INFO - Downloading 014470 (부방)...
2026-01-05 12:43:10,813 - INFO - Success 104540
2026-01-05 12:43:10,813 - INFO - Downloading 432470 (케이엔에스)...
2026-01-05 12:43:10,836 - INFO - Success 014470
2026-01-05 12:43:10,836 - INFO - Downloading 378800 (샤페론)...
2026-01-05 12:43:10,866 - INFO - Success 432470
2026-01-05 12:43:10,866 - INFO - Downloading 347000 (센코)...
2026-01-05 12:43:10,891 - INFO - Success 378800
2026-01-05 12:43:10,891 - INFO - Downloading 123420 (위메이드플레이)...
2026-01-05 12:43:10,925 - INFO - Success 347000
2026-01-05 12:43:10,925 - INFO - Downloading 388790 (라이콤)...
2026-01-05 12:43:10,971 - INFO - Success 123420
2026-01-05 12:43:10,971 - INFO - Downloading 006140 (피제이전자)...
2026-01-05 12:43:10,982 - INFO - Success 388790
2026-01-05 12:43:10,982 - INFO - Downloading 196300 (HLB펩)...
2026-01-05 12:43:11,063 - INFO - Success 196300
2026-01-05 12:43:11,064 - INFO - Downloading 033320 (제이씨현시스템)...
2026-01-05 12:43:11,064 - INFO - Success 006140
2026-01-05 12:43:11,065 - INFO - Downloading 187420 (HLB제넥스)...
2026-01-05 12:43:11,151 - INFO - Success 187420
2026-01-05 12:43:11,152 - INFO - Downloading 393210 (토마토시스템)...
2026-01-05 12:43:11,153 - INFO - Success 033320
2026-01-05 12:43:11,153 - INFO - Downloading 011320 (유니크)...
2026-01-05 12:43:11,209 - INFO - Success 393210
2026-01-05 12:43:11,209 - INFO - Downloading 215360 (우리산업)...
2026-01-05 12:43:11,234 - INFO - Success 011320
2026-01-05 12:43:11,234 - INFO - Downloading 065500 (오리엔트정공)...
2026-01-05 12:43:11,285 - INFO - Success 215360
2026-01-05 12:43:11,285 - INFO - Downloading 222810 (세토피아)...
2026-01-05 12:43:11,307 - INFO - Success 065500
2026-01-05 12:43:11,307 - INFO - Downloading 140070 (서플러스글로벌)...
2026-01-05 12:43:11,366 - INFO - Success 222810
2026-01-05 12:43:11,366 - INFO - Downloading 175250 (아이큐어)...
2026-01-05 12:43:11,379 - INFO - Success 140070
2026-01-05 12:43:11,379 - INFO - Downloading 020710 (시공테크)...
2026-01-05 12:43:11,435 - INFO - Success 175250
2026-01-05 12:43:11,435 - INFO - Downloading 451220 (아이엠티)...
2026-01-05 12:43:11,463 - INFO - Success 020710
2026-01-05 12:43:11,463 - INFO - Downloading 412540 (제일엠앤에스)...
2026-01-05 12:43:11,481 - INFO - Success 451220
2026-01-05 12:43:11,481 - INFO - Downloading 053450 (세코닉스)...
2026-01-05 12:43:11,508 - INFO - Success 412540
2026-01-05 12:43:11,508 - INFO - Downloading 115440 (우리넷)...
2026-01-05 12:43:11,563 - INFO - Success 053450
2026-01-05 12:43:11,564 - INFO - Downloading 476080 (M83)...
2026-01-05 12:43:11,581 - INFO - Success 115440
2026-01-05 12:43:11,581 - INFO - Downloading 321370 (센서뷰)...
2026-01-05 12:43:11,615 - INFO - Success 476080
2026-01-05 12:43:11,615 - INFO - Downloading 072990 (에이치시티)...
2026-01-05 12:43:11,629 - INFO - Success 321370
2026-01-05 12:43:11,629 - INFO - Downloading 159580 (제로투세븐)...
2026-01-05 12:43:11,691 - INFO - Success 072990
2026-01-05 12:43:11,691 - INFO - Downloading 046210 (HLB파나진)...
2026-01-05 12:43:11,708 - INFO - Success 159580
2026-01-05 12:43:11,708 - INFO - Downloading 042940 (상지건설)...
2026-01-05 12:43:11,770 - INFO - Success 046210
2026-01-05 12:43:11,770 - INFO - Downloading 246960 (SCL사이언스)...
2026-01-05 12:43:11,783 - INFO - Success 042940
2026-01-05 12:43:11,783 - INFO - Downloading 222160 (NPX)...
2026-01-05 12:43:11,837 - INFO - Success 246960
2026-01-05 12:43:11,837 - INFO - Downloading 088390 (이녹스)...
2026-01-05 12:43:11,850 - INFO - Success 222160
2026-01-05 12:43:11,850 - INFO - Downloading 460870 (에스엠씨지)...
2026-01-05 12:43:11,891 - WARNING - Empty data for 460870
2026-01-05 12:43:11,891 - INFO - Downloading 471820 (셀로맥스사이언스)...
2026-01-05 12:43:11,915 - INFO - Success 088390
2026-01-05 12:43:11,915 - INFO - Downloading 171120 (라이온켐텍)...
2026-01-05 12:43:11,936 - INFO - Success 471820
2026-01-05 12:43:11,936 - INFO - Downloading 054300 (팬스타엔터프라이즈)...
2026-01-05 12:43:12,009 - INFO - Success 171120
2026-01-05 12:43:12,009 - INFO - Downloading 089850 (유비벨록스)...
2026-01-05 12:43:12,016 - INFO - Success 054300
2026-01-05 12:43:12,016 - INFO - Downloading 032850 (비트컴퓨터)...
2026-01-05 12:43:12,105 - INFO - Success 032850
2026-01-05 12:43:12,105 - INFO - Success 089850
2026-01-05 12:43:12,105 - INFO - Downloading 054040 (한국컴퓨터)...
2026-01-05 12:43:12,106 - INFO - Downloading 199550 (레이저옵텍)...
2026-01-05 12:43:12,155 - INFO - Success 199550
2026-01-05 12:43:12,155 - INFO - Downloading 261780 (차백신연구소)...
2026-01-05 12:43:12,183 - INFO - Success 054040
2026-01-05 12:43:12,183 - INFO - Downloading 265740 (엔에프씨)...
2026-01-05 12:43:12,214 - INFO - Success 261780
2026-01-05 12:43:12,214 - INFO - Downloading 388610 (지에프씨생명과학)...
2026-01-05 12:43:12,241 - INFO - Success 265740
2026-01-05 12:43:12,241 - INFO - Downloading 357580 (아모센스)...
2026-01-05 12:43:12,275 - INFO - Success 388610
2026-01-05 12:43:12,275 - INFO - Downloading 032540 (TJ미디어)...
2026-01-05 12:43:12,301 - INFO - Success 357580
2026-01-05 12:43:12,301 - INFO - Downloading 262260 (에이프로)...
2026-01-05 12:43:12,352 - INFO - Success 032540
2026-01-05 12:43:12,352 - INFO - Downloading 352910 (오비고)...
2026-01-05 12:43:12,363 - INFO - Success 262260
2026-01-05 12:43:12,363 - INFO - Downloading 318160 (셀바이오휴먼텍)...
2026-01-05 12:43:12,410 - INFO - Success 352910
2026-01-05 12:43:12,410 - INFO - Downloading 452160 (제이엔비)...
2026-01-05 12:43:12,414 - INFO - Success 318160
2026-01-05 12:43:12,414 - INFO - Downloading 203690 (아크솔루션스)...
2026-01-05 12:43:12,458 - INFO - Success 452160
2026-01-05 12:43:12,458 - INFO - Downloading 303360 (프로티아)...
2026-01-05 12:43:12,499 - INFO - Success 203690
2026-01-05 12:43:12,499 - INFO - Downloading 950200 (소마젠)...
2026-01-05 12:43:12,531 - INFO - Success 303360
2026-01-05 12:43:12,532 - INFO - Downloading 195990 (에이비프로바이오)...
2026-01-05 12:43:12,558 - INFO - Success 950200
2026-01-05 12:43:12,558 - INFO - Downloading 039010 (현대에이치티)...
2026-01-05 12:43:12,605 - INFO - Success 195990
2026-01-05 12:43:12,605 - INFO - Downloading 446540 (메가터치)...
2026-01-05 12:43:12,635 - INFO - Success 039010
2026-01-05 12:43:12,635 - INFO - Downloading 382480 (지아이텍)...
2026-01-05 12:43:12,663 - INFO - Success 446540
2026-01-05 12:43:12,663 - INFO - Downloading 0010V0 (제이피아이헬스케어)...
2026-01-05 12:43:12,690 - INFO - Success 382480
2026-01-05 12:43:12,690 - INFO - Downloading 097800 (윈팩)...
2026-01-05 12:43:12,764 - INFO - Success 097800
2026-01-05 12:43:12,765 - INFO - Downloading 347740 (피엔케이피부임상연구센타)...
2026-01-05 12:43:12,830 - INFO - Success 347740
2026-01-05 12:43:12,830 - INFO - Downloading 036090 (위지트)...
2026-01-05 12:43:12,906 - INFO - Success 036090
2026-01-05 12:43:12,906 - INFO - Downloading 270520 (앱튼)...
2026-01-05 12:43:12,977 - INFO - Success 270520
2026-01-05 12:43:12,977 - INFO - Downloading 153710 (옵티팜)...
2026-01-05 12:43:13,010 - ERROR - Error downloading 0010V0: 404 Client Error: Not Found for url: https://query2.finance.yahoo.com/v8/finance/chart/0010V0?period1=-32400&period2=1735570800&interval=1d&includeAdjustedClose=true
2026-01-05 12:43:13,010 - INFO - Downloading 241840 (에이스토리)...
2026-01-05 12:43:13,041 - INFO - Success 153710
2026-01-05 12:43:13,041 - INFO - Downloading 288620 (에스퓨얼셀)...
2026-01-05 12:43:13,080 - INFO - Success 241840
2026-01-05 12:43:13,080 - INFO - Downloading 068330 (일신바이오)...
2026-01-05 12:43:13,110 - INFO - Success 288620
2026-01-05 12:43:13,110 - INFO - Downloading 234100 (폴라리스세원)...
2026-01-05 12:43:13,161 - INFO - Success 068330
2026-01-05 12:43:13,161 - INFO - Downloading 384470 (코어라인소프트)...
2026-01-05 12:43:13,182 - INFO - Success 234100
2026-01-05 12:43:13,182 - INFO - Downloading 101330 (모베이스)...
2026-01-05 12:43:13,208 - INFO - Success 384470
2026-01-05 12:43:13,209 - INFO - Downloading 040910 (아이씨디)...
2026-01-05 12:43:13,252 - INFO - Success 101330
2026-01-05 12:43:13,252 - INFO - Downloading 036000 (예림당)...
2026-01-05 12:43:13,288 - INFO - Success 040910
2026-01-05 12:43:13,288 - INFO - Downloading 389140 (포바이포)...
2026-01-05 12:43:13,330 - INFO - Success 036000
2026-01-05 12:43:13,330 - INFO - Downloading 185490 (아이진)...
2026-01-05 12:43:13,338 - INFO - Success 389140
2026-01-05 12:43:13,338 - INFO - Downloading 033170 (시그네틱스)...
2026-01-05 12:43:13,416 - INFO - Success 185490
2026-01-05 12:43:13,416 - INFO - Downloading 016250 (SGC E&C)...
2026-01-05 12:43:13,416 - INFO - Success 033170
2026-01-05 12:43:13,417 - INFO - Downloading 052220 (iMBC)...
2026-01-05 12:43:13,504 - INFO - Success 052220
2026-01-05 12:43:13,504 - INFO - Downloading 053260 (금강철강)...
2026-01-05 12:43:13,504 - INFO - Success 016250
2026-01-05 12:43:13,504 - INFO - Downloading 033130 (디지틀조선)...
2026-01-05 12:43:13,586 - INFO - Success 053260
2026-01-05 12:43:13,586 - INFO - Downloading 311390 (네오크레마)...
2026-01-05 12:43:13,587 - INFO - Success 033130
2026-01-05 12:43:13,587 - INFO - Downloading 054620 (APS)...
2026-01-05 12:43:13,648 - INFO - Success 311390
2026-01-05 12:43:13,648 - INFO - Downloading 265560 (영화테크)...
2026-01-05 12:43:13,667 - INFO - Success 054620
2026-01-05 12:43:13,667 - INFO - Downloading 043650 (국순당)...
2026-01-05 12:43:13,721 - INFO - Success 265560
2026-01-05 12:43:13,721 - INFO - Downloading 263600 (덕우전자)...
2026-01-05 12:43:13,743 - INFO - Success 043650
2026-01-05 12:43:13,743 - INFO - Downloading 049480 (오픈베이스)...
2026-01-05 12:43:13,792 - INFO - Success 263600
2026-01-05 12:43:13,792 - INFO - Downloading 155650 (와이엠씨)...
2026-01-05 12:43:13,822 - INFO - Success 049480
2026-01-05 12:43:13,822 - INFO - Downloading 407400 (꿈비)...
2026-01-05 12:43:13,881 - INFO - Success 407400
2026-01-05 12:43:13,881 - INFO - Downloading 222110 (팬젠)...
2026-01-05 12:43:13,882 - INFO - Success 155650
2026-01-05 12:43:13,882 - INFO - Downloading 162300 (신스틸)...
2026-01-05 12:43:13,941 - INFO - Success 162300
2026-01-05 12:43:13,941 - INFO - Downloading 012790 (신일제약)...
2026-01-05 12:43:13,955 - INFO - Success 222110
2026-01-05 12:43:13,955 - INFO - Downloading 036120 (서울평가정보)...
2026-01-05 12:43:14,024 - INFO - Success 012790
2026-01-05 12:43:14,024 - INFO - Downloading 039240 (경남스틸)...
2026-01-05 12:43:14,037 - INFO - Success 036120
2026-01-05 12:43:14,037 - INFO - Downloading 033310 (엠투엔)...
2026-01-05 12:43:14,099 - INFO - Success 039240
2026-01-05 12:43:14,099 - INFO - Downloading 222040 (코스맥스엔비티)...
2026-01-05 12:43:14,118 - INFO - Success 033310
2026-01-05 12:43:14,118 - INFO - Downloading 900260 (로스웰)...
2026-01-05 12:43:14,170 - INFO - Success 222040
2026-01-05 12:43:14,170 - INFO - Downloading 432430 (와이랩)...
2026-01-05 12:43:14,190 - INFO - Success 900260
2026-01-05 12:43:14,190 - INFO - Downloading 066430 (아이로보틱스)...
2026-01-05 12:43:14,218 - INFO - Success 432430
2026-01-05 12:43:14,219 - INFO - Downloading 479960 (위너스)...
2026-01-05 12:43:14,258 - WARNING - Empty data for 479960
2026-01-05 12:43:14,258 - INFO - Downloading 234920 (자이글)...
2026-01-05 12:43:14,265 - INFO - Success 066430
2026-01-05 12:43:14,265 - INFO - Downloading 007370 (진양제약)...
2026-01-05 12:43:14,332 - INFO - Success 234920
2026-01-05 12:43:14,332 - INFO - Downloading 331380 (포커스에이아이)...
2026-01-05 12:43:14,344 - INFO - Success 007370
2026-01-05 12:43:14,344 - INFO - Downloading 024740 (한일단조)...
2026-01-05 12:43:14,399 - INFO - Success 331380
2026-01-05 12:43:14,400 - INFO - Downloading 340930 (유일에너테크)...
2026-01-05 12:43:14,425 - INFO - Success 024740
2026-01-05 12:43:14,425 - INFO - Downloading 094840 (슈프리마에이치큐)...
2026-01-05 12:43:14,462 - INFO - Success 340930
2026-01-05 12:43:14,462 - INFO - Downloading 302430 (이노메트리)...
2026-01-05 12:43:14,502 - INFO - Success 094840
2026-01-05 12:43:14,502 - INFO - Downloading 320000 (한울반도체)...
2026-01-05 12:43:14,525 - INFO - Success 302430
2026-01-05 12:43:14,525 - INFO - Downloading 403490 (우듬지팜)...
2026-01-05 12:43:14,572 - INFO - Success 320000
2026-01-05 12:43:14,572 - INFO - Downloading 004590 (한국가구)...
2026-01-05 12:43:14,573 - INFO - Success 403490
2026-01-05 12:43:14,573 - INFO - Downloading 041460 (한국전자인증)...
2026-01-05 12:43:14,655 - INFO - Success 004590
2026-01-05 12:43:14,655 - INFO - Downloading 036670 (삼양케이씨아이)...
2026-01-05 12:43:14,656 - INFO - Success 041460
2026-01-05 12:43:14,656 - INFO - Downloading 192250 (케이사인)...
2026-01-05 12:43:14,735 - INFO - Success 036670
2026-01-05 12:43:14,735 - INFO - Downloading 017650 (대림제지)...
2026-01-05 12:43:14,736 - INFO - Success 192250
2026-01-05 12:43:14,736 - INFO - Downloading 109860 (동일금속)...
2026-01-05 12:43:14,814 - INFO - Success 109860
2026-01-05 12:43:14,814 - INFO - Downloading 217190 (제너셈)...
2026-01-05 12:43:14,815 - INFO - Success 017650
2026-01-05 12:43:14,815 - INFO - Downloading 066310 (큐에스아이)...
2026-01-05 12:43:14,891 - INFO - Success 217190
2026-01-05 12:43:14,892 - INFO - Downloading 019990 (에너토크)...
2026-01-05 12:43:14,905 - INFO - Success 066310
2026-01-05 12:43:14,905 - INFO - Downloading 043910 (자연과환경)...
2026-01-05 12:43:14,986 - INFO - Success 019990
2026-01-05 12:43:14,987 - INFO - Success 043910
2026-01-05 12:43:14,987 - INFO - Downloading 351330 (이삭엔지니어링)...
2026-01-05 12:43:14,987 - INFO - Downloading 024910 (경창산업)...
2026-01-05 12:43:15,049 - INFO - Success 351330
2026-01-05 12:43:15,050 - INFO - Downloading 052790 (액토즈소프트)...
2026-01-05 12:43:15,069 - INFO - Success 024910
2026-01-05 12:43:15,069 - INFO - Downloading 053050 (지에스이)...
2026-01-05 12:43:15,133 - INFO - Success 052790
2026-01-05 12:43:15,133 - INFO - Downloading 099220 (SDN)...
2026-01-05 12:43:15,150 - INFO - Success 053050
2026-01-05 12:43:15,150 - INFO - Downloading 094940 (푸른기술)...
2026-01-05 12:43:15,213 - INFO - Success 099220
2026-01-05 12:43:15,213 - INFO - Downloading 241790 (티이엠씨씨엔에스)...
2026-01-05 12:43:15,244 - INFO - Success 094940
2026-01-05 12:43:15,244 - INFO - Downloading 043710 (서울리거)...
2026-01-05 12:43:15,302 - INFO - Success 241790
2026-01-05 12:43:15,302 - INFO - Downloading 137950 (제이씨케미칼)...
2026-01-05 12:43:15,320 - INFO - Success 043710
2026-01-05 12:43:15,320 - INFO - Downloading 080010 (이상네트웍스)...
2026-01-05 12:43:15,383 - INFO - Success 137950
2026-01-05 12:43:15,383 - INFO - Downloading 010470 (오리콤)...
2026-01-05 12:43:15,402 - INFO - Success 080010
2026-01-05 12:43:15,402 - INFO - Downloading 037950 (엘컴텍)...
2026-01-05 12:43:15,462 - INFO - Success 010470
2026-01-05 12:43:15,462 - INFO - Downloading 038680 (에스넷)...
2026-01-05 12:43:15,482 - INFO - Success 037950
2026-01-05 12:43:15,482 - INFO - Downloading 073640 (테라사이언스)...
2026-01-05 12:43:15,535 - INFO - Success 038680
2026-01-05 12:43:15,535 - INFO - Downloading 128660 (피제이메탈)...
2026-01-05 12:43:15,568 - INFO - Success 073640
2026-01-05 12:43:15,568 - INFO - Downloading 340360 (다보링크)...
2026-01-05 12:43:15,618 - INFO - Success 128660
2026-01-05 12:43:15,618 - INFO - Downloading 037030 (파워넷)...
2026-01-05 12:43:15,629 - INFO - Success 340360
2026-01-05 12:43:15,629 - INFO - Downloading 127980 (화인써키트)...
2026-01-05 12:43:15,685 - INFO - Success 127980
2026-01-05 12:43:15,685 - INFO - Downloading 413640 (비아이매트릭스)...
2026-01-05 12:43:15,687 - INFO - Success 037030
2026-01-05 12:43:15,687 - INFO - Downloading 081150 (티플랙스)...
2026-01-05 12:43:15,733 - INFO - Success 413640
2026-01-05 12:43:15,733 - INFO - Downloading 373160 (데이원컴퍼니)...
2026-01-05 12:43:15,764 - INFO - Success 081150
2026-01-05 12:43:15,764 - INFO - Downloading 039420 (케이엘넷)...
2026-01-05 12:43:15,774 - WARNING - Empty data for 373160
2026-01-05 12:43:15,774 - INFO - Downloading 290720 (푸드나무)...
2026-01-05 12:43:15,847 - INFO - Success 290720
2026-01-05 12:43:15,847 - INFO - Downloading 017480 (삼현철강)...
2026-01-05 12:43:15,848 - INFO - Success 039420
2026-01-05 12:43:15,848 - INFO - Downloading 099410 (동방선기)...
2026-01-05 12:43:15,931 - INFO - Success 099410
2026-01-05 12:43:15,931 - INFO - Downloading 200230 (텔콘RF제약)...
2026-01-05 12:43:15,932 - INFO - Success 017480
2026-01-05 12:43:15,932 - INFO - Downloading 145170 (노브랜드)...
2026-01-05 12:43:15,979 - INFO - Success 145170
2026-01-05 12:43:15,979 - INFO - Downloading 364950 (에이아이코리아)...
2026-01-05 12:43:16,006 - INFO - Success 200230
2026-01-05 12:43:16,006 - INFO - Downloading 369370 (블리츠웨이엔터테인먼트)...
2026-01-05 12:43:16,020 - WARNING - Empty data for 364950
2026-01-05 12:43:16,020 - INFO - Downloading 159010 (아스플로)...
2026-01-05 12:43:16,067 - INFO - Success 369370
2026-01-05 12:43:16,067 - INFO - Downloading 219420 (링크제니시스)...
2026-01-05 12:43:16,074 - INFO - Success 159010
2026-01-05 12:43:16,074 - INFO - Downloading 072770 (멤레이비티)...
2026-01-05 12:43:16,139 - INFO - Success 219420
2026-01-05 12:43:16,139 - INFO - Downloading 064090 (인크레더블버즈)...
2026-01-05 12:43:16,155 - INFO - Success 072770
2026-01-05 12:43:16,155 - INFO - Downloading 277070 (린드먼아시아)...
2026-01-05 12:43:16,226 - INFO - Success 064090
2026-01-05 12:43:16,226 - INFO - Downloading 474610 (RF시스템즈)...
2026-01-05 12:43:16,226 - INFO - Success 277070
2026-01-05 12:43:16,227 - INFO - Downloading 054930 (유신)...
2026-01-05 12:43:16,270 - INFO - Success 474610
2026-01-05 12:43:16,271 - INFO - Downloading 066980 (한성크린텍)...
2026-01-05 12:43:16,304 - INFO - Success 054930
2026-01-05 12:43:16,304 - INFO - Downloading 294630 (서남)...
2026-01-05 12:43:16,353 - INFO - Success 066980
2026-01-05 12:43:16,353 - INFO - Downloading 260660 (알리코제약)...
2026-01-05 12:43:16,366 - INFO - Success 294630
2026-01-05 12:43:16,366 - INFO - Downloading 321820 (아티스트컴퍼니)...
2026-01-05 12:43:16,428 - INFO - Success 321820
2026-01-05 12:43:16,428 - INFO - Downloading 067370 (선바이오)...
2026-01-05 12:43:16,429 - INFO - Success 260660
2026-01-05 12:43:16,430 - INFO - Downloading 317850 (대모)...
2026-01-05 12:43:16,499 - INFO - Success 317850
2026-01-05 12:43:16,500 - INFO - Downloading 332370 (아이디피)...
2026-01-05 12:43:16,503 - INFO - Success 067370
2026-01-05 12:43:16,503 - INFO - Downloading 100030 (인지소프트)...
2026-01-05 12:43:16,556 - INFO - Success 332370
2026-01-05 12:43:16,556 - INFO - Downloading 393970 (대진첨단소재)...
2026-01-05 12:43:16,581 - INFO - Success 100030
2026-01-05 12:43:16,581 - INFO - Downloading 007720 (소노스퀘어)...
2026-01-05 12:43:16,596 - WARNING - Empty data for 393970
2026-01-05 12:43:16,596 - INFO - Downloading 054780 (키이스트)...
2026-01-05 12:43:16,665 - INFO - Success 007720
2026-01-05 12:43:16,665 - INFO - Downloading 333620 (엔시스)...
2026-01-05 12:43:16,682 - INFO - Success 054780
2026-01-05 12:43:16,682 - INFO - Downloading 088130 (동아엘텍)...
2026-01-05 12:43:16,722 - INFO - Success 333620
2026-01-05 12:43:16,722 - INFO - Downloading 377030 (비트맥스)...
2026-01-05 12:43:16,755 - INFO - Success 088130
2026-01-05 12:43:16,755 - INFO - Downloading 064240 (홈캐스트)...
2026-01-05 12:43:16,781 - INFO - Success 377030
2026-01-05 12:43:16,781 - INFO - Downloading 092300 (현우산업)...
2026-01-05 12:43:16,842 - INFO - Success 064240
2026-01-05 12:43:16,842 - INFO - Downloading 095270 (웨이브일렉트로)...
2026-01-05 12:43:16,858 - INFO - Success 092300
2026-01-05 12:43:16,858 - INFO - Downloading 406820 (뷰티스킨)...
2026-01-05 12:43:16,915 - INFO - Success 406820
2026-01-05 12:43:16,916 - INFO - Downloading 261200 (덴티스)...
2026-01-05 12:43:16,933 - INFO - Success 095270
2026-01-05 12:43:16,933 - INFO - Downloading 023440 (제이스코홀딩스)...
2026-01-05 12:43:16,990 - INFO - Success 261200
2026-01-05 12:43:16,990 - INFO - Downloading 186230 (그린플러스)...
2026-01-05 12:43:17,006 - INFO - Success 023440
2026-01-05 12:43:17,006 - INFO - Downloading 114450 (그린생명과학)...
2026-01-05 12:43:17,073 - INFO - Success 186230
2026-01-05 12:43:17,073 - INFO - Downloading 217500 (러셀)...
2026-01-05 12:43:17,089 - INFO - Success 114450
2026-01-05 12:43:17,089 - INFO - Downloading 198440 (강동씨앤엘)...
2026-01-05 12:43:17,152 - INFO - Success 217500
2026-01-05 12:43:17,152 - INFO - Downloading 173940 (에프엔씨엔터)...
2026-01-05 12:43:17,173 - INFO - Success 198440
2026-01-05 12:43:17,174 - INFO - Downloading 396300 (세아메카닉스)...
2026-01-05 12:43:17,237 - INFO - Success 396300
2026-01-05 12:43:17,237 - INFO - Downloading 050960 (수산아이앤티)...
2026-01-05 12:43:17,279 - INFO - Success 173940
2026-01-05 12:43:17,279 - INFO - Downloading 065530 (와이어블)...
2026-01-05 12:43:17,307 - INFO - Success 050960
2026-01-05 12:43:17,307 - INFO - Downloading 177900 (쓰리에이로직스)...
2026-01-05 12:43:17,355 - INFO - Success 177900
2026-01-05 12:43:17,356 - INFO - Downloading 045340 (토탈소프트)...
2026-01-05 12:43:17,358 - INFO - Success 065530
2026-01-05 12:43:17,358 - INFO - Downloading 053980 (오상자이엘)...
2026-01-05 12:43:17,437 - INFO - Success 053980
2026-01-05 12:43:17,437 - INFO - Success 045340
2026-01-05 12:43:17,437 - INFO - Downloading 142760 (모아라이프플러스)...
2026-01-05 12:43:17,438 - INFO - Downloading 466410 (사이냅소프트)...
2026-01-05 12:43:17,490 - INFO - Success 466410
2026-01-05 12:43:17,490 - INFO - Downloading 010280 (아이티센엔텍)...
2026-01-05 12:43:17,514 - INFO - Success 142760
2026-01-05 12:43:17,514 - INFO - Downloading 010240 (흥국)...
2026-01-05 12:43:17,577 - INFO - Success 010280
2026-01-05 12:43:17,577 - INFO - Downloading 307870 (비투엔)...
2026-01-05 12:43:17,593 - INFO - Success 010240
2026-01-05 12:43:17,594 - INFO - Downloading 314140 (알피바이오)...
2026-01-05 12:43:17,649 - INFO - Success 307870
2026-01-05 12:43:17,649 - INFO - Downloading 061040 (알에프텍)...
2026-01-05 12:43:17,654 - INFO - Success 314140
2026-01-05 12:43:17,654 - INFO - Downloading 189980 (흥국에프엔비)...
2026-01-05 12:43:17,730 - INFO - Success 061040
2026-01-05 12:43:17,730 - INFO - Downloading 419120 (산돌)...
2026-01-05 12:43:17,731 - INFO - Success 189980
2026-01-05 12:43:17,731 - INFO - Downloading 024840 (KBI메탈)...
2026-01-05 12:43:17,785 - INFO - Success 419120
2026-01-05 12:43:17,785 - INFO - Downloading 357880 (SKAI)...
2026-01-05 12:43:17,810 - INFO - Success 024840
2026-01-05 12:43:17,810 - INFO - Downloading 046940 (우원개발)...
2026-01-05 12:43:17,841 - INFO - Success 357880
2026-01-05 12:43:17,841 - INFO - Downloading 005670 (푸드웰)...
2026-01-05 12:43:17,884 - INFO - Success 046940
2026-01-05 12:43:17,884 - INFO - Downloading 037330 (인지디스플레)...
2026-01-05 12:43:17,916 - INFO - Success 005670
2026-01-05 12:43:17,917 - INFO - Downloading 049550 (잉크테크)...
2026-01-05 12:43:17,969 - INFO - Success 037330
2026-01-05 12:43:17,969 - INFO - Downloading 046310 (백금T&A)...
2026-01-05 12:43:17,993 - INFO - Success 049550
2026-01-05 12:43:17,993 - INFO - Downloading 032960 (동일기연)...
2026-01-05 12:43:18,049 - INFO - Success 046310
2026-01-05 12:43:18,049 - INFO - Downloading 099750 (이지케어텍)...
2026-01-05 12:43:18,074 - INFO - Success 032960
2026-01-05 12:43:18,074 - INFO - Downloading 160550 (NEW)...
2026-01-05 12:43:18,120 - INFO - Success 099750
2026-01-05 12:43:18,120 - INFO - Downloading 122310 (제노레이)...
2026-01-05 12:43:18,151 - INFO - Success 160550
2026-01-05 12:43:18,151 - INFO - Downloading 037440 (희림)...
2026-01-05 12:43:18,186 - INFO - Success 122310
2026-01-05 12:43:18,186 - INFO - Downloading 072470 (우리산업홀딩스)...
2026-01-05 12:43:18,232 - INFO - Success 037440
2026-01-05 12:43:18,233 - INFO - Downloading 457370 (한켐)...
2026-01-05 12:43:18,265 - INFO - Success 072470
2026-01-05 12:43:18,265 - INFO - Downloading 015710 (코콤)...
2026-01-05 12:43:18,279 - INFO - Success 457370
2026-01-05 12:43:18,279 - INFO - Downloading 033830 (티비씨)...
2026-01-05 12:43:18,340 - INFO - Success 015710
2026-01-05 12:43:18,340 - INFO - Downloading 040610 (SG&G)...
2026-01-05 12:43:18,349 - INFO - Success 033830
2026-01-05 12:43:18,349 - INFO - Downloading 218150 (미래생명자원)...
2026-01-05 12:43:18,428 - INFO - Success 040610
2026-01-05 12:43:18,428 - INFO - Downloading 294090 (이오플로우)...
2026-01-05 12:43:18,430 - INFO - Success 218150
2026-01-05 12:43:18,430 - INFO - Downloading 052900 (KX하이텍)...
2026-01-05 12:43:18,490 - INFO - Success 294090
2026-01-05 12:43:18,490 - INFO - Downloading 078860 (엔에스이엔엠)...
2026-01-05 12:43:18,508 - INFO - Success 052900
2026-01-05 12:43:18,508 - INFO - Downloading 062970 (한국첨단소재)...
2026-01-05 12:43:18,577 - INFO - Success 078860
2026-01-05 12:43:18,577 - INFO - Success 062970
2026-01-05 12:43:18,577 - INFO - Downloading 227950 (엔투텍)...
2026-01-05 12:43:18,578 - INFO - Downloading 263690 (디알젬)...
2026-01-05 12:43:18,666 - INFO - Success 263690
2026-01-05 12:43:18,667 - INFO - Downloading 042110 (에스씨디)...
2026-01-05 12:43:18,668 - INFO - Success 227950
2026-01-05 12:43:18,668 - INFO - Downloading 052670 (제일바이오)...
2026-01-05 12:43:18,748 - INFO - Success 052670
2026-01-05 12:43:18,748 - INFO - Downloading 900300 (오가닉티코스메틱)...
2026-01-05 12:43:18,749 - INFO - Success 042110
2026-01-05 12:43:18,749 - INFO - Downloading 373200 (엑스플러스)...
2026-01-05 12:43:18,808 - INFO - Success 373200
2026-01-05 12:43:18,809 - INFO - Downloading 256630 (포인트엔지니어링)...
2026-01-05 12:43:18,823 - INFO - Success 900300
2026-01-05 12:43:18,824 - INFO - Downloading 206400 (베노티앤알)...
2026-01-05 12:43:18,884 - INFO - Success 256630
2026-01-05 12:43:18,885 - INFO - Downloading 037760 (쎄니트)...
2026-01-05 12:43:18,947 - INFO - Success 206400
2026-01-05 12:43:18,947 - INFO - Downloading 066670 (디티씨)...
2026-01-05 12:43:18,958 - INFO - Success 037760
2026-01-05 12:43:18,958 - INFO - Downloading 237820 (플레이디)...
2026-01-05 12:43:19,020 - INFO - Success 237820
2026-01-05 12:43:19,020 - INFO - Downloading 352700 (씨앤투스)...
2026-01-05 12:43:19,037 - INFO - Success 066670
2026-01-05 12:43:19,037 - INFO - Downloading 088340 (유라클)...
2026-01-05 12:43:19,082 - INFO - Success 088340
2026-01-05 12:43:19,083 - INFO - Downloading 038880 (아이에이)...
2026-01-05 12:43:19,084 - INFO - Success 352700
2026-01-05 12:43:19,084 - INFO - Downloading 080530 (코디)...
2026-01-05 12:43:19,174 - INFO - Success 080530
2026-01-05 12:43:19,174 - INFO - Success 038880
2026-01-05 12:43:19,174 - INFO - Downloading 200350 (아티스트스튜디오)...
2026-01-05 12:43:19,175 - INFO - Downloading 117670 (알파칩스)...
2026-01-05 12:43:19,260 - INFO - Success 200350
2026-01-05 12:43:19,260 - INFO - Downloading 090410 (덕신이피씨)...
2026-01-05 12:43:19,272 - INFO - Success 117670
2026-01-05 12:43:19,272 - INFO - Downloading 171010 (램테크놀러지)...
2026-01-05 12:43:19,340 - INFO - Success 090410
2026-01-05 12:43:19,340 - INFO - Downloading 038070 (서린바이오)...
2026-01-05 12:43:19,349 - INFO - Success 171010
2026-01-05 12:43:19,349 - INFO - Downloading 008370 (원풍)...
2026-01-05 12:43:19,417 - INFO - Success 038070
2026-01-05 12:43:19,417 - INFO - Downloading 223310 (사토시홀딩스)...
2026-01-05 12:43:19,443 - INFO - Success 008370
2026-01-05 12:43:19,443 - INFO - Downloading 462510 (라메디텍)...
2026-01-05 12:43:19,494 - INFO - Success 462510
2026-01-05 12:43:19,494 - INFO - Downloading 007680 (대원)...
2026-01-05 12:43:19,495 - INFO - Success 223310
2026-01-05 12:43:19,495 - INFO - Downloading 100660 (서암기계공업)...
2026-01-05 12:43:19,569 - INFO - Success 007680
2026-01-05 12:43:19,569 - INFO - Downloading 097780 (에코볼트)...
2026-01-05 12:43:19,576 - INFO - Success 100660
2026-01-05 12:43:19,576 - INFO - Downloading 004780 (대륙제관)...
2026-01-05 12:43:19,649 - INFO - Success 004780
2026-01-05 12:43:19,649 - INFO - Downloading 067920 (이글루)...
2026-01-05 12:43:19,652 - INFO - Success 097780
2026-01-05 12:43:19,652 - INFO - Downloading 219750 (한국비티비)...
2026-01-05 12:43:19,723 - INFO - Success 067920
2026-01-05 12:43:19,723 - INFO - Downloading 452200 (민테크)...
2026-01-05 12:43:19,730 - INFO - Success 219750
2026-01-05 12:43:19,730 - INFO - Downloading 099520 (DGI)...
2026-01-05 12:43:19,768 - INFO - Success 452200
2026-01-05 12:43:19,768 - INFO - Downloading 019540 (일지테크)...
2026-01-05 12:43:19,805 - INFO - Success 099520
2026-01-05 12:43:19,805 - INFO - Downloading 184230 (SGA솔루션즈)...
2026-01-05 12:43:19,846 - INFO - Success 019540
2026-01-05 12:43:19,846 - INFO - Downloading 221800 (유투바이오)...
2026-01-05 12:43:19,878 - INFO - Success 184230
2026-01-05 12:43:19,878 - INFO - Downloading 037230 (한국팩키지)...
2026-01-05 12:43:19,922 - INFO - Success 221800
2026-01-05 12:43:19,922 - INFO - Downloading 245620 (EDGC)...
2026-01-05 12:43:19,954 - INFO - Success 037230
2026-01-05 12:43:19,954 - INFO - Downloading 053270 (구영테크)...
2026-01-05 12:43:19,988 - INFO - Success 245620
2026-01-05 12:43:19,988 - INFO - Downloading 109960 (앱토크롬)...
2026-01-05 12:43:20,039 - INFO - Success 053270
2026-01-05 12:43:20,040 - INFO - Downloading 046970 (우리로)...
2026-01-05 12:43:20,112 - INFO - Success 109960
2026-01-05 12:43:20,112 - INFO - Success 046970
2026-01-05 12:43:20,112 - INFO - Downloading 064480 (브리지텍)...
2026-01-05 12:43:20,113 - INFO - Downloading 082210 (옵트론텍)...
2026-01-05 12:43:20,201 - INFO - Success 064480
2026-01-05 12:43:20,201 - INFO - Downloading 189690 (포시에스)...
2026-01-05 12:43:20,202 - INFO - Success 082210
2026-01-05 12:43:20,202 - INFO - Downloading 286750 (나노실리칸첨단소재)...
2026-01-05 12:43:20,265 - INFO - Success 286750
2026-01-05 12:43:20,265 - INFO - Downloading 066130 (하츠)...
2026-01-05 12:43:20,278 - INFO - Success 189690
2026-01-05 12:43:20,279 - INFO - Downloading 263700 (케어랩스)...
2026-01-05 12:43:20,340 - INFO - Success 066130
2026-01-05 12:43:20,341 - INFO - Downloading 246690 (TS인베스트먼트)...
2026-01-05 12:43:20,354 - INFO - Success 263700
2026-01-05 12:43:20,354 - INFO - Downloading 440290 (HB인베스트먼트)...
2026-01-05 12:43:20,403 - INFO - Success 440290
2026-01-05 12:43:20,403 - INFO - Downloading 215090 (솔디펜스)...
2026-01-05 12:43:20,411 - INFO - Success 246690
2026-01-05 12:43:20,411 - INFO - Downloading 170790 (파이오링크)...
2026-01-05 12:43:20,478 - INFO - Success 215090
2026-01-05 12:43:20,478 - INFO - Downloading 351870 (차이커뮤니케이션)...
2026-01-05 12:43:20,487 - INFO - Success 170790
2026-01-05 12:43:20,487 - INFO - Downloading 199480 (뱅크웨어글로벌)...
2026-01-05 12:43:20,537 - INFO - Success 199480
2026-01-05 12:43:20,537 - INFO - Success 351870
2026-01-05 12:43:20,537 - INFO - Downloading 051490 (나라엠앤디)...
2026-01-05 12:43:20,538 - INFO - Downloading 290090 (트윔)...
2026-01-05 12:43:20,594 - INFO - Success 290090
2026-01-05 12:43:20,594 - INFO - Downloading 087260 (모바일어플라이언스)...
2026-01-05 12:43:20,615 - INFO - Success 051490
2026-01-05 12:43:20,615 - INFO - Downloading 417860 (오브젠)...
2026-01-05 12:43:20,663 - INFO - Success 087260
2026-01-05 12:43:20,664 - INFO - Downloading 361570 (알비더블유)...
2026-01-05 12:43:20,680 - INFO - Success 417860
2026-01-05 12:43:20,680 - INFO - Downloading 084180 (수성웹툰)...
2026-01-05 12:43:20,723 - INFO - Success 361570
2026-01-05 12:43:20,723 - INFO - Downloading 053620 (태양)...
2026-01-05 12:43:20,757 - INFO - Success 084180
2026-01-05 12:43:20,757 - INFO - Downloading 057680 (티사이언티픽)...
2026-01-05 12:43:20,801 - INFO - Success 053620
2026-01-05 12:43:20,801 - INFO - Downloading 129920 (대성하이텍)...
2026-01-05 12:43:20,836 - INFO - Success 057680
2026-01-05 12:43:20,836 - INFO - Downloading 073570 (리튬포어스)...
2026-01-05 12:43:20,859 - INFO - Success 129920
2026-01-05 12:43:20,859 - INFO - Downloading 464280 (티디에스팜)...
2026-01-05 12:43:20,903 - INFO - Success 464280
2026-01-05 12:43:20,903 - INFO - Downloading 217480 (에스디생명공학)...
2026-01-05 12:43:20,913 - INFO - Success 073570
2026-01-05 12:43:20,913 - INFO - Downloading 024950 (삼천리자전거)...
2026-01-05 12:43:20,973 - INFO - Success 217480
2026-01-05 12:43:20,973 - INFO - Downloading 105760 (포스뱅크)...
2026-01-05 12:43:20,998 - INFO - Success 024950
2026-01-05 12:43:20,998 - INFO - Downloading 103840 (우양)...
2026-01-05 12:43:21,023 - INFO - Success 105760
2026-01-05 12:43:21,023 - INFO - Downloading 238120 (얼라인드)...
2026-01-05 12:43:21,063 - INFO - Success 103840
2026-01-05 12:43:21,063 - INFO - Downloading 068050 (팬엔터테인먼트)...
2026-01-05 12:43:21,091 - INFO - Success 238120
2026-01-05 12:43:21,091 - INFO - Downloading 465480 (인스피언)...
2026-01-05 12:43:21,139 - INFO - Success 465480
2026-01-05 12:43:21,140 - INFO - Downloading 036180 (지더블유바이텍)...
2026-01-05 12:43:21,143 - INFO - Success 068050
2026-01-05 12:43:21,143 - INFO - Downloading 048770 (TPC)...
2026-01-05 12:43:21,223 - INFO - Success 036180
2026-01-05 12:43:21,223 - INFO - Downloading 032860 (더라미)...
2026-01-05 12:43:21,224 - INFO - Success 048770
2026-01-05 12:43:21,224 - INFO - Downloading 088910 (동우팜투테이블)...
2026-01-05 12:43:21,301 - INFO - Success 032860
2026-01-05 12:43:21,302 - INFO - Downloading 376290 (씨유테크)...
2026-01-05 12:43:21,308 - INFO - Success 088910
2026-01-05 12:43:21,308 - INFO - Downloading 007530 (와이엠)...
2026-01-05 12:43:21,359 - INFO - Success 376290
2026-01-05 12:43:21,359 - INFO - Downloading 444530 (심플랫폼)...
2026-01-05 12:43:21,382 - INFO - Success 007530
2026-01-05 12:43:21,382 - INFO - Downloading 046390 (삼화네트웍스)...
2026-01-05 12:43:21,397 - WARNING - Empty data for 444530
2026-01-05 12:43:21,397 - INFO - Downloading 271830 (팸텍)...
2026-01-05 12:43:21,449 - INFO - Success 271830
2026-01-05 12:43:21,449 - INFO - Downloading 053950 (경남제약)...
2026-01-05 12:43:21,459 - INFO - Success 046390
2026-01-05 12:43:21,459 - INFO - Downloading 036170 (에이치엠넥스)...
2026-01-05 12:43:21,533 - INFO - Success 053950
2026-01-05 12:43:21,534 - INFO - Downloading 033560 (블루콤)...
2026-01-05 12:43:21,544 - INFO - Success 036170
2026-01-05 12:43:21,544 - INFO - Downloading 226330 (신테카바이오)...
2026-01-05 12:43:21,618 - INFO - Success 226330
2026-01-05 12:43:21,618 - INFO - Downloading 078590 (휴림에이텍)...
2026-01-05 12:43:21,619 - INFO - Success 033560
2026-01-05 12:43:21,619 - INFO - Downloading 250000 (보라티알)...
2026-01-05 12:43:21,698 - INFO - Success 250000
2026-01-05 12:43:21,698 - INFO - Downloading 317530 (캐리소프트)...
2026-01-05 12:43:21,700 - INFO - Success 078590
2026-01-05 12:43:21,701 - INFO - Downloading 044960 (이글벳)...
2026-01-05 12:43:21,760 - INFO - Success 317530
2026-01-05 12:43:21,760 - INFO - Downloading 069410 (엔텔스)...
2026-01-05 12:43:21,786 - INFO - Success 044960
2026-01-05 12:43:21,786 - INFO - Downloading 430690 (한싹)...
2026-01-05 12:43:21,848 - INFO - Success 430690
2026-01-05 12:43:21,848 - INFO - Downloading 026040 (제이에스티나)...
2026-01-05 12:43:21,850 - INFO - Success 069410
2026-01-05 12:43:21,850 - INFO - Downloading 056360 (코위버)...
2026-01-05 12:43:21,935 - INFO - Success 056360
2026-01-05 12:43:21,936 - INFO - Downloading 065130 (탑엔지니어링)...
2026-01-05 12:43:21,937 - INFO - Success 026040
2026-01-05 12:43:21,937 - INFO - Downloading 363260 (모비데이즈)...
2026-01-05 12:43:21,995 - INFO - Success 363260
2026-01-05 12:43:21,995 - INFO - Downloading 224110 (에이텍모빌리티)...
2026-01-05 12:43:22,020 - INFO - Success 065130
2026-01-05 12:43:22,020 - INFO - Downloading 038010 (제일테크노스)...
2026-01-05 12:43:22,071 - INFO - Success 224110
2026-01-05 12:43:22,072 - INFO - Downloading 049830 (승일)...
2026-01-05 12:43:22,082 - INFO - Success 038010
2026-01-05 12:43:22,082 - INFO - Downloading 420570 (제이투케이바이오)...
2026-01-05 12:43:22,130 - INFO - Success 420570
2026-01-05 12:43:22,130 - INFO - Downloading 450330 (하스)...
2026-01-05 12:43:22,147 - INFO - Success 049830
2026-01-05 12:43:22,147 - INFO - Downloading 039290 (인포뱅크)...
2026-01-05 12:43:22,177 - INFO - Success 450330
2026-01-05 12:43:22,177 - INFO - Downloading 460470 (아이빔테크놀로지)...
2026-01-05 12:43:22,224 - INFO - Success 460470
2026-01-05 12:43:22,224 - INFO - Downloading 359090 (씨엔알리서치)...
2026-01-05 12:43:22,226 - INFO - Success 039290
2026-01-05 12:43:22,226 - INFO - Downloading 032790 (엠젠솔루션)...
2026-01-05 12:43:22,284 - INFO - Success 359090
2026-01-05 12:43:22,284 - INFO - Downloading 096610 (알에프세미)...
2026-01-05 12:43:22,307 - INFO - Success 032790
2026-01-05 12:43:22,307 - INFO - Downloading 424980 (마이크로투나노)...
2026-01-05 12:43:22,361 - INFO - Success 424980
2026-01-05 12:43:22,363 - INFO - Downloading 021880 (메이슨캐피탈)...
2026-01-05 12:43:22,370 - INFO - Success 096610
2026-01-05 12:43:22,370 - INFO - Downloading 001000 (신라섬유)...
2026-01-05 12:43:22,451 - INFO - Success 021880
2026-01-05 12:43:22,451 - INFO - Downloading 097870 (효성오앤비)...
2026-01-05 12:43:22,452 - INFO - Success 001000
2026-01-05 12:43:22,452 - INFO - Downloading 200780 (비씨월드제약)...
2026-01-05 12:43:22,536 - INFO - Success 200780
2026-01-05 12:43:22,536 - INFO - Success 097870
2026-01-05 12:43:22,536 - INFO - Downloading 178780 (일월지엠엘)...
2026-01-05 12:43:22,537 - INFO - Downloading 049080 (기가레인)...
2026-01-05 12:43:22,612 - INFO - Success 049080
2026-01-05 12:43:22,612 - INFO - Downloading 150900 (파수)...
2026-01-05 12:43:22,613 - INFO - Success 178780
2026-01-05 12:43:22,613 - INFO - Downloading 087600 (픽셀플러스)...
2026-01-05 12:43:22,695 - INFO - Success 087600
2026-01-05 12:43:22,695 - INFO - Downloading 123840 (뉴온)...
2026-01-05 12:43:22,708 - INFO - Success 150900
2026-01-05 12:43:22,709 - INFO - Downloading 109820 (진매트릭스)...
2026-01-05 12:43:22,789 - INFO - Success 109820
2026-01-05 12:43:22,789 - INFO - Success 123840
2026-01-05 12:43:22,789 - INFO - Downloading 060850 (영림원소프트랩)...
2026-01-05 12:43:22,790 - INFO - Downloading 900270 (헝셩그룹)...
2026-01-05 12:43:22,856 - INFO - Success 060850
2026-01-05 12:43:22,856 - INFO - Downloading 024940 (PN풍년)...
2026-01-05 12:43:22,859 - INFO - Success 900270
2026-01-05 12:43:22,859 - INFO - Downloading 208860 (다산디엠씨)...
2026-01-05 12:43:22,939 - INFO - Success 208860
2026-01-05 12:43:22,939 - INFO - Downloading 056700 (신화인터텍)...
2026-01-05 12:43:22,940 - INFO - Success 024940
2026-01-05 12:43:22,940 - INFO - Downloading 089790 (제이티)...
2026-01-05 12:43:23,021 - INFO - Success 089790
2026-01-05 12:43:23,021 - INFO - Downloading 263810 (상신전자)...
2026-01-05 12:43:23,023 - INFO - Success 056700
2026-01-05 12:43:23,023 - INFO - Downloading 434480 (모니터랩)...
2026-01-05 12:43:23,079 - INFO - Success 434480
2026-01-05 12:43:23,079 - INFO - Downloading 321260 (프로이천)...
2026-01-05 12:43:23,094 - INFO - Success 263810
2026-01-05 12:43:23,095 - INFO - Downloading 057030 (YBM넷)...
2026-01-05 12:43:23,149 - INFO - Success 321260
2026-01-05 12:43:23,149 - INFO - Downloading 450520 (인스웨이브)...
2026-01-05 12:43:23,168 - INFO - Success 057030
2026-01-05 12:43:23,168 - INFO - Downloading 475460 (미트박스)...
2026-01-05 12:43:23,202 - INFO - Success 450520
2026-01-05 12:43:23,202 - INFO - Downloading 100590 (머큐리)...
2026-01-05 12:43:23,207 - WARNING - Empty data for 475460
2026-01-05 12:43:23,207 - INFO - Downloading 089150 (케이씨티)...
2026-01-05 12:43:23,265 - INFO - Success 100590
2026-01-05 12:43:23,266 - INFO - Downloading 464500 (아이언디바이스)...
2026-01-05 12:43:23,283 - INFO - Success 089150
2026-01-05 12:43:23,283 - INFO - Downloading 258610 (케일럼)...
2026-01-05 12:43:23,314 - INFO - Success 464500
2026-01-05 12:43:23,315 - INFO - Downloading 356890 (싸이버원)...
2026-01-05 12:43:23,351 - INFO - Success 258610
2026-01-05 12:43:23,351 - INFO - Downloading 052860 (아이앤씨)...
2026-01-05 12:43:23,374 - INFO - Success 356890
2026-01-05 12:43:23,374 - INFO - Downloading 033200 (모아텍)...
2026-01-05 12:43:23,428 - INFO - Success 052860
2026-01-05 12:43:23,428 - INFO - Downloading 318020 (포인트모바일)...
2026-01-05 12:43:23,450 - INFO - Success 033200
2026-01-05 12:43:23,450 - INFO - Downloading 242040 (나무기술)...
2026-01-05 12:43:23,485 - INFO - Success 318020
2026-01-05 12:43:23,485 - INFO - Downloading 096630 (에스코넥)...
2026-01-05 12:43:23,520 - INFO - Success 242040
2026-01-05 12:43:23,520 - INFO - Downloading 220180 (핸디소프트)...
2026-01-05 12:43:23,557 - INFO - Success 096630
2026-01-05 12:43:23,557 - INFO - Downloading 122350 (삼기)...
2026-01-05 12:43:23,596 - INFO - Success 220180
2026-01-05 12:43:23,596 - INFO - Downloading 079000 (와토스코리아)...
2026-01-05 12:43:23,633 - INFO - Success 122350
2026-01-05 12:43:23,634 - INFO - Downloading 057540 (옴니시스템)...
2026-01-05 12:43:23,676 - INFO - Success 079000
2026-01-05 12:43:23,676 - INFO - Downloading 128540 (에코캡)...
2026-01-05 12:43:23,711 - INFO - Success 057540
2026-01-05 12:43:23,711 - INFO - Downloading 336060 (웨이버스)...
2026-01-05 12:43:23,741 - INFO - Success 128540
2026-01-05 12:43:23,741 - INFO - Downloading 239890 (피엔에이치테크)...
2026-01-05 12:43:23,773 - INFO - Success 336060
2026-01-05 12:43:23,774 - INFO - Downloading 060900 (에이전트AI)...
2026-01-05 12:43:23,812 - INFO - Success 239890
2026-01-05 12:43:23,812 - INFO - Downloading 129890 (앱코)...
2026-01-05 12:43:23,849 - INFO - Success 060900
2026-01-05 12:43:23,849 - INFO - Downloading 464580 (닷밀)...
2026-01-05 12:43:23,875 - INFO - Success 129890
2026-01-05 12:43:23,875 - INFO - Downloading 332290 (누보)...
2026-01-05 12:43:23,892 - INFO - Success 464580
2026-01-05 12:43:23,892 - INFO - Downloading 153460 (네이블)...
2026-01-05 12:43:23,943 - INFO - Success 332290
2026-01-05 12:43:23,943 - INFO - Downloading 082660 (코스나인)...
2026-01-05 12:43:23,964 - INFO - Success 153460
2026-01-05 12:43:23,964 - INFO - Downloading 355390 (크라우드웍스)...
2026-01-05 12:43:24,013 - INFO - Success 355390
2026-01-05 12:43:24,014 - INFO - Downloading 189330 (씨이랩)...
2026-01-05 12:43:24,019 - INFO - Success 082660
2026-01-05 12:43:24,019 - INFO - Downloading 290660 (네오펙트)...
2026-01-05 12:43:24,105 - INFO - Success 290660
2026-01-05 12:43:24,106 - INFO - Downloading 140430 (카티스)...
2026-01-05 12:43:24,110 - INFO - Success 189330
2026-01-05 12:43:24,110 - INFO - Downloading 104200 (NHN벅스)...
2026-01-05 12:43:24,155 - INFO - Success 140430
2026-01-05 12:43:24,155 - INFO - Downloading 014570 (고려제약)...
2026-01-05 12:43:24,181 - INFO - Success 104200
2026-01-05 12:43:24,181 - INFO - Downloading 065950 (웰크론)...
2026-01-05 12:43:24,239 - INFO - Success 014570
2026-01-05 12:43:24,239 - INFO - Downloading 198080 (캐프)...
2026-01-05 12:43:24,255 - INFO - Success 065950
2026-01-05 12:43:24,255 - INFO - Downloading 469750 (아이비젼웍스)...
2026-01-05 12:43:24,300 - INFO - Success 198080
2026-01-05 12:43:24,300 - INFO - Downloading 307280 (원바이오젠)...
2026-01-05 12:43:24,308 - INFO - Success 469750
2026-01-05 12:43:24,308 - INFO - Downloading 462310 (뉴키즈온)...
2026-01-05 12:43:24,343 - WARNING - Empty data for 462310
2026-01-05 12:43:24,343 - INFO - Downloading 335810 (프리시젼바이오)...
2026-01-05 12:43:24,363 - INFO - Success 307280
2026-01-05 12:43:24,363 - INFO - Downloading 277410 (인산가)...
2026-01-05 12:43:24,403 - INFO - Success 335810
2026-01-05 12:43:24,403 - INFO - Downloading 270870 (뉴트리)...
2026-01-05 12:43:24,431 - INFO - Success 277410
2026-01-05 12:43:24,431 - INFO - Downloading 455180 (케이지에이)...
2026-01-05 12:43:24,471 - WARNING - Empty data for 455180
2026-01-05 12:43:24,471 - INFO - Downloading 091590 (남화토건)...
2026-01-05 12:43:24,474 - INFO - Success 270870
2026-01-05 12:43:24,474 - INFO - Downloading 049180 (셀루메드)...
2026-01-05 12:43:24,558 - INFO - Success 049180
2026-01-05 12:43:24,558 - INFO - Downloading 109080 (옵티시스)...
2026-01-05 12:43:24,559 - INFO - Success 091590
2026-01-05 12:43:24,559 - INFO - Downloading 101240 (씨큐브)...
2026-01-05 12:43:24,643 - INFO - Success 109080
2026-01-05 12:43:24,643 - INFO - Success 101240
2026-01-05 12:43:24,644 - INFO - Downloading 036690 (코맥스)...
2026-01-05 12:43:24,644 - INFO - Downloading 037370 (EG)...
2026-01-05 12:43:24,727 - INFO - Success 037370
2026-01-05 12:43:24,727 - INFO - Downloading 190650 (코리아에셋투자증권)...
2026-01-05 12:43:24,728 - INFO - Success 036690
2026-01-05 12:43:24,728 - INFO - Downloading 256150 (한독크린텍)...
2026-01-05 12:43:24,789 - INFO - Success 190650
2026-01-05 12:43:24,789 - INFO - Downloading 094970 (제이엠티)...
2026-01-05 12:43:24,794 - INFO - Success 256150
2026-01-05 12:43:24,794 - INFO - Downloading 002290 (삼일기업공사)...
2026-01-05 12:43:24,870 - INFO - Success 002290
2026-01-05 12:43:24,871 - INFO - Downloading 301300 (바이브컴퍼니)...
2026-01-05 12:43:24,872 - INFO - Success 094970
2026-01-05 12:43:24,872 - INFO - Downloading 096690 (에이루트)...
2026-01-05 12:43:24,927 - INFO - Success 301300
2026-01-05 12:43:24,927 - INFO - Downloading 418250 (시큐레터)...
2026-01-05 12:43:24,952 - INFO - Success 096690
2026-01-05 12:43:24,952 - INFO - Downloading 067170 (오텍)...
2026-01-05 12:43:24,977 - INFO - Success 418250
2026-01-05 12:43:24,977 - INFO - Downloading 195500 (마니커에프앤지)...
2026-01-05 12:43:25,037 - INFO - Success 067170
2026-01-05 12:43:25,038 - INFO - Downloading 038620 (위즈코프)...
2026-01-05 12:43:25,040 - INFO - Success 195500
2026-01-05 12:43:25,040 - INFO - Downloading 342870 (오아)...
2026-01-05 12:43:25,076 - WARNING - Empty data for 342870
2026-01-05 12:43:25,076 - INFO - Downloading 309930 (조이웍스앤코)...
2026-01-05 12:43:25,118 - INFO - Success 038620
2026-01-05 12:43:25,118 - INFO - Downloading 086040 (바이오톡스텍)...
2026-01-05 12:43:25,151 - INFO - Success 309930
2026-01-05 12:43:25,151 - INFO - Downloading 254120 (자비스)...
2026-01-05 12:43:25,200 - INFO - Success 086040
2026-01-05 12:43:25,201 - INFO - Downloading 143540 (영우디에스피)...
2026-01-05 12:43:25,233 - INFO - Success 254120
2026-01-05 12:43:25,233 - INFO - Downloading 006050 (국영지앤엠)...
2026-01-05 12:43:25,295 - INFO - Success 143540
2026-01-05 12:43:25,295 - INFO - Downloading 238090 (앤디포스)...
2026-01-05 12:43:25,312 - INFO - Success 006050
2026-01-05 12:43:25,312 - INFO - Downloading 263770 (유에스티)...
2026-01-05 12:43:25,371 - INFO - Success 238090
2026-01-05 12:43:25,371 - INFO - Downloading 273060 (와이즈버즈)...
2026-01-05 12:43:25,377 - INFO - Success 263770
2026-01-05 12:43:25,377 - INFO - Downloading 126640 (화신정공)...
2026-01-05 12:43:25,442 - INFO - Success 273060
2026-01-05 12:43:25,442 - INFO - Downloading 239610 (에이치엘사이언스)...
2026-01-05 12:43:25,454 - INFO - Success 126640
2026-01-05 12:43:25,454 - INFO - Downloading 475660 (에스켐)...
2026-01-05 12:43:25,499 - INFO - Success 475660
2026-01-05 12:43:25,499 - INFO - Downloading 353590 (오토앤)...
2026-01-05 12:43:25,512 - INFO - Success 239610
2026-01-05 12:43:25,512 - INFO - Downloading 038870 (에코바이오)...
2026-01-05 12:43:25,557 - INFO - Success 353590
2026-01-05 12:43:25,557 - INFO - Downloading 083550 (케이엠)...
2026-01-05 12:43:25,595 - INFO - Success 038870
2026-01-05 12:43:25,595 - INFO - Downloading 040160 (누리플렉스)...
2026-01-05 12:43:25,637 - INFO - Success 083550
2026-01-05 12:43:25,637 - INFO - Downloading 114630 (폴라리스우노)...
2026-01-05 12:43:25,673 - INFO - Success 040160
2026-01-05 12:43:25,673 - INFO - Downloading 051390 (YW)...
2026-01-05 12:43:25,717 - INFO - Success 114630
2026-01-05 12:43:25,717 - INFO - Downloading 025880 (케이씨피드)...
2026-01-05 12:43:25,748 - INFO - Success 051390
2026-01-05 12:43:25,748 - INFO - Downloading 072950 (빛샘전자)...
2026-01-05 12:43:25,801 - INFO - Success 025880
2026-01-05 12:43:25,801 - INFO - Downloading 140520 (대창스틸)...
2026-01-05 12:43:25,823 - INFO - Success 072950
2026-01-05 12:43:25,823 - INFO - Downloading 298060 (에스씨엠생명과학)...
2026-01-05 12:43:25,875 - INFO - Success 140520
2026-01-05 12:43:25,876 - INFO - Downloading 056730 (CNT85)...
2026-01-05 12:43:25,883 - INFO - Success 298060
2026-01-05 12:43:25,883 - INFO - Downloading 376180 (피코그램)...
2026-01-05 12:43:25,944 - INFO - Success 376180
2026-01-05 12:43:25,944 - INFO - Downloading 073110 (엘엠에스)...
2026-01-05 12:43:25,950 - INFO - Success 056730
2026-01-05 12:43:25,950 - INFO - Downloading 387570 (파인메딕스)...
2026-01-05 12:43:25,993 - INFO - Success 387570
2026-01-05 12:43:25,994 - INFO - Downloading 099390 (브레인즈컴퍼니)...
2026-01-05 12:43:26,027 - INFO - Success 073110
2026-01-05 12:43:26,027 - INFO - Downloading 065370 (위세아이텍)...
2026-01-05 12:43:26,051 - INFO - Success 099390
2026-01-05 12:43:26,051 - INFO - Downloading 137080 (나래나노텍)...
2026-01-05 12:43:26,095 - INFO - Success 065370
2026-01-05 12:43:26,096 - INFO - Downloading 148780 (비큐AI)...
2026-01-05 12:43:26,113 - INFO - Success 137080
2026-01-05 12:43:26,113 - INFO - Downloading 052600 (한네트)...
2026-01-05 12:43:26,168 - INFO - Success 148780
2026-01-05 12:43:26,168 - INFO - Downloading 019770 (서연탑메탈)...
2026-01-05 12:43:26,195 - INFO - Success 052600
2026-01-05 12:43:26,195 - INFO - Downloading 016600 (큐캐피탈)...
2026-01-05 12:43:26,246 - INFO - Success 019770
2026-01-05 12:43:26,246 - INFO - Downloading 300120 (라온피플)...
2026-01-05 12:43:26,272 - INFO - Success 016600
2026-01-05 12:43:26,272 - INFO - Downloading 318410 (비비씨)...
2026-01-05 12:43:26,310 - INFO - Success 300120
2026-01-05 12:43:26,310 - INFO - Downloading 027580 (상보)...
2026-01-05 12:43:26,334 - INFO - Success 318410
2026-01-05 12:43:26,334 - INFO - Downloading 308100 (형지글로벌)...
2026-01-05 12:43:26,387 - INFO - Success 027580
2026-01-05 12:43:26,387 - INFO - Downloading 203450 (유니온바이오메트릭스)...
2026-01-05 12:43:26,400 - INFO - Success 308100
2026-01-05 12:43:26,400 - INFO - Downloading 239340 (이스트에이드)...
2026-01-05 12:43:26,469 - INFO - Success 203450
2026-01-05 12:43:26,469 - INFO - Downloading 123570 (이엠넷)...
2026-01-05 12:43:26,471 - INFO - Success 239340
2026-01-05 12:43:26,471 - INFO - Downloading 042040 (케이피엠테크)...
2026-01-05 12:43:26,553 - INFO - Success 123570
2026-01-05 12:43:26,553 - INFO - Success 042040
2026-01-05 12:43:26,553 - INFO - Downloading 050860 (아세아텍)...
2026-01-05 12:43:26,553 - INFO - Downloading 131100 (티엔엔터테인먼트)...
2026-01-05 12:43:26,642 - INFO - Success 050860
2026-01-05 12:43:26,642 - INFO - Downloading 009730 (이렘)...
2026-01-05 12:43:26,643 - INFO - Success 131100
2026-01-05 12:43:26,644 - INFO - Downloading 133750 (메가엠디)...
2026-01-05 12:43:26,716 - INFO - Success 133750
2026-01-05 12:43:26,716 - INFO - Downloading 340440 (세림B&G)...
2026-01-05 12:43:26,789 - INFO - Success 340440
2026-01-05 12:43:26,789 - INFO - Downloading 033540 (파라텍)...
2026-01-05 12:43:26,790 - INFO - Success 009730
2026-01-05 12:43:26,790 - INFO - Downloading 323350 (다원넥스뷰)...
2026-01-05 12:43:26,863 - INFO - Success 323350
2026-01-05 12:43:26,863 - INFO - Downloading 900340 (윙입푸드)...
2026-01-05 12:43:26,875 - INFO - Success 033540
2026-01-05 12:43:26,875 - INFO - Downloading 204020 (그리티)...
2026-01-05 12:43:26,930 - INFO - Success 900340
2026-01-05 12:43:26,930 - INFO - Downloading 066900 (디에이피)...
2026-01-05 12:43:26,944 - INFO - Success 204020
2026-01-05 12:43:26,944 - INFO - Downloading 119500 (포메탈)...
2026-01-05 12:43:27,007 - INFO - Success 066900
2026-01-05 12:43:27,007 - INFO - Downloading 221980 (케이디켐)...
2026-01-05 12:43:27,019 - INFO - Success 119500
2026-01-05 12:43:27,019 - INFO - Downloading 075970 (동국알앤에스)...
2026-01-05 12:43:27,087 - INFO - Success 221980
2026-01-05 12:43:27,087 - INFO - Downloading 024120 (KB오토시스)...
2026-01-05 12:43:27,123 - INFO - Success 075970
2026-01-05 12:43:27,123 - INFO - Downloading 263020 (디케이앤디)...
2026-01-05 12:43:27,180 - INFO - Success 024120
2026-01-05 12:43:27,180 - INFO - Downloading 075130 (플랜티넷)...
2026-01-05 12:43:27,193 - INFO - Success 263020
2026-01-05 12:43:27,193 - INFO - Downloading 221840 (하이즈항공)...
2026-01-05 12:43:27,253 - INFO - Success 075130
2026-01-05 12:43:27,253 - INFO - Downloading 431190 (케이쓰리아이)...
2026-01-05 12:43:27,263 - INFO - Success 221840
2026-01-05 12:43:27,263 - INFO - Downloading 069140 (누리플랜)...
2026-01-05 12:43:27,301 - INFO - Success 431190
2026-01-05 12:43:27,301 - INFO - Downloading 303530 (이노뎁)...
2026-01-05 12:43:27,336 - INFO - Success 069140
2026-01-05 12:43:27,336 - INFO - Downloading 053160 (프리엠스)...
2026-01-05 12:43:27,356 - INFO - Success 303530
2026-01-05 12:43:27,356 - INFO - Downloading 452300 (캡스톤파트너스)...
2026-01-05 12:43:27,405 - INFO - Success 452300
2026-01-05 12:43:27,405 - INFO - Downloading 066910 (손오공)...
2026-01-05 12:43:27,419 - INFO - Success 053160
2026-01-05 12:43:27,419 - INFO - Downloading 263050 (유틸렉스)...
2026-01-05 12:43:27,489 - INFO - Success 263050
2026-01-05 12:43:27,489 - INFO - Downloading 360350 (코셈)...
2026-01-05 12:43:27,490 - INFO - Success 066910
2026-01-05 12:43:27,490 - INFO - Downloading 417840 (저스템)...
2026-01-05 12:43:27,541 - INFO - Success 360350
2026-01-05 12:43:27,541 - INFO - Downloading 065440 (이루온)...
2026-01-05 12:43:27,548 - INFO - Success 417840
2026-01-05 12:43:27,548 - INFO - Downloading 159910 (에코글로우)...
2026-01-05 12:43:27,618 - INFO - Success 065440
2026-01-05 12:43:27,618 - INFO - Downloading 045060 (오공)...
2026-01-05 12:43:27,625 - INFO - Success 159910
2026-01-05 12:43:27,625 - INFO - Downloading 013720 (THE CUBE&)...
2026-01-05 12:43:27,693 - INFO - Success 045060
2026-01-05 12:43:27,693 - INFO - Downloading 290120 (DH오토리드)...
2026-01-05 12:43:27,706 - INFO - Success 013720
2026-01-05 12:43:27,706 - INFO - Downloading 263920 (휴엠앤씨)...
2026-01-05 12:43:27,758 - INFO - Success 290120
2026-01-05 12:43:27,758 - INFO - Downloading 064520 (테크엘)...
2026-01-05 12:43:27,768 - INFO - Success 263920
2026-01-05 12:43:27,768 - INFO - Downloading 452980 (신한제11호스팩)...
2026-01-05 12:43:27,822 - INFO - Success 452980
2026-01-05 12:43:27,822 - INFO - Downloading 050120 (ES큐브)...
2026-01-05 12:43:27,839 - INFO - Success 064520
2026-01-05 12:43:27,839 - INFO - Downloading 257370 (피엔티엠에스)...
2026-01-05 12:43:27,910 - INFO - Success 257370
2026-01-05 12:43:27,910 - INFO - Downloading 146060 (율촌)...
2026-01-05 12:43:27,911 - INFO - Success 050120
2026-01-05 12:43:27,911 - INFO - Downloading 031310 (아이즈비전)...
2026-01-05 12:43:27,961 - INFO - Success 146060
2026-01-05 12:43:27,961 - INFO - Downloading 208640 (썸에이지)...
2026-01-05 12:43:27,985 - INFO - Success 031310
2026-01-05 12:43:27,985 - INFO - Downloading 900310 (컬러레이)...
2026-01-05 12:43:28,043 - INFO - Success 208640
2026-01-05 12:43:28,043 - INFO - Downloading 238490 (힘스)...
2026-01-05 12:43:28,054 - INFO - Success 900310
2026-01-05 12:43:28,054 - INFO - Downloading 123010 (아이윈플러스)...
2026-01-05 12:43:28,114 - INFO - Success 238490
2026-01-05 12:43:28,115 - INFO - Downloading 232830 (아이티센피엔에스)...
2026-01-05 12:43:28,129 - INFO - Success 123010
2026-01-05 12:43:28,129 - INFO - Downloading 177830 (파버나인)...
2026-01-05 12:43:28,188 - INFO - Success 232830
2026-01-05 12:43:28,188 - INFO - Downloading 020180 (대신정보통신)...
2026-01-05 12:43:28,204 - INFO - Success 177830
2026-01-05 12:43:28,204 - INFO - Downloading 021650 (한국큐빅)...
2026-01-05 12:43:28,266 - INFO - Success 020180
2026-01-05 12:43:28,266 - INFO - Downloading 052460 (아이크래프트)...
2026-01-05 12:43:28,280 - INFO - Success 021650
2026-01-05 12:43:28,280 - INFO - Downloading 318000 (KBG)...
2026-01-05 12:43:28,349 - INFO - Success 052460
2026-01-05 12:43:28,349 - INFO - Downloading 397810 (애드포러스)...
2026-01-05 12:43:28,350 - INFO - Success 318000
2026-01-05 12:43:28,350 - INFO - Downloading 274400 (이노시뮬레이션)...
2026-01-05 12:43:28,385 - WARNING - Empty data for 397810
2026-01-05 12:43:28,385 - INFO - Downloading 262840 (아이퀘스트)...
2026-01-05 12:43:28,398 - INFO - Success 274400
2026-01-05 12:43:28,398 - INFO - Downloading 228340 (동양파일)...
2026-01-05 12:43:28,447 - INFO - Success 262840
2026-01-05 12:43:28,447 - INFO - Downloading 011080 (형지I&C)...
2026-01-05 12:43:28,466 - INFO - Success 228340
2026-01-05 12:43:28,466 - INFO - Downloading 016100 (리더스코스메틱)...
2026-01-05 12:43:28,528 - INFO - Success 011080
2026-01-05 12:43:28,528 - INFO - Downloading 130500 (GH신소재)...
2026-01-05 12:43:28,544 - INFO - Success 016100
2026-01-05 12:43:28,544 - INFO - Downloading 127710 (아시아경제)...
2026-01-05 12:43:28,617 - INFO - Success 130500
2026-01-05 12:43:28,617 - INFO - Downloading 322780 (코퍼스코리아)...
2026-01-05 12:43:28,618 - INFO - Success 127710
2026-01-05 12:43:28,618 - INFO - Downloading 188040 (바이오포트)...
2026-01-05 12:43:28,655 - WARNING - Empty data for 188040
2026-01-05 12:43:28,655 - INFO - Downloading 043340 (에쎈테크)...
2026-01-05 12:43:28,683 - INFO - Success 322780
2026-01-05 12:43:28,683 - INFO - Downloading 196450 (코아시아씨엠)...
2026-01-05 12:43:28,739 - INFO - Success 043340
2026-01-05 12:43:28,740 - INFO - Downloading 438700 (버넥트)...
2026-01-05 12:43:28,764 - INFO - Success 196450
2026-01-05 12:43:28,764 - INFO - Downloading 052300 (오션인더블유)...
2026-01-05 12:43:28,789 - INFO - Success 438700
2026-01-05 12:43:28,789 - INFO - Downloading 440320 (오픈놀)...
2026-01-05 12:43:28,842 - INFO - Success 052300
2026-01-05 12:43:28,843 - INFO - Downloading 297570 (알로이스)...
2026-01-05 12:43:28,845 - INFO - Success 440320
2026-01-05 12:43:28,845 - INFO - Downloading 258790 (소프트캠프)...
2026-01-05 12:43:28,920 - INFO - Success 297570
2026-01-05 12:43:28,920 - INFO - Downloading 032580 (피델릭스)...
2026-01-05 12:43:28,922 - INFO - Success 258790
2026-01-05 12:43:28,922 - INFO - Downloading 025440 (DH오토웨어)...
2026-01-05 12:43:29,005 - INFO - Success 025440
2026-01-05 12:43:29,005 - INFO - Success 032580
2026-01-05 12:43:29,005 - INFO - Downloading 354200 (엔젠바이오)...
2026-01-05 12:43:29,006 - INFO - Downloading 071850 (캐스텍코리아)...
2026-01-05 12:43:29,063 - INFO - Success 354200
2026-01-05 12:43:29,063 - INFO - Downloading 060540 (에스에이티)...
2026-01-05 12:43:29,078 - INFO - Success 071850
2026-01-05 12:43:29,078 - INFO - Downloading 462980 (아이지넷)...
2026-01-05 12:43:29,122 - WARNING - Empty data for 462980
2026-01-05 12:43:29,122 - INFO - Downloading 222420 (쎄노텍)...
2026-01-05 12:43:29,132 - INFO - Success 060540
2026-01-05 12:43:29,132 - INFO - Downloading 069540 (빛과전자)...
2026-01-05 12:43:29,195 - INFO - Success 222420
2026-01-05 12:43:29,195 - INFO - Downloading 340810 (시선AI)...
2026-01-05 12:43:29,208 - INFO - Success 069540
2026-01-05 12:43:29,208 - INFO - Downloading 351320 (넥사다이내믹스)...
2026-01-05 12:43:29,246 - INFO - Success 340810
2026-01-05 12:43:29,246 - INFO - Downloading 373170 (엠아이큐브솔루션)...
2026-01-05 12:43:29,266 - INFO - Success 351320
2026-01-05 12:43:29,266 - INFO - Downloading 066360 (체리부로)...
2026-01-05 12:43:29,297 - INFO - Success 373170
2026-01-05 12:43:29,297 - INFO - Downloading 192410 (오늘이엔엠)...
2026-01-05 12:43:29,333 - INFO - Success 066360
2026-01-05 12:43:29,333 - INFO - Downloading 225220 (제놀루션)...
2026-01-05 12:43:29,375 - INFO - Success 192410
2026-01-05 12:43:29,375 - INFO - Downloading 017000 (신원종합개발)...
2026-01-05 12:43:29,406 - INFO - Success 225220
2026-01-05 12:43:29,406 - INFO - Downloading 139670 (키네마스터)...
2026-01-05 12:43:29,459 - INFO - Success 017000
2026-01-05 12:43:29,459 - INFO - Downloading 138070 (신진에스엠)...
2026-01-05 12:43:29,480 - INFO - Success 139670
2026-01-05 12:43:29,480 - INFO - Downloading 070300 (엑스큐어)...
2026-01-05 12:43:29,544 - INFO - Success 138070
2026-01-05 12:43:29,545 - INFO - Downloading 236810 (엔비티)...
2026-01-05 12:43:29,556 - INFO - Success 070300
2026-01-05 12:43:29,556 - INFO - Downloading 019660 (글로본)...
2026-01-05 12:43:29,610 - INFO - Success 236810
2026-01-05 12:43:29,610 - INFO - Downloading 013810 (스페코)...
2026-01-05 12:43:29,636 - INFO - Success 019660
2026-01-05 12:43:29,636 - INFO - Downloading 022220 (티케이지애강)...
2026-01-05 12:43:29,697 - INFO - Success 013810
2026-01-05 12:43:29,697 - INFO - Downloading 196490 (디에이테크놀로지)...
2026-01-05 12:43:29,713 - INFO - Success 022220
2026-01-05 12:43:29,713 - INFO - Downloading 290270 (휴네시온)...
2026-01-05 12:43:29,774 - INFO - Success 196490
2026-01-05 12:43:29,774 - INFO - Downloading 006920 (모헨즈)...
2026-01-05 12:43:29,781 - INFO - Success 290270
2026-01-05 12:43:29,782 - INFO - Downloading 023790 (동일스틸럭스)...
2026-01-05 12:43:29,855 - INFO - Success 006920
2026-01-05 12:43:29,855 - INFO - Downloading 001840 (이화공영)...
2026-01-05 12:43:29,856 - INFO - Success 023790
2026-01-05 12:43:29,856 - INFO - Downloading 284620 (카이노스메드)...
2026-01-05 12:43:29,925 - INFO - Success 284620
2026-01-05 12:43:29,926 - INFO - Downloading 080520 (오디텍)...
2026-01-05 12:43:29,934 - INFO - Success 001840
2026-01-05 12:43:29,934 - INFO - Downloading 317240 (TS트릴리온)...
2026-01-05 12:43:29,998 - INFO - Success 317240
2026-01-05 12:43:29,998 - INFO - Downloading 115160 (휴맥스)...
2026-01-05 12:43:30,008 - INFO - Success 080520
2026-01-05 12:43:30,008 - INFO - Downloading 068940 (셀피글로벌)...
2026-01-05 12:43:30,077 - INFO - Success 115160
2026-01-05 12:43:30,078 - INFO - Downloading 291230 (엔피)...
2026-01-05 12:43:30,086 - INFO - Success 068940
2026-01-05 12:43:30,086 - INFO - Downloading 043100 (알파AI)...
2026-01-05 12:43:30,142 - INFO - Success 291230
2026-01-05 12:43:30,142 - INFO - Downloading 012620 (원일특강)...
2026-01-05 12:43:30,164 - INFO - Success 043100
2026-01-05 12:43:30,164 - INFO - Downloading 018680 (서울제약)...
2026-01-05 12:43:30,222 - INFO - Success 012620
2026-01-05 12:43:30,223 - INFO - Downloading 222980 (한국맥널티)...
2026-01-05 12:43:30,243 - INFO - Success 018680
2026-01-05 12:43:30,243 - INFO - Downloading 081580 (성우전자)...
2026-01-05 12:43:30,300 - INFO - Success 222980
2026-01-05 12:43:30,300 - INFO - Downloading 049120 (파인디앤씨)...
2026-01-05 12:43:30,321 - INFO - Success 081580
2026-01-05 12:43:30,321 - INFO - Downloading 131220 (대한과학)...
2026-01-05 12:43:30,377 - INFO - Success 049120
2026-01-05 12:43:30,377 - INFO - Downloading 035200 (프럼파스트)...
2026-01-05 12:43:30,392 - INFO - Success 131220
2026-01-05 12:43:30,392 - INFO - Downloading 085810 (알티캐스트)...
2026-01-05 12:43:30,461 - INFO - Success 035200
2026-01-05 12:43:30,461 - INFO - Downloading 367000 (플래티어)...
2026-01-05 12:43:30,471 - INFO - Success 085810
2026-01-05 12:43:30,471 - INFO - Downloading 377220 (프롬바이오)...
2026-01-05 12:43:30,516 - INFO - Success 367000
2026-01-05 12:43:30,516 - INFO - Downloading 169330 (엠브레인)...
2026-01-05 12:43:30,526 - INFO - Success 377220
2026-01-05 12:43:30,526 - INFO - Downloading 086060 (진바이오텍)...
2026-01-05 12:43:30,576 - INFO - Success 169330
2026-01-05 12:43:30,576 - INFO - Downloading 153490 (우리이앤엘)...
2026-01-05 12:43:30,605 - INFO - Success 086060
2026-01-05 12:43:30,605 - INFO - Downloading 032750 (삼진)...
2026-01-05 12:43:30,660 - INFO - Success 153490
2026-01-05 12:43:30,660 - INFO - Downloading 109670 (씨싸이트)...
2026-01-05 12:43:30,681 - INFO - Success 032750
2026-01-05 12:43:30,681 - INFO - Downloading 457600 (벡트)...
2026-01-05 12:43:30,711 - INFO - Success 109670
2026-01-05 12:43:30,711 - INFO - Downloading 376980 (원티드랩)...
2026-01-05 12:43:30,722 - INFO - Success 457600
2026-01-05 12:43:30,722 - INFO - Downloading 069920 (엑시온그룹)...
2026-01-05 12:43:30,769 - INFO - Success 376980
2026-01-05 12:43:30,769 - INFO - Downloading 179530 (애드바이오텍)...
2026-01-05 12:43:30,797 - INFO - Success 069920
2026-01-05 12:43:30,797 - INFO - Downloading 089230 (THE E&M)...
2026-01-05 12:43:30,843 - INFO - Success 179530
2026-01-05 12:43:30,844 - INFO - Downloading 317120 (라닉스)...
2026-01-05 12:43:30,879 - INFO - Success 089230
2026-01-05 12:43:30,879 - INFO - Downloading 191410 (육일씨엔에쓰)...
2026-01-05 12:43:30,913 - INFO - Success 317120
2026-01-05 12:43:30,913 - INFO - Downloading 016670 (디모아)...
2026-01-05 12:43:30,951 - INFO - Success 191410
2026-01-05 12:43:30,951 - INFO - Downloading 115480 (씨유메디칼)...
2026-01-05 12:43:30,995 - INFO - Success 016670
2026-01-05 12:43:30,995 - INFO - Downloading 279600 (미디어젠)...
2026-01-05 12:43:31,038 - INFO - Success 115480
2026-01-05 12:43:31,042 - INFO - Downloading 050110 (캠시스)...
2026-01-05 12:43:31,100 - INFO - Success 279600
2026-01-05 12:43:31,101 - INFO - Downloading 252500 (세화피앤씨)...
2026-01-05 12:43:31,118 - INFO - Success 050110
2026-01-05 12:43:31,118 - INFO - Downloading 059100 (아이컴포넌트)...
2026-01-05 12:43:31,178 - INFO - Success 252500
2026-01-05 12:43:31,178 - INFO - Downloading 288980 (모아데이타)...
2026-01-05 12:43:31,199 - INFO - Success 059100
2026-01-05 12:43:31,199 - INFO - Downloading 008470 (부스타)...
2026-01-05 12:43:31,233 - INFO - Success 288980
2026-01-05 12:43:31,233 - INFO - Downloading 417180 (핑거스토리)...
2026-01-05 12:43:31,277 - INFO - Success 008470
2026-01-05 12:43:31,277 - INFO - Downloading 398120 (에스지헬스케어)...
2026-01-05 12:43:31,292 - INFO - Success 417180
2026-01-05 12:43:31,292 - INFO - Downloading 001810 (무림SP)...
2026-01-05 12:43:31,325 - INFO - Success 398120
2026-01-05 12:43:31,325 - INFO - Downloading 043200 (파루)...
2026-01-05 12:43:31,374 - INFO - Success 001810
2026-01-05 12:43:31,374 - INFO - Downloading 196700 (웹스)...
2026-01-05 12:43:31,402 - INFO - Success 043200
2026-01-05 12:43:31,402 - INFO - Downloading 089140 (넥스턴앤롤코리아)...
2026-01-05 12:43:31,448 - INFO - Success 196700
2026-01-05 12:43:31,448 - INFO - Downloading 032680 (소프트센)...
2026-01-05 12:43:31,482 - INFO - Success 089140
2026-01-05 12:43:31,482 - INFO - Downloading 131760 (파인텍)...
2026-01-05 12:43:31,530 - INFO - Success 032680
2026-01-05 12:43:31,530 - INFO - Downloading 076610 (해성옵틱스)...
2026-01-05 12:43:31,553 - INFO - Success 131760
2026-01-05 12:43:31,553 - INFO - Downloading 383930 (디티앤씨알오)...
2026-01-05 12:43:31,616 - INFO - Success 383930
2026-01-05 12:43:31,616 - INFO - Downloading 088290 (이원컴포텍)...
2026-01-05 12:43:31,617 - INFO - Success 076610
2026-01-05 12:43:31,617 - INFO - Downloading 079170 (한창산업)...
2026-01-05 12:43:31,705 - INFO - Success 088290
2026-01-05 12:43:31,705 - INFO - Success 079170
2026-01-05 12:43:31,705 - INFO - Downloading 038950 (파인디지털)...
2026-01-05 12:43:31,706 - INFO - Downloading 045300 (성우테크론)...
2026-01-05 12:43:31,792 - INFO - Success 038950
2026-01-05 12:43:31,792 - INFO - Downloading 377330 (이지트로닉스)...
2026-01-05 12:43:31,793 - INFO - Success 045300
2026-01-05 12:43:31,793 - INFO - Downloading 083660 (CSA 코스믹)...
2026-01-05 12:43:31,854 - INFO - Success 377330
2026-01-05 12:43:31,854 - INFO - Downloading 187270 (신화콘텍)...
2026-01-05 12:43:31,871 - INFO - Success 083660
2026-01-05 12:43:31,871 - INFO - Downloading 197140 (디지캡)...
2026-01-05 12:43:31,936 - INFO - Success 187270
2026-01-05 12:43:31,936 - INFO - Downloading 018700 (바른손)...
2026-01-05 12:43:31,958 - INFO - Success 197140
2026-01-05 12:43:31,958 - INFO - Downloading 405920 (나라셀라)...
2026-01-05 12:43:32,010 - INFO - Success 405920
2026-01-05 12:43:32,010 - INFO - Downloading 276040 (스코넥)...
2026-01-05 12:43:32,020 - INFO - Success 018700
2026-01-05 12:43:32,020 - INFO - Downloading 333050 (모코엠시스)...
2026-01-05 12:43:32,066 - INFO - Success 276040
2026-01-05 12:43:32,066 - INFO - Downloading 115610 (이미지스)...
2026-01-05 12:43:32,093 - INFO - Success 333050
2026-01-05 12:43:32,093 - INFO - Downloading 900110 (이스트아시아홀딩스)...
2026-01-05 12:43:32,149 - INFO - Success 115610
2026-01-05 12:43:32,149 - INFO - Downloading 147760 (피엠티)...
2026-01-05 12:43:32,171 - INFO - Success 900110
2026-01-05 12:43:32,171 - INFO - Downloading 051380 (피씨디렉트)...
2026-01-05 12:43:32,233 - INFO - Success 147760
2026-01-05 12:43:32,233 - INFO - Downloading 362990 (드림인사이트)...
2026-01-05 12:43:32,253 - INFO - Success 051380
2026-01-05 12:43:32,253 - INFO - Downloading 034940 (조아제약)...
2026-01-05 12:43:32,280 - INFO - Success 362990
2026-01-05 12:43:32,280 - INFO - Downloading 189860 (서전기전)...
2026-01-05 12:43:32,334 - INFO - Success 034940
2026-01-05 12:43:32,334 - INFO - Downloading 148930 (에이치와이티씨)...
2026-01-05 12:43:32,356 - INFO - Success 189860
2026-01-05 12:43:32,356 - INFO - Downloading 290560 (신시웨이)...
2026-01-05 12:43:32,388 - INFO - Success 148930
2026-01-05 12:43:32,388 - INFO - Downloading 058110 (멕아이씨에스)...
2026-01-05 12:43:32,404 - INFO - Success 290560
2026-01-05 12:43:32,404 - INFO - Downloading 219550 (디와이디)...
2026-01-05 12:43:32,463 - INFO - Success 058110
2026-01-05 12:43:32,464 - INFO - Downloading 090150 (아이윈)...
2026-01-05 12:43:32,475 - INFO - Success 219550
2026-01-05 12:43:32,475 - INFO - Downloading 131090 (시큐브)...
2026-01-05 12:43:32,552 - INFO - Success 090150
2026-01-05 12:43:32,552 - INFO - Downloading 208710 (포톤)...
2026-01-05 12:43:32,554 - INFO - Success 131090
2026-01-05 12:43:32,554 - INFO - Downloading 148250 (알엔투테크놀로지)...
2026-01-05 12:43:32,650 - INFO - Success 208710
2026-01-05 12:43:32,650 - INFO - Downloading 373110 (엑셀세라퓨틱스)...
2026-01-05 12:43:32,651 - INFO - Success 148250
2026-01-05 12:43:32,651 - INFO - Downloading 038060 (루멘스)...
2026-01-05 12:43:32,700 - INFO - Success 373110
2026-01-05 12:43:32,700 - INFO - Downloading 068100 (케이웨더)...
2026-01-05 12:43:32,728 - INFO - Success 038060
2026-01-05 12:43:32,729 - INFO - Downloading 432980 (엠에프씨)...
2026-01-05 12:43:32,747 - INFO - Success 068100
2026-01-05 12:43:32,747 - INFO - Downloading 214610 (롤링스톤)...
2026-01-05 12:43:32,771 - INFO - Success 432980
2026-01-05 12:43:32,771 - INFO - Downloading 246250 (에스엘에스바이오)...
2026-01-05 12:43:32,816 - INFO - Success 214610
2026-01-05 12:43:32,816 - INFO - Downloading 451700 (엔에이치스팩29호)...
2026-01-05 12:43:32,847 - INFO - Success 246250
2026-01-05 12:43:32,847 - INFO - Downloading 053290 (NE능률)...
2026-01-05 12:43:32,862 - INFO - Success 451700
2026-01-05 12:43:32,863 - INFO - Downloading 103230 (에스앤더블류)...
2026-01-05 12:43:32,924 - INFO - Success 053290
2026-01-05 12:43:32,924 - INFO - Downloading 215380 (우정바이오)...
2026-01-05 12:43:32,937 - INFO - Success 103230
2026-01-05 12:43:32,937 - INFO - Downloading 291650 (압타머사이언스)...
2026-01-05 12:43:33,005 - INFO - Success 291650
2026-01-05 12:43:33,005 - INFO - Downloading 290520 (신도기연)...
2026-01-05 12:43:33,008 - INFO - Success 215380
2026-01-05 12:43:33,008 - INFO - Downloading 031510 (오스템)...
2026-01-05 12:43:33,069 - INFO - Success 290520
2026-01-05 12:43:33,069 - INFO - Downloading 060380 (동양에스텍)...
2026-01-05 12:43:33,087 - INFO - Success 031510
2026-01-05 12:43:33,087 - INFO - Downloading 067010 (이씨에스)...
2026-01-05 12:43:33,148 - INFO - Success 060380
2026-01-05 12:43:33,148 - INFO - Downloading 051780 (큐로홀딩스)...
2026-01-05 12:43:33,173 - INFO - Success 067010
2026-01-05 12:43:33,173 - INFO - Downloading 227610 (아우딘퓨쳐스)...
2026-01-05 12:43:33,226 - INFO - Success 051780
2026-01-05 12:43:33,226 - INFO - Downloading 331520 (밸로프)...
2026-01-05 12:43:33,241 - INFO - Success 227610
2026-01-05 12:43:33,241 - INFO - Downloading 276730 (한울앤제주)...
2026-01-05 12:43:33,290 - INFO - Success 331520
2026-01-05 12:43:33,290 - INFO - Downloading 348030 (모비릭스)...
2026-01-05 12:43:33,295 - INFO - Success 276730
2026-01-05 12:43:33,295 - INFO - Downloading 088280 (쏘닉스)...
2026-01-05 12:43:33,352 - INFO - Success 088280
2026-01-05 12:43:33,352 - INFO - Downloading 131180 (딜리)...
2026-01-05 12:43:33,354 - INFO - Success 348030
2026-01-05 12:43:33,354 - INFO - Downloading 210120 (캔버스엔)...
2026-01-05 12:43:33,431 - INFO - Success 210120
2026-01-05 12:43:33,431 - INFO - Downloading 047080 (한빛소프트)...
2026-01-05 12:43:33,434 - INFO - Success 131180
2026-01-05 12:43:33,434 - INFO - Downloading 080470 (성창오토텍)...
2026-01-05 12:43:33,516 - INFO - Success 080470
2026-01-05 12:43:33,516 - INFO - Downloading 296640 (이노룰스)...
2026-01-05 12:43:33,577 - INFO - Success 296640
2026-01-05 12:43:33,577 - INFO - Downloading 226340 (본느)...
2026-01-05 12:43:33,578 - INFO - Success 047080
2026-01-05 12:43:33,578 - INFO - Downloading 070590 (한솔인티큐브)...
2026-01-05 12:43:33,654 - INFO - Success 226340
2026-01-05 12:43:33,654 - INFO - Downloading 291810 (핀텔)...
2026-01-05 12:43:33,655 - INFO - Success 070590
2026-01-05 12:43:33,655 - INFO - Downloading 045510 (정원엔시스)...
2026-01-05 12:43:33,716 - INFO - Success 291810
2026-01-05 12:43:33,716 - INFO - Downloading 079650 (서산)...
2026-01-05 12:43:33,732 - INFO - Success 045510
2026-01-05 12:43:33,732 - INFO - Downloading 035460 (기산텔레콤)...
2026-01-05 12:43:33,805 - INFO - Success 079650
2026-01-05 12:43:33,805 - INFO - Downloading 267790 (배럴)...
2026-01-05 12:43:33,870 - INFO - Success 035460
2026-01-05 12:43:33,870 - INFO - Downloading 312610 (에이에프더블류)...
2026-01-05 12:43:33,882 - INFO - Success 267790
2026-01-05 12:43:33,882 - INFO - Downloading 372800 (아이티아이즈)...
2026-01-05 12:43:33,937 - INFO - Success 312610
2026-01-05 12:43:33,937 - INFO - Downloading 036480 (대성미생물)...
2026-01-05 12:43:33,943 - INFO - Success 372800
2026-01-05 12:43:33,943 - INFO - Downloading 048470 (대동스틸)...
2026-01-05 12:43:34,018 - INFO - Success 036480
2026-01-05 12:43:34,018 - INFO - Downloading 021040 (대호특수강)...
2026-01-05 12:43:34,025 - INFO - Success 048470
2026-01-05 12:43:34,025 - INFO - Downloading 328380 (솔트웨어)...
2026-01-05 12:43:34,102 - INFO - Success 328380
2026-01-05 12:43:34,102 - INFO - Downloading 016920 (카스)...
2026-01-05 12:43:34,103 - INFO - Success 021040
2026-01-05 12:43:34,103 - INFO - Downloading 032080 (아즈텍WB)...
2026-01-05 12:43:34,187 - INFO - Success 016920
2026-01-05 12:43:34,187 - INFO - Downloading 038530 (케이바이오)...
2026-01-05 12:43:34,188 - INFO - Success 032080
2026-01-05 12:43:34,188 - INFO - Downloading 007770 (한일화학)...
2026-01-05 12:43:34,269 - INFO - Success 007770
2026-01-05 12:43:34,269 - INFO - Downloading 240600 (유진테크놀로지)...
2026-01-05 12:43:34,270 - INFO - Success 038530
2026-01-05 12:43:34,270 - INFO - Downloading 285800 (진영)...
2026-01-05 12:43:34,320 - INFO - Success 240600
2026-01-05 12:43:34,320 - INFO - Downloading 187220 (디티앤씨)...
2026-01-05 12:43:34,321 - INFO - Success 285800
2026-01-05 12:43:34,321 - INFO - Downloading 106080 (케이이엠텍)...
2026-01-05 12:43:34,406 - INFO - Success 106080
2026-01-05 12:43:34,406 - INFO - Downloading 318010 (팜스빌)...
2026-01-05 12:43:34,407 - INFO - Success 187220
2026-01-05 12:43:34,407 - INFO - Downloading 304840 (피플바이오)...
2026-01-05 12:43:34,488 - INFO - Success 318010
2026-01-05 12:43:34,488 - INFO - Downloading 091340 (S&K폴리텍)...
2026-01-05 12:43:34,491 - INFO - Success 304840
2026-01-05 12:43:34,491 - INFO - Downloading 335870 (윙스풋)...
2026-01-05 12:43:34,560 - INFO - Success 335870
2026-01-05 12:43:34,561 - INFO - Downloading 023770 (플레이위드)...
2026-01-05 12:43:34,576 - INFO - Success 091340
2026-01-05 12:43:34,576 - INFO - Downloading 193250 (링크드)...
2026-01-05 12:43:34,642 - INFO - Success 023770
2026-01-05 12:43:34,642 - INFO - Downloading 043220 (티에스넥스젠)...
2026-01-05 12:43:34,652 - INFO - Success 193250
2026-01-05 12:43:34,653 - INFO - Downloading 009620 (삼보산업)...
2026-01-05 12:43:34,726 - INFO - Success 043220
2026-01-05 12:43:34,727 - INFO - Downloading 353190 (휴럼)...
2026-01-05 12:43:34,732 - INFO - Success 009620
2026-01-05 12:43:34,732 - INFO - Downloading 258830 (세종메디칼)...
2026-01-05 12:43:34,794 - INFO - Success 353190
2026-01-05 12:43:34,794 - INFO - Downloading 900100 (애머릿지)...
2026-01-05 12:43:34,798 - INFO - Success 258830
2026-01-05 12:43:34,798 - INFO - Downloading 035620 (바른손이앤에이)...
2026-01-05 12:43:34,879 - INFO - Success 900100
2026-01-05 12:43:34,879 - INFO - Downloading 217620 (선샤인푸드)...
2026-01-05 12:43:34,881 - INFO - Success 035620
2026-01-05 12:43:34,881 - INFO - Downloading 229000 (젠큐릭스)...
2026-01-05 12:43:34,962 - INFO - Success 229000
2026-01-05 12:43:34,963 - INFO - Downloading 093380 (풍강)...
2026-01-05 12:43:34,964 - INFO - Success 217620
2026-01-05 12:43:34,964 - INFO - Downloading 065650 (하이퍼코퍼레이션)...
2026-01-05 12:43:35,050 - INFO - Success 093380
2026-01-05 12:43:35,050 - INFO - Downloading 012340 (뉴인텍)...
2026-01-05 12:43:35,051 - INFO - Success 065650
2026-01-05 12:43:35,051 - INFO - Downloading 464680 (KB제27호스팩)...
2026-01-05 12:43:35,103 - INFO - Success 464680
2026-01-05 12:43:35,103 - INFO - Downloading 033050 (제이엠아이)...
2026-01-05 12:43:35,128 - INFO - Success 012340
2026-01-05 12:43:35,128 - INFO - Downloading 137940 (넥스트아이)...
2026-01-05 12:43:35,181 - INFO - Success 033050
2026-01-05 12:43:35,181 - INFO - Downloading 415380 (스튜디오삼익)...
2026-01-05 12:43:35,209 - INFO - Success 137940
2026-01-05 12:43:35,209 - INFO - Downloading 303030 (지니틱스)...
2026-01-05 12:43:35,229 - INFO - Success 415380
2026-01-05 12:43:35,229 - INFO - Downloading 037400 (우리엔터프라이즈)...
2026-01-05 12:43:35,279 - INFO - Success 303030
2026-01-05 12:43:35,279 - INFO - Downloading 363250 (진시스템)...
2026-01-05 12:43:35,305 - INFO - Success 037400
2026-01-05 12:43:35,305 - INFO - Downloading 067730 (로지시스)...
2026-01-05 12:43:35,336 - INFO - Success 363250
2026-01-05 12:43:35,337 - INFO - Downloading 310870 (디와이씨)...
2026-01-05 12:43:35,381 - INFO - Success 067730
2026-01-05 12:43:35,381 - INFO - Downloading 115570 (스타플렉스)...
2026-01-05 12:43:35,403 - INFO - Success 310870
2026-01-05 12:43:35,403 - INFO - Downloading 095910 (에스에너지)...
2026-01-05 12:43:35,460 - INFO - Success 115570
2026-01-05 12:43:35,460 - INFO - Downloading 347770 (핌스)...
2026-01-05 12:43:35,481 - INFO - Success 095910
2026-01-05 12:43:35,482 - INFO - Downloading 113810 (디젠스)...
2026-01-05 12:43:35,520 - INFO - Success 347770
2026-01-05 12:43:35,520 - INFO - Downloading 478780 (대신밸런스제18호스팩)...
2026-01-05 12:43:35,556 - INFO - Success 113810
2026-01-05 12:43:35,556 - INFO - Downloading 076080 (웰크론한텍)...
2026-01-05 12:43:35,571 - INFO - Success 478780
2026-01-05 12:43:35,571 - INFO - Downloading 094860 (네오리진)...
2026-01-05 12:43:35,641 - INFO - Success 076080
2026-01-05 12:43:35,641 - INFO - Downloading 289010 (아이스크림에듀)...
2026-01-05 12:43:35,648 - INFO - Success 094860
2026-01-05 12:43:35,649 - INFO - Downloading 106240 (파인테크닉스)...
2026-01-05 12:43:35,703 - INFO - Success 289010
2026-01-05 12:43:35,703 - INFO - Downloading 208350 (지란지교시큐리티)...
2026-01-05 12:43:35,730 - INFO - Success 106240
2026-01-05 12:43:35,730 - INFO - Downloading 237750 (피앤씨테크)...
2026-01-05 12:43:35,774 - INFO - Success 208350
2026-01-05 12:43:35,774 - INFO - Downloading 238200 (비피도)...
2026-01-05 12:43:35,802 - INFO - Success 237750
2026-01-05 12:43:35,802 - INFO - Downloading 198940 (한주라이트메탈)...
2026-01-05 12:43:35,848 - INFO - Success 238200
2026-01-05 12:43:35,848 - INFO - Downloading 419540 (비스토스)...
2026-01-05 12:43:35,858 - INFO - Success 198940
2026-01-05 12:43:35,859 - INFO - Downloading 352940 (인바이오)...
2026-01-05 12:43:35,904 - INFO - Success 419540
2026-01-05 12:43:35,904 - INFO - Downloading 039310 (세중)...
2026-01-05 12:43:35,918 - INFO - Success 352940
2026-01-05 12:43:35,918 - INFO - Downloading 154030 (아시아종묘)...
2026-01-05 12:43:35,983 - INFO - Success 039310
2026-01-05 12:43:35,983 - INFO - Downloading 177350 (베셀)...
2026-01-05 12:43:35,992 - INFO - Success 154030
2026-01-05 12:43:35,992 - INFO - Downloading 215790 (이노인스트루먼트)...
2026-01-05 12:43:36,062 - INFO - Success 177350
2026-01-05 12:43:36,062 - INFO - Downloading 044480 (빌리언스)...
2026-01-05 12:43:36,071 - INFO - Success 215790
2026-01-05 12:43:36,071 - INFO - Downloading 139050 (BF랩스)...
2026-01-05 12:43:36,155 - INFO - Success 139050
2026-01-05 12:43:36,155 - INFO - Downloading 044780 (에이치케이)...
2026-01-05 12:43:36,156 - INFO - Success 044480
2026-01-05 12:43:36,156 - INFO - Downloading 039740 (한국정보공학)...
2026-01-05 12:43:36,250 - INFO - Success 044780
2026-01-05 12:43:36,250 - INFO - Downloading 018620 (우진비앤지)...
2026-01-05 12:43:36,251 - INFO - Success 039740
2026-01-05 12:43:36,252 - INFO - Downloading 192390 (윈하이텍)...
2026-01-05 12:43:36,334 - INFO - Success 192390
2026-01-05 12:43:36,334 - INFO - Downloading 204630 (스튜디오산타클로스)...
2026-01-05 12:43:36,335 - INFO - Success 018620
2026-01-05 12:43:36,335 - INFO - Downloading 199730 (바이오인프라)...
2026-01-05 12:43:36,386 - INFO - Success 199730
2026-01-05 12:43:36,386 - INFO - Downloading 054220 (비츠로시스)...
2026-01-05 12:43:36,408 - INFO - Success 204630
2026-01-05 12:43:36,409 - INFO - Downloading 053060 (세동)...
2026-01-05 12:43:36,462 - INFO - Success 054220
2026-01-05 12:43:36,463 - INFO - Downloading 025870 (신라에스지)...
2026-01-05 12:43:36,507 - INFO - Success 053060
2026-01-05 12:43:36,507 - INFO - Downloading 405000 (플라즈맵)...
2026-01-05 12:43:36,552 - INFO - Success 025870
2026-01-05 12:43:36,552 - INFO - Downloading 065150 (대산F&B)...
2026-01-05 12:43:36,558 - INFO - Success 405000
2026-01-05 12:43:36,558 - INFO - Downloading 002680 (한탑)...
2026-01-05 12:43:36,640 - INFO - Success 065150
2026-01-05 12:43:36,640 - INFO - Downloading 331920 (셀레믹스)...
2026-01-05 12:43:36,641 - INFO - Success 002680
2026-01-05 12:43:36,641 - INFO - Downloading 101000 (KS인더스트리)...
2026-01-05 12:43:36,695 - INFO - Success 331920
2026-01-05 12:43:36,695 - INFO - Downloading 110020 (전진바이오팜)...
2026-01-05 12:43:36,716 - INFO - Success 101000
2026-01-05 12:43:36,716 - INFO - Downloading 060230 (제이케이시냅스)...
2026-01-05 12:43:36,762 - INFO - Success 110020
2026-01-05 12:43:36,762 - INFO - Downloading 063760 (이엘피)...
2026-01-05 12:43:36,793 - INFO - Success 060230
2026-01-05 12:43:36,794 - INFO - Downloading 091970 (나노캠텍)...
2026-01-05 12:43:36,845 - INFO - Success 063760
2026-01-05 12:43:36,845 - INFO - Downloading 900070 (글로벌에스엠)...
2026-01-05 12:43:36,873 - INFO - Success 091970
2026-01-05 12:43:36,873 - INFO - Downloading 115530 (씨엔플러스)...
2026-01-05 12:43:36,922 - INFO - Success 900070
2026-01-05 12:43:36,922 - INFO - Downloading 073540 (에프알텍)...
2026-01-05 12:43:36,951 - INFO - Success 115530
2026-01-05 12:43:36,951 - INFO - Downloading 032800 (판타지오)...
2026-01-05 12:43:37,009 - INFO - Success 073540
2026-01-05 12:43:37,009 - INFO - Downloading 121890 (에스디시스템)...
2026-01-05 12:43:37,036 - INFO - Success 032800
2026-01-05 12:43:37,036 - INFO - Downloading 355690 (에이텀)...
2026-01-05 12:43:37,091 - INFO - Success 355690
2026-01-05 12:43:37,091 - INFO - Downloading 344860 (이노진)...
2026-01-05 12:43:37,092 - INFO - Success 121890
2026-01-05 12:43:37,092 - INFO - Downloading 050760 (에스폴리텍)...
2026-01-05 12:43:37,165 - INFO - Success 344860
2026-01-05 12:43:37,165 - INFO - Downloading 032280 (삼일)...
2026-01-05 12:43:37,176 - INFO - Success 050760
2026-01-05 12:43:37,176 - INFO - Downloading 225590 (패션플랫폼)...
2026-01-05 12:43:37,244 - INFO - Success 032280
2026-01-05 12:43:37,244 - INFO - Downloading 045520 (크린앤사이언스)...
2026-01-05 12:43:37,251 - INFO - Success 225590
2026-01-05 12:43:37,251 - INFO - Downloading 098660 (에스티오)...
2026-01-05 12:43:37,329 - INFO - Success 045520
2026-01-05 12:43:37,329 - INFO - Downloading 054940 (엑사이엔씨)...
2026-01-05 12:43:37,330 - INFO - Success 098660
2026-01-05 12:43:37,330 - INFO - Downloading 429270 (시지트로닉스)...
2026-01-05 12:43:37,386 - INFO - Success 429270
2026-01-05 12:43:37,386 - INFO - Downloading 247660 (나노씨엠에스)...
2026-01-05 12:43:37,414 - INFO - Success 054940
2026-01-05 12:43:37,414 - INFO - Downloading 389680 (유디엠텍)...
2026-01-05 12:43:37,451 - INFO - Success 247660
2026-01-05 12:43:37,451 - INFO - Downloading 130740 (티피씨글로벌)...
2026-01-05 12:43:37,461 - INFO - Success 389680
2026-01-05 12:43:37,461 - INFO - Downloading 014100 (메디앙스)...
2026-01-05 12:43:37,539 - INFO - Success 130740
2026-01-05 12:43:37,539 - INFO - Downloading 080720 (한국유니온제약)...
2026-01-05 12:43:37,540 - INFO - Success 014100
2026-01-05 12:43:37,540 - INFO - Downloading 418620 (E8)...
2026-01-05 12:43:37,591 - INFO - Success 418620
2026-01-05 12:43:37,591 - INFO - Downloading 368600 (아이씨에이치)...
2026-01-05 12:43:37,614 - INFO - Success 080720
2026-01-05 12:43:37,614 - INFO - Downloading 230980 (비유테크놀러지)...
2026-01-05 12:43:37,660 - INFO - Success 368600
2026-01-05 12:43:37,660 - INFO - Downloading 054410 (케이피티유)...
2026-01-05 12:43:37,688 - INFO - Success 230980
2026-01-05 12:43:37,688 - INFO - Downloading 154040 (다산솔루에타)...
2026-01-05 12:43:37,744 - INFO - Success 054410
2026-01-05 12:43:37,744 - INFO - Downloading 043360 (디지아이)...
2026-01-05 12:43:37,770 - INFO - Success 154040
2026-01-05 12:43:37,770 - INFO - Downloading 017250 (인터엠)...
2026-01-05 12:43:37,828 - INFO - Success 043360
2026-01-05 12:43:37,828 - INFO - Downloading 101400 (엔시트론)...
2026-01-05 12:43:37,852 - INFO - Success 017250
2026-01-05 12:43:37,852 - INFO - Downloading 424760 (벨로크)...
2026-01-05 12:43:37,911 - INFO - Success 424760
2026-01-05 12:43:37,912 - INFO - Downloading 028080 (휴맥스홀딩스)...
2026-01-05 12:43:37,913 - INFO - Success 101400
2026-01-05 12:43:37,913 - INFO - Downloading 096870 (엘디티)...
2026-01-05 12:43:37,999 - INFO - Success 096870
2026-01-05 12:43:37,999 - INFO - Downloading 365900 (브이씨)...
2026-01-05 12:43:38,001 - INFO - Success 028080
2026-01-05 12:43:38,001 - INFO - Downloading 054090 (삼진엘앤디)...
2026-01-05 12:43:38,060 - INFO - Success 365900
2026-01-05 12:43:38,060 - INFO - Downloading 361670 (삼영에스앤씨)...
2026-01-05 12:43:38,085 - INFO - Success 054090
2026-01-05 12:43:38,085 - INFO - Downloading 083640 (인콘)...
2026-01-05 12:43:38,127 - INFO - Success 361670
2026-01-05 12:43:38,127 - INFO - Downloading 134060 (이퓨쳐)...
2026-01-05 12:43:38,161 - INFO - Success 083640
2026-01-05 12:43:38,161 - INFO - Downloading 084440 (유비온)...
2026-01-05 12:43:38,210 - INFO - Success 134060
2026-01-05 12:43:38,210 - INFO - Downloading 466910 (엔에이치스팩30호)...
2026-01-05 12:43:38,238 - INFO - Success 084440
2026-01-05 12:43:38,238 - INFO - Downloading 067770 (세진티에스)...
2026-01-05 12:43:38,261 - INFO - Success 466910
2026-01-05 12:43:38,261 - INFO - Downloading 101680 (한국정밀기계)...
2026-01-05 12:43:38,317 - INFO - Success 067770
2026-01-05 12:43:38,317 - INFO - Downloading 065060 (지엔코)...
2026-01-05 12:43:38,331 - INFO - Success 101680
2026-01-05 12:43:38,331 - INFO - Downloading 073190 (듀오백)...
2026-01-05 12:43:38,399 - INFO - Success 065060
2026-01-05 12:43:38,399 - INFO - Downloading 019570 (플루토스)...
2026-01-05 12:43:38,412 - INFO - Success 073190
2026-01-05 12:43:38,412 - INFO - Downloading 079190 (케스피온)...
2026-01-05 12:43:38,477 - INFO - Success 019570
2026-01-05 12:43:38,477 - INFO - Downloading 060480 (국일신동)...
2026-01-05 12:43:38,487 - INFO - Success 079190
2026-01-05 12:43:38,487 - INFO - Downloading 412350 (레이저쎌)...
2026-01-05 12:43:38,543 - INFO - Success 412350
2026-01-05 12:43:38,543 - INFO - Downloading 368970 (오에스피)...
2026-01-05 12:43:38,553 - INFO - Success 060480
2026-01-05 12:43:38,553 - INFO - Downloading 008290 (원풍물산)...
2026-01-05 12:43:38,597 - INFO - Success 368970
2026-01-05 12:43:38,597 - INFO - Downloading 032980 (바이온)...
2026-01-05 12:43:38,626 - INFO - Success 008290
2026-01-05 12:43:38,626 - INFO - Downloading 020400 (대동금속)...
2026-01-05 12:43:38,673 - INFO - Success 032980
2026-01-05 12:43:38,673 - INFO - Downloading 215480 (토박스코리아)...
2026-01-05 12:43:38,704 - INFO - Success 020400
2026-01-05 12:43:38,704 - INFO - Downloading 065420 (에스아이리소스)...
2026-01-05 12:43:38,751 - INFO - Success 215480
2026-01-05 12:43:38,751 - INFO - Downloading 048830 (엔피케이)...
2026-01-05 12:43:38,782 - INFO - Success 065420
2026-01-05 12:43:38,782 - INFO - Downloading 050090 (비케이홀딩스)...
2026-01-05 12:43:38,828 - INFO - Success 048830
2026-01-05 12:43:38,828 - INFO - Downloading 026910 (광진실업)...
2026-01-05 12:43:38,862 - INFO - Success 050090
2026-01-05 12:43:38,862 - INFO - Downloading 083470 (이엠앤아이)...
2026-01-05 12:43:38,918 - INFO - Success 026910
2026-01-05 12:43:38,918 - INFO - Downloading 065690 (파커스)...
2026-01-05 12:43:38,938 - INFO - Success 083470
2026-01-05 12:43:38,938 - INFO - Downloading 477380 (미래에셋비전스팩4호)...
2026-01-05 12:43:38,981 - INFO - Success 477380
2026-01-05 12:43:38,981 - INFO - Downloading 275630 (에스에스알)...
2026-01-05 12:43:38,992 - INFO - Success 065690
2026-01-05 12:43:38,992 - INFO - Downloading 241820 (피씨엘)...
2026-01-05 12:43:39,055 - INFO - Success 275630
2026-01-05 12:43:39,055 - INFO - Downloading 123750 (알톤)...
2026-01-05 12:43:39,062 - INFO - Success 241820
2026-01-05 12:43:39,063 - INFO - Downloading 482680 (미래에셋비전스팩7호)...
2026-01-05 12:43:39,119 - INFO - Success 482680
2026-01-05 12:43:39,119 - INFO - Downloading 900120 (씨엑스아이)...
2026-01-05 12:43:39,129 - INFO - Success 123750
2026-01-05 12:43:39,129 - INFO - Downloading 043590 (웰킵스하이텍)...
2026-01-05 12:43:39,218 - INFO - Success 900120
2026-01-05 12:43:39,219 - INFO - Downloading 224060 (더코디)...
2026-01-05 12:43:39,223 - INFO - Success 043590
2026-01-05 12:43:39,224 - INFO - Downloading 250930 (예선테크)...
2026-01-05 12:43:39,305 - INFO - Success 224060
2026-01-05 12:43:39,305 - INFO - Downloading 044180 (KD)...
2026-01-05 12:43:39,306 - INFO - Success 250930
2026-01-05 12:43:39,306 - INFO - Downloading 035290 (골드앤에스)...
2026-01-05 12:43:39,388 - INFO - Success 044180
2026-01-05 12:43:39,389 - INFO - Success 035290
2026-01-05 12:43:39,389 - INFO - Downloading 106520 (노블엠앤비)...
2026-01-05 12:43:39,389 - INFO - Downloading 060260 (뉴보텍)...
2026-01-05 12:43:39,474 - INFO - Success 060260
2026-01-05 12:43:39,474 - INFO - Success 106520
2026-01-05 12:43:39,474 - INFO - Downloading 448830 (미래에셋비전스팩3호)...
2026-01-05 12:43:39,474 - INFO - Downloading 0072Z0 (KB제33호스팩)...
2026-01-05 12:43:39,530 - INFO - Success 448830
2026-01-05 12:43:39,530 - INFO - Downloading 069330 (유아이디)...
2026-01-05 12:43:39,607 - INFO - Success 069330
2026-01-05 12:43:39,607 - INFO - Downloading 0101C0 (하나36호스팩)...
2026-01-05 12:43:39,804 - ERROR - Error downloading 0072Z0: 404 Client Error: Not Found for url: https://query2.finance.yahoo.com/v8/finance/chart/0072Z0?period1=-32400&period2=1735570800&interval=1d&includeAdjustedClose=true
2026-01-05 12:43:39,805 - INFO - Downloading 457630 (대신밸런스제16호스팩)...
2026-01-05 12:43:39,860 - INFO - Success 457630
2026-01-05 12:43:39,860 - INFO - Downloading 065770 (CS)...
2026-01-05 12:43:39,952 - INFO - Success 065770
2026-01-05 12:43:39,952 - INFO - Downloading 477340 (에이치엠씨제7호스팩)...
2026-01-05 12:43:39,986 - ERROR - Error downloading 0101C0: 404 Client Error: Not Found for url: https://query2.finance.yahoo.com/v8/finance/chart/0101C0?period1=-32400&period2=1735570800&interval=1d&includeAdjustedClose=true
2026-01-05 12:43:39,987 - INFO - Downloading 469880 (하나30호스팩)...
2026-01-05 12:43:39,998 - INFO - Success 477340
2026-01-05 12:43:39,998 - INFO - Downloading 0044K0 (삼성스팩10호)...
2026-01-05 12:43:40,039 - INFO - Success 469880
2026-01-05 12:43:40,039 - INFO - Downloading 225430 (케이엠제약)...
2026-01-05 12:43:40,115 - INFO - Success 225430
2026-01-05 12:43:40,116 - INFO - Downloading 313760 (캐리)...
2026-01-05 12:43:40,180 - INFO - Success 313760
2026-01-05 12:43:40,180 - INFO - Downloading 227100 (프로브잇)...
2026-01-05 12:43:40,246 - INFO - Success 227100
2026-01-05 12:43:40,246 - INFO - Downloading 065170 (비엘팜텍)...
2026-01-05 12:43:40,323 - INFO - Success 065170
2026-01-05 12:43:40,323 - INFO - Downloading 473050 (유안타제15호스팩)...
2026-01-05 12:43:40,342 - ERROR - Error downloading 0044K0: 404 Client Error: Not Found for url: https://query2.finance.yahoo.com/v8/finance/chart/0044K0?period1=-32400&period2=1735570800&interval=1d&includeAdjustedClose=true
2026-01-05 12:43:40,343 - INFO - Downloading 478440 (미래에셋비전스팩6호)...
2026-01-05 12:43:40,374 - INFO - Success 473050
2026-01-05 12:43:40,374 - INFO - Downloading 188260 (세니젠)...
2026-01-05 12:43:40,388 - INFO - Success 478440
2026-01-05 12:43:40,388 - INFO - Downloading 479880 (한국제15호스팩)...
2026-01-05 12:43:40,424 - INFO - Success 188260
2026-01-05 12:43:40,424 - INFO - Downloading 092600 (앤씨앤)...
2026-01-05 12:43:40,431 - INFO - Success 479880
2026-01-05 12:43:40,431 - INFO - Downloading 0099W0 (미래에셋비전스팩11호)...
2026-01-05 12:43:40,507 - INFO - Success 092600
2026-01-05 12:43:40,507 - INFO - Downloading 352770 (셀레스트라)...
2026-01-05 12:43:40,566 - INFO - Success 352770
2026-01-05 12:43:40,566 - INFO - Downloading 489480 (키움제11호스팩)...
2026-01-05 12:43:40,613 - INFO - Success 489480
2026-01-05 12:43:40,613 - INFO - Downloading 030350 (드래곤플라이)...
2026-01-05 12:43:40,694 - INFO - Success 030350
2026-01-05 12:43:40,694 - INFO - Downloading 481890 (엔에이치스팩31호)...
2026-01-05 12:43:40,742 - INFO - Success 481890
2026-01-05 12:43:40,742 - INFO - Downloading 244460 (올리패스)...
2026-01-05 12:43:40,770 - ERROR - Error downloading 0099W0: 404 Client Error: Not Found for url: https://query2.finance.yahoo.com/v8/finance/chart/0099W0?period1=-32400&period2=1735570800&interval=1d&includeAdjustedClose=true
2026-01-05 12:43:40,771 - INFO - Downloading 027040 (서울전자통신)...
2026-01-05 12:43:40,809 - INFO - Success 244460
2026-01-05 12:43:40,809 - INFO - Downloading 0096B0 (삼성스팩12호)...
2026-01-05 12:43:40,850 - INFO - Success 027040
2026-01-05 12:43:40,851 - INFO - Downloading 471050 (대신밸런스제17호스팩)...
2026-01-05 12:43:40,896 - INFO - Success 471050
2026-01-05 12:43:40,896 - INFO - Downloading 121850 (코이즈)...
2026-01-05 12:43:40,987 - INFO - Success 121850
2026-01-05 12:43:40,987 - INFO - Downloading 489730 (디비금융제13호스팩)...
2026-01-05 12:43:41,034 - INFO - Success 489730
2026-01-05 12:43:41,034 - INFO - Downloading 478390 (KB제29호스팩)...
2026-01-05 12:43:41,087 - INFO - Success 478390
2026-01-05 12:43:41,087 - INFO - Downloading 0097F0 (미래에셋비전스팩10호)...
2026-01-05 12:43:41,142 - ERROR - Error downloading 0096B0: 404 Client Error: Not Found for url: https://query2.finance.yahoo.com/v8/finance/chart/0096B0?period1=-32400&period2=1735570800&interval=1d&includeAdjustedClose=true
2026-01-05 12:43:41,143 - INFO - Downloading 031860 (디에이치엑스컴퍼니)...
2026-01-05 12:43:41,224 - INFO - Success 031860
2026-01-05 12:43:41,224 - INFO - Downloading 482520 (교보16호스팩)...
2026-01-05 12:43:41,274 - INFO - Success 482520
2026-01-05 12:43:41,274 - INFO - Downloading 0093G0 (미래에셋비전스팩8호)...
2026-01-05 12:43:41,446 - ERROR - Error downloading 0097F0: 404 Client Error: Not Found for url: https://query2.finance.yahoo.com/v8/finance/chart/0097F0?period1=-32400&period2=1735570800&interval=1d&includeAdjustedClose=true
2026-01-05 12:43:41,446 - INFO - Downloading 054180 (메디콕스)...
2026-01-05 12:43:41,535 - INFO - Success 054180
2026-01-05 12:43:41,535 - INFO - Downloading 0037T0 (KB제32호스팩)...
2026-01-05 12:43:41,604 - ERROR - Error downloading 0093G0: 404 Client Error: Not Found for url: https://query2.finance.yahoo.com/v8/finance/chart/0093G0?period1=-32400&period2=1735570800&interval=1d&includeAdjustedClose=true
2026-01-05 12:43:41,605 - INFO - Downloading 492220 (KB제31호스팩)...
2026-01-05 12:43:41,654 - INFO - Success 492220
2026-01-05 12:43:41,654 - INFO - Downloading 477760 (DB금융스팩12호)...
2026-01-05 12:43:41,722 - INFO - Success 477760
2026-01-05 12:43:41,722 - INFO - Downloading 0054V0 (엔에이치스팩32호)...
2026-01-05 12:43:41,879 - ERROR - Error downloading 0037T0: 404 Client Error: Not Found for url: https://query2.finance.yahoo.com/v8/finance/chart/0037T0?period1=-32400&period2=1735570800&interval=1d&includeAdjustedClose=true
2026-01-05 12:43:41,880 - INFO - Downloading 065570 (삼영이엔씨)...
2026-01-05 12:43:41,959 - INFO - Success 065570
2026-01-05 12:43:41,959 - INFO - Downloading 0091W0 (신영스팩11호)...
2026-01-05 12:43:42,011 - ERROR - Error downloading 0054V0: 404 Client Error: Not Found for url: https://query2.finance.yahoo.com/v8/finance/chart/0054V0?period1=-32400&period2=1735570800&interval=1d&includeAdjustedClose=true
2026-01-05 12:43:42,012 - INFO - Downloading 0099X0 (IBKS제25호스팩)...
2026-01-05 12:43:42,251 - ERROR - Error downloading 0091W0: 404 Client Error: Not Found for url: https://query2.finance.yahoo.com/v8/finance/chart/0091W0?period1=-32400&period2=1735570800&interval=1d&includeAdjustedClose=true
2026-01-05 12:43:42,251 - INFO - Downloading 482690 (대신밸런스제19호스팩)...
2026-01-05 12:43:42,311 - ERROR - Error downloading 0099X0: 404 Client Error: Not Found for url: https://query2.finance.yahoo.com/v8/finance/chart/0099X0?period1=-32400&period2=1735570800&interval=1d&includeAdjustedClose=true
2026-01-05 12:43:42,312 - INFO - Downloading 0041L0 (하나35호스팩)...
2026-01-05 12:43:42,315 - INFO - Success 482690
2026-01-05 12:43:42,315 - INFO - Downloading 058450 (한주에이알티)...
2026-01-05 12:43:42,392 - INFO - Success 058450
2026-01-05 12:43:42,392 - INFO - Downloading 03481K (해성산업1우)...
2026-01-05 12:43:42,453 - INFO - Success 03481K
2026-01-05 12:43:42,454 - INFO - Downloading 477470 (미래에셋비전스팩5호)...
2026-01-05 12:43:42,502 - INFO - Success 477470
2026-01-05 12:43:42,502 - INFO - Downloading 079950 (인베니아)...
2026-01-05 12:43:42,590 - INFO - Success 079950
2026-01-05 12:43:42,590 - INFO - Downloading 474660 (신한제12호스팩)...
2026-01-05 12:43:42,601 - ERROR - Error downloading 0041L0: 404 Client Error: Not Found for url: https://query2.finance.yahoo.com/v8/finance/chart/0041L0?period1=-32400&period2=1735570800&interval=1d&includeAdjustedClose=true
2026-01-05 12:43:42,601 - INFO - Downloading 469900 (하나31호스팩)...
2026-01-05 12:43:42,638 - INFO - Success 474660
2026-01-05 12:43:42,638 - INFO - Downloading 0088D0 (메리츠제1호스팩)...
2026-01-05 12:43:42,651 - INFO - Success 469900
2026-01-05 12:43:42,651 - INFO - Downloading 0071M0 (삼성스팩11호)...
2026-01-05 12:43:42,935 - ERROR - Error downloading 0071M0: 404 Client Error: Not Found for url: https://query2.finance.yahoo.com/v8/finance/chart/0071M0?period1=-32400&period2=1735570800&interval=1d&includeAdjustedClose=true
2026-01-05 12:43:42,936 - INFO - Downloading 487360 (신한제14호스팩)...
2026-01-05 12:43:42,982 - INFO - Success 487360
2026-01-05 12:43:42,983 - INFO - Downloading 060240 (스타코링크)...
2026-01-05 12:43:42,984 - ERROR - Error downloading 0088D0: 404 Client Error: Not Found for url: https://query2.finance.yahoo.com/v8/finance/chart/0088D0?period1=-32400&period2=1735570800&interval=1d&includeAdjustedClose=true
2026-01-05 12:43:42,985 - INFO - Downloading 496070 (신한제16호스팩)...
2026-01-05 12:43:43,028 - WARNING - Empty data for 496070
2026-01-05 12:43:43,029 - INFO - Downloading 454640 (하나29호스팩)...
2026-01-05 12:43:43,086 - INFO - Success 060240
2026-01-05 12:43:43,087 - INFO - Downloading 0105P0 (유진스팩12호)...
2026-01-05 12:43:43,089 - INFO - Success 454640
2026-01-05 12:43:43,089 - INFO - Downloading 473370 (비엔케이제2호스팩)...
2026-01-05 12:43:43,137 - INFO - Success 473370
2026-01-05 12:43:43,137 - INFO - Downloading 474490 (유안타제16호스팩)...
2026-01-05 12:43:43,188 - INFO - Success 474490
2026-01-05 12:43:43,188 - INFO - Downloading 489210 (교보17호스팩)...
2026-01-05 12:43:43,229 - INFO - Success 489210
2026-01-05 12:43:43,230 - INFO - Downloading 0096D0 (미래에셋비전스팩9호)...
2026-01-05 12:43:43,424 - ERROR - Error downloading 0105P0: 404 Client Error: Not Found for url: https://query2.finance.yahoo.com/v8/finance/chart/0105P0?period1=-32400&period2=1735570800&interval=1d&includeAdjustedClose=true
2026-01-05 12:43:43,425 - INFO - Downloading 444920 (유안타제11호스팩)...
2026-01-05 12:43:43,483 - INFO - Success 444920
2026-01-05 12:43:43,483 - INFO - Downloading 0098T0 (교보19호스팩)...
2026-01-05 12:43:43,563 - ERROR - Error downloading 0096D0: 404 Client Error: Not Found for url: https://query2.finance.yahoo.com/v8/finance/chart/0096D0?period1=-32400&period2=1735570800&interval=1d&includeAdjustedClose=true
2026-01-05 12:43:43,566 - INFO - Downloading 486630 (KB제30호스팩)...
2026-01-05 12:43:43,617 - INFO - Success 486630
2026-01-05 12:43:43,617 - INFO - Downloading 452670 (상상인제4호스팩)...
2026-01-05 12:43:43,665 - INFO - Success 452670
2026-01-05 12:43:43,665 - INFO - Downloading 0004Y0 (디비금융제14호스팩)...
2026-01-05 12:43:43,820 - ERROR - Error downloading 0098T0: 404 Client Error: Not Found for url: https://query2.finance.yahoo.com/v8/finance/chart/0098T0?period1=-32400&period2=1735570800&interval=1d&includeAdjustedClose=true
2026-01-05 12:43:43,821 - INFO - Downloading 493790 (유안타제17호스팩)...
2026-01-05 12:43:43,877 - WARNING - Empty data for 493790
2026-01-05 12:43:43,878 - INFO - Downloading 450050 (하이제8호스팩)...
2026-01-05 12:43:43,929 - INFO - Success 450050
2026-01-05 12:43:43,929 - INFO - Downloading 455310 (한화플러스제4호스팩)...
2026-01-05 12:43:43,954 - ERROR - Error downloading 0004Y0: 404 Client Error: Not Found for url: https://query2.finance.yahoo.com/v8/finance/chart/0004Y0?period1=-32400&period2=1735570800&interval=1d&includeAdjustedClose=true
2026-01-05 12:43:43,954 - INFO - Downloading 455910 (에스케이증권제9호스팩)...
2026-01-05 12:43:43,987 - INFO - Success 455310
2026-01-05 12:43:43,987 - INFO - Downloading 0041B0 (교보18호스팩)...
2026-01-05 12:43:44,006 - INFO - Success 455910
2026-01-05 12:43:44,006 - INFO - Downloading 472220 (신영스팩10호)...
2026-01-05 12:43:44,056 - INFO - Success 472220
2026-01-05 12:43:44,056 - INFO - Downloading 466690 (키움히어로제1호스팩)...
2026-01-05 12:43:44,110 - WARNING - Empty data for 466690
2026-01-05 12:43:44,110 - INFO - Downloading 446150 (유안타제12호스팩)...
2026-01-05 12:43:44,160 - INFO - Success 446150
2026-01-05 12:43:44,160 - INFO - Downloading 052770 (아이톡시)...
2026-01-05 12:43:44,251 - INFO - Success 052770
2026-01-05 12:43:44,251 - INFO - Downloading 478110 (이베스트스팩6호)...
2026-01-05 12:43:44,297 - INFO - Success 478110
2026-01-05 12:43:44,297 - INFO - Downloading 498390 (한화플러스제5호스팩)...
2026-01-05 12:43:44,330 - ERROR - Error downloading 0041B0: 404 Client Error: Not Found for url: https://query2.finance.yahoo.com/v8/finance/chart/0041B0?period1=-32400&period2=1735570800&interval=1d&includeAdjustedClose=true
2026-01-05 12:43:44,331 - INFO - Downloading 488060 (유진스팩11호)...
2026-01-05 12:43:44,340 - WARNING - Empty data for 498390
2026-01-05 12:43:44,340 - INFO - Downloading 450940 (유안타제14호스팩)...
2026-01-05 12:43:44,392 - INFO - Success 488060
2026-01-05 12:43:44,392 - INFO - Downloading 467930 (IBKS제23호스팩)...
2026-01-05 12:43:44,394 - INFO - Success 450940
2026-01-05 12:43:44,394 - INFO - Downloading 469480 (IBKS제24호스팩)...
2026-01-05 12:43:44,449 - INFO - Success 469480
2026-01-05 12:43:44,449 - INFO - Downloading 484130 (하나34호스팩)...
2026-01-05 12:43:44,451 - INFO - Success 467930
2026-01-05 12:43:44,451 - INFO - Downloading 464440 (한국제13호스팩)...
2026-01-05 12:43:44,491 - INFO - Success 484130
2026-01-05 12:43:44,491 - INFO - Downloading 455250 (KB제25호스팩)...
2026-01-05 12:43:44,495 - INFO - Success 464440
2026-01-05 12:43:44,495 - INFO - Downloading 462020 (에이치엠씨제6호스팩)...
2026-01-05 12:43:44,542 - INFO - Success 455250
2026-01-05 12:43:44,542 - INFO - Downloading 487830 (신한제15호스팩)...
2026-01-05 12:43:44,551 - INFO - Success 462020
2026-01-05 12:43:44,551 - INFO - Downloading 473950 (에스케이증권제13호스팩)...
2026-01-05 12:43:44,591 - INFO - Success 487830
2026-01-05 12:43:44,591 - INFO - Downloading 468760 (유진스팩10호)...
2026-01-05 12:43:44,598 - INFO - Success 473950
2026-01-05 12:43:44,598 - INFO - Downloading 465320 (교보15호스팩)...
2026-01-05 12:43:44,638 - INFO - Success 468760
2026-01-05 12:43:44,638 - INFO - Downloading 458610 (한국제12호스팩)...
2026-01-05 12:43:44,661 - INFO - Success 465320
2026-01-05 12:43:44,661 - INFO - Downloading 456490 (교보14호스팩)...
2026-01-05 12:43:44,693 - INFO - Success 458610
2026-01-05 12:43:44,693 - INFO - Downloading 487720 (키움제10호스팩)...
2026-01-05 12:43:44,712 - INFO - Success 456490
2026-01-05 12:43:44,712 - INFO - Downloading 0068Y0 (비엔케이제3호스팩)...
2026-01-05 12:43:44,737 - INFO - Success 487720
2026-01-05 12:43:44,737 - INFO - Downloading 472230 (에스케이증권제11호스팩)...
2026-01-05 12:43:44,785 - INFO - Success 472230
2026-01-05 12:43:44,785 - INFO - Downloading 0041J0 (엘에스스팩1호)...
2026-01-05 12:43:45,051 - ERROR - Error downloading 0068Y0: 404 Client Error: Not Found for url: https://query2.finance.yahoo.com/v8/finance/chart/0068Y0?period1=-32400&period2=1735570800&interval=1d&includeAdjustedClose=true
2026-01-05 12:43:45,051 - INFO - Downloading 475250 (하나33호스팩)...
2026-01-05 12:43:45,084 - ERROR - Error downloading 0041J0: 404 Client Error: Not Found for url: https://query2.finance.yahoo.com/v8/finance/chart/0041J0?period1=-32400&period2=1735570800&interval=1d&includeAdjustedClose=true
2026-01-05 12:43:45,085 - INFO - Downloading 474930 (신한제13호스팩)...
2026-01-05 12:43:45,116 - INFO - Success 475250
2026-01-05 12:43:45,116 - INFO - Downloading 079970 (투비소프트)...
2026-01-05 12:43:45,131 - INFO - Success 474930
2026-01-05 12:43:45,131 - INFO - Downloading 457940 (에스케이증권제10호스팩)...
2026-01-05 12:43:45,196 - INFO - Success 457940
2026-01-05 12:43:45,196 - INFO - Downloading 473000 (에스케이증권제12호스팩)...
2026-01-05 12:43:45,202 - INFO - Success 079970
2026-01-05 12:43:45,202 - INFO - Downloading 475240 (하나32호스팩)...
2026-01-05 12:43:45,258 - INFO - Success 473000
2026-01-05 12:43:45,258 - INFO - Downloading 174880 (장원테크)...
2026-01-05 12:43:45,259 - INFO - Success 475240
2026-01-05 12:43:45,259 - INFO - Downloading 101390 (아이엠)...
2026-01-05 12:43:45,327 - INFO - Success 174880
2026-01-05 12:43:45,327 - INFO - Downloading 043090 (더테크놀로지)...
2026-01-05 12:43:45,337 - INFO - Success 101390
2026-01-05 12:43:45,337 - INFO - Downloading 111870 (KH 미래물산)...
2026-01-05 12:43:45,411 - INFO - Success 043090
2026-01-05 12:43:45,411 - INFO - Downloading 226360 (KH 건설)...
2026-01-05 12:43:45,423 - INFO - Success 111870
2026-01-05 12:43:45,423 - INFO - Downloading 032685 (소프트센우)...
2026-01-05 12:43:45,489 - INFO - Success 226360
2026-01-05 12:43:45,489 - INFO - Downloading 021045 (대호특수강우)...
2026-01-05 12:43:45,499 - INFO - Success 032685
2026-01-05 12:43:45,571 - INFO - Success 021045
